0.28752819826930137,0.054089673386059335,10.540460750608464,0.009970644741953931,0.009274841994280627,513.3546497378628,15635.78732278787,5.038034760468602,21.863956225219525,0.30918616118540315,0.39364886501440516,0.29575972806778694,2.2270225274597593,0.5774589991394029,0.8343894591794068,0.5034749839375406,1.038020945031173,0.8495937283661652,0.0007407865876307575,0.006713136073233222,0.00019322379424467132,0.06171151228108229,0.029763893185127305,0.6329886912762928,8.062098294317303e-05,0.9753777267788173,7.601114851691684,4.1407196936023345,134.94301805669832,0.5656667680877735,0.7914117406134903,22.03631837607505,33.07470741475203
0.285798809038018,0.053161412167150875,10.521663802000964,0.009980716334611233,0.009264374130420338,512.7297127162117,15682.151744206836,5.059893401119337,21.820102867606405,0.3103534178648453,0.39315810948941926,0.2946814630155167,2.237432566787001,0.5748697934666708,0.8357432957931975,0.5048307413656332,1.0404359556471958,0.8568520205412258,0.0007456680145584903,0.006758207879374267,0.0001935080559236211,0.06169795825240699,0.02984844567089264,0.634347627299502,8.52287180098285e-05,0.9744809425779245,7.634298320201603,4.135060393219473,134.27924036938808,0.5562971545374097,0.7923696640283001,22.182201742845926,32.922063514003746
0.28645838523283046,0.053490975244258804,10.577336917524688,0.010048052808573743,0.009271767136302043,509.7239677816837,15651.665328825637,4.974628887514378,21.835189990303842,0.3096699468907034,0.38725883246141446,0.29735756725070367,2.2452675903882247,0.5738091884455104,0.8362307835539692,0.5041096005451533,1.035281754874628,0.8623249065962834,0.0007469966516159035,0.006801967377290351,0.00019309330445643606,0.062303481137682144,0.029899703482484163,0.643444847115036,8.336473913066447e-06,0.9782111236653163,7.7119297440423455,4.101353515163826,133.71111558325404,0.5533862360362254,0.7913963089090174,22.107148522397637,32.97771789232751
0.2850586436120755,0.05389751712971089,10.603006560294236,0.010037433170234648,0.009181788637192288,508.27836252674575,15491.14477717679,4.990348136040571,21.80461735319244,0.3073305225867161,0.3895239092581705,0.29782906018811733,2.241888018424143,0.5697559071277457,0.8345491819517977,0.5050827930678196,1.0327805742108545,0.863705867891756,0.0007419538886086791,0.006739963552484364,0.00019405902293885547,0.062496251901067314,0.029909252839514563,0.6491265188727906,3.166930396421347e-06,0.9742362872159539,7.669341625037614,4.105069619660673,131.95729269804076,0.5516221093447966,0.7944426935180964,22.12027189470783,32.78386161673285
0.28619107160786883,0.053212884925352845,10.587639538589334,0.01005702570617219,0.009209257427925395,509.86094506468635,15460.413519255017,5.092394513196229,21.921713424195236,0.30982147677551514,0.39053914491265873,0.29845298617751914,2.2478936178030873,0.5647109636590265,0.8311355821077199,0.5031611005016686,1.0342237711321505,0.8682310100896783,0.0007423477137248385,0.006773592462182345,0.00019204691855267793,0.06268946471131147,0.029947897157169244,0.6448453377686814,2.143378079038429e-05,0.9807176007451842,7.733001433266021,4.0698004267816295,130.5543465062662,0.5511075967546835,0.795760206970766,22.217488851373357,32.90201662596484
0.28776386772119983,0.05271052664763728,10.472664444088622,0.009976116011386425,0.009132645577347016,508.29473656540864,15560.470561232127,5.119639194103074,21.939920383957496,0.3135811295511365,0.3924444805734053,0.2989309041356211,2.2451020812631266,0.5606154335456845,0.8411316298089142,0.505878856827821,1.0346039187609901,0.8643437270920206,0.0007396913520998572,0.006812615740464222,0.00019250088151152715,0.06299585912254992,0.0299373096109328,0.6417998479983392,7.276749257700485e-05,0.97953184994856,7.75181211126216,4.041207457617316,131.27780595353983,0.5478457788588328,0.79987738944946,22.269933248559376,32.88703202044019
0.2896680016535423,0.053092156623352156,10.47676914264762,0.010037170963685733,0.00917597407773918,502.8729385689332,15534.986665630773,5.110640171793343,21.891542779237803,0.31099969558621915,0.39310996983551744,0.30240689683510286,2.2370771128338545,0.5662481130665658,0.8365726213069901,0.5107575922423196,1.0245084702355292,0.8683127099559687,0.0007345148938714118,0.006761805118927015,0.00019127449906496867,0.06285652127879009,0.029981407173420637,0.648568005408762,0.00010513236444751491,0.9729945877692358,7.65399080365308,4.0571148627823765,129.43605499356525,0.5449211516927996,0.8033119108108323,22.308802119210355,33.02192339252831
0.2903925608457371,0.05354170680600877,10.439946186445257,0.010016052796620252,0.009195307042614106,502.6027987766767,15592.801943438693,5.0873249625190775,21.884070070284373,0.3119376254810628,0.3942544053565279,0.3050379133800947,2.2264258772920567,0.5651348398565148,0.8342727782450156,0.5076694418622781,1.0157159772234876,0.8651852754081748,0.0007357913694847216,0.006772466510059044,0.00019034428509587053,0.06295425135003718,0.02989922077917502,0.6493427535415347,1.67628460031734e-05,0.9737138787565722,7.676698580172602,4.066727797610337,130.51985654405053,0.544784185838812,0.8033428859122482,22.32301378090028,32.84722813939837
0.2922030653101873,0.05323444145567985,10.273384384335904,0.010064368875902962,0.009206662816270222,500.4711644812809,15728.546089769532,5.086642817370727,21.930334422763085,0.31079912799810133,0.3925552313821435,0.3060460921546093,2.234095231598589,0.5668623058632499,0.8363890956308438,0.5055421446865771,1.0148663868176662,0.8677742084466609,0.0007355465443118413,0.006717124722113894,0.00019306259291305354,0.06258009057258124,0.029941641787056706,0.6578910766736319,4.309542797946379e-05,0.9719142182328381,7.708478067635863,4.05440771233721,129.2034119048244,0.5448395332926145,0.803995802131976,22.30900524348463,32.77200907696462
0.295503406253705,0.052623774621419164,10.314908612290374,0.010161455277992873,0.009150851894932404,500.01393386045567,15751.207159937636,5.122507921037608,21.936688443169874,0.3115908649720225,0.39206448688909146,0.3043968740680329,2.227361115285722,0.5721150752908322,0.8364229514500607,0.5034109045782708,1.0222408804846566,0.8630784553367178,0.0007312310682255253,0.006695210723810016,0.00019144659068922646,0.06244593731784483,0.030189056530400885,0.6581364917086648,0.00011555429358652943,0.9675098802344968,7.696670810149652,4.055249931221092,127.20435699775011,0.5454534188322085,0.8141579142655637,22.345627329282674,33.08434668963751
0.2937283043952127,0.052560704411400996,10.41199025039514,0.010161664608060637,0.00909578777546037,499.8024626341502,15800.835018605738,5.128397481186137,22.00370511598843,0.31278271463201623,0.3861221571179786,0.30360077991104156,2.234094910264412,0.5748429348854538,0.8368625422044712,0.49942625528141804,1.019066482184461,0.8639651406545303,0.0007276938117569416,0.006672414425082418,0.00019121683181190507,0.06308050259286443,0.030166870470721537,0.6548314970354434,4.180025839897974e-06,0.9626230261392374,7.691413597084687,4.080522139183678,127.24908619139731,0.5472316591674322,0.8156670214758887,22.40107488927397,33.09784689862408
0.2946528773399489,0.05302764895400096,10.431020486255953,0.010183198193677506,0.0090776133080885,499.4445470174209,16093.993954050835,5.124538076790419,22.072897866376984,0.3136680789747448,0.3857492984942358,0.30151917007262863,2.2100207612045146,0.5742991485786604,0.8353838279901209,0.4964751526865763,1.011011572960509,0.8631323576558878,0.0007279640045341424,0.006680395145567225,0.00019316588088330626,0.06304774679523333,0.030011674566685024,0.6549149481680144,6.057659304279602e-05,0.9586423274602618,7.747465357033147,4.075385137193786,127.84953813649938,0.5519564786865873,0.8194725265669375,22.485044683685995,33.12221903178953
0.2933145049682965,0.05240324603175959,10.409190370808169,0.01015141778487802,0.009075762773015358,493.69849388870057,16230.341755523672,5.160925240670632,22.04462302965251,0.31371473190284094,0.38273375269139276,0.3008778320829508,2.2127041812934825,0.5761788956660775,0.8328468137050484,0.4997776719084345,1.0122550270703192,0.858119268388267,0.0007316290396585922,0.006671964901495931,0.00019264045952208678,0.06271652746146625,0.030091239526186885,0.657286565267885,2.218757725135835e-05,0.9577892289984726,7.710417312402229,4.08876017785496,127.6268218545123,0.5549708965030976,0.8171852469052585,22.35921926609736,33.10811386919554
0.2919755355641336,0.052582379958159696,10.421391236095124,0.01016966526180874,0.009042216206083083,493.58767181055555,16337.089727205024,5.111688665466682,22.006665101731326,0.31798789709678105,0.38043966945046126,0.3002167866074047,2.190491274230001,0.5801646267927175,0.8324383949100775,0.5022835088004287,1.0182835124199374,0.8567559874977406,0.0007294454475975229,0.006675874777965865,0.00019192417327349348,0.06288406057657714,0.030200384859801952,0.6680870493641397,4.3563006035723424e-05,0.9559691213184118,7.665520215796756,4.1023382706347435,126.97563419189208,0.5519217313933019,0.8218969937918527,22.438889680313,33.17378537487796
0.29475268890789924,0.052584281324448125,10.349795778943058,0.01023333963392277,0.009014740725770624,498.4509300212427,16330.774031416111,5.125979629868262,22.2039659581231,0.3184777653377077,0.3802135738589278,0.30014287718091526,2.2055780986236404,0.578365641506229,0.8330318975204477,0.49997883502284896,1.015613878119172,0.858120260008477,0.0007324913265919169,0.00666494021760619,0.0001930084938925717,0.06276783835485915,0.02994133223317669,0.6643267183318476,2.2819068318584025e-05,0.9545352391409692,7.680100747879483,4.1327011168694785,127.42668306800905,0.5455873248596481,0.8175854309602008,22.35535876036533,33.122347469612706
0.2971015164947223,0.051215595295649355,10.330419309956346,0.010230151687132143,0.00901930368285214,497.1063862954981,16314.213695846593,5.137908990233108,22.271752457810877,0.3151602925133192,0.37910077882592313,0.30254588148321776,2.201673066473446,0.5773619725997774,0.8318510993701377,0.4985492272736821,1.0165802513768525,0.8569197847849909,0.0007332448529015748,0.006678510190422514,0.00019130048435201126,0.06242747733088565,0.03004792333583806,0.6616425590053863,5.213798693091836e-05,0.9602628383755896,7.656062248207064,4.107968997191845,127.69644713414407,0.546477447643058,0.8176967164840258,22.456774121439153,33.39694973133876
0.2973907115477677,0.05068195001580449,10.315821537332026,0.010207793771612595,0.009086063369711512,496.3938540191328,16259.404689343486,5.101570911554026,22.31049994258214,0.31136602591523377,0.3800619920109399,0.3014834494004229,2.197090370564014,0.5822496364937567,0.8282622652202012,0.49771534093980824,1.0163559506071145,0.858513334125927,0.0007327196386548607,0.006694960148475006,0.00019044801040077203,0.06231232142668704,0.03004207827485148,0.6618526013913353,2.638284811474218e-05,0.9663746147568409,7.65104528215112,4.1325120049223845,128.06631314133523,0.5502495750985078,0.8211299092476295,22.41877397869337,33.33081947188687
0.2979491725145105,0.04998602364540856,10.384228750140887,0.010190841429905203,0.008997730218268243,498.36983971728074,16279.459715989937,5.153460721132325,22.325025611879752,0.3133441389984986,0.380302141812523,0.30699001310605695,2.1937655206981375,0.5833967632201675,0.8319557795906152,0.49814984652716976,1.0154233943094995,0.858416439595163,0.000729411932625474,0.006720045544054047,0.00019041472322341523,0.06249495725878929,0.030008059031299824,0.6689329806317528,0.00017938961663063467,0.9650948937838926,7.636890469553226,4.146690321133557,128.20847178650743,0.5560027024638036,0.8203927880820261,22.426809688961086,33.48415201371091
0.30021517101630635,0.05032201962903286,10.336031726497776,0.010115610510018006,0.008986031675428817,498.8159776615824,16268.936538160455,5.154932681029186,22.4120693231261,0.315274404237688,0.380970573049223,0.3060468812309511,2.197198510730616,0.5802128892388515,0.8343512680923231,0.4985665738645383,1.0114647607451288,0.8618051577570432,0.0007304450051076122,0.006744202802388248,0.00019058078511929473,0.062370456316223115,0.030152112002054896,0.67093144632435,4.890305134532032e-05,0.9539291568456839,7.679847723076421,4.158061382099119,128.08034921108094,0.5535031623510943,0.8246163130491457,22.492578398262516,33.74030036815763
0.2965230948867781,0.050106276186726605,10.367012379873833,0.010159794488468656,0.009032600930397905,498.49070580357727,16318.972974517,5.1660032591340395,22.625946383263646,0.31376913556811326,0.37588825924652564,0.3076002102752533,2.190283681179084,0.5841574319420874,0.8362450914448845,0.49761277597905906,1.0094396764760007,0.860040171040303,0.0007352552324661773,0.006722526802257435,0.00019235661814633054,0.06280698267343833,0.03030844397277805,0.6728417512981143,6.769372630168751e-05,0.9560549022068532,7.709407858367168,4.118708233615363,128.75750936264367,0.5574220914464565,0.8267979625043947,22.465950963246545,33.91042030976964
0.29489710932012664,0.049308518128487196,10.324006330766753,0.010199985569276955,0.009116998448410792,498.25002818890005,16321.511742396155,5.175153937750416,22.621334387797663,0.31659842544489747,0.373545495576699,0.30949366076060897,2.1764590965864175,0.5831978721831078,0.8373544006889939,0.5032166851539345,1.0059781232264982,0.8540606915466107,0.0007333799442849708,0.006729153715974101,0.0001933540547916515,0.06264204514881823,0.030500199531561474,0.6788557896550875,0.00015245315085841852,0.9636571731357695,7.711652258763045,4.095155773143383,128.670096251975,0.5609863495325801,0.8260880451163428,22.479772000539782,33.623357865948016
0.29406433289538736,0.04953934759730376,10.224186227674704,0.010185142507092385,0.00908033350373331,498.03384313949334,16302.518007010955,5.195481743950724,22.674774306675754,0.3186198968895887,0.37620539515785,0.3091265637531017,2.187114750545887,0.5821834939325065,0.8404086030970457,0.5002607494400905,1.0139529540142862,0.8618396565685449,0.0007305323867354679,0.006722973240635784,0.00019540402811953257,0.06315048624902754,0.030462036540500597,0.6799696958373133,4.0919649614276494e-05,0.9558045343931911,7.638266410273862,4.094632856003392,127.74837848154687,0.5600763656457669,0.8314662899697455,22.453396596655832,33.71132539771919
0.2950872124581698,0.04911901500151614,10.261004990413896,0.010143251820475045,0.009088592403368928,498.9997608772505,16358.043479133976,5.180601917089861,22.525053434550045,0.31867778815920195,0.37548312940905043,0.3069778821145468,2.177778798370571,0.5865479046339308,0.8389950916946352,0.5042819776606604,1.0109011967152797,0.8634222567757218,0.000733695761905882,0.006743694269885764,0.0001948427638887006,0.06334216486807591,0.030304222565706588,0.676912711735854,7.402598707158741e-05,0.9581989694420958,7.652701587739116,4.110841890119653,127.49844460794317,0.5591729540295824,0.8340766092519837,22.444037659726213,33.538041343045144
0.29532451608206545,0.04903946852916611,10.347118334766789,0.01005649346142089,0.009136797860877675,495.9549699691576,16305.848622852369,5.190644332728615,22.392754204131236,0.31961032693502145,0.3739943295861311,0.30765814842718103,2.1841302113522514,0.5864912647747131,0.8375040399250879,0.5022581669127336,1.0181536802010305,0.8698015518546385,0.0007349543812308174,0.006776885822130325,0.000195043288473417,0.06313847374682502,0.030358717312759097,0.6758445984810864,0.00024870288616109975,0.9615362784216615,7.700669749705167,4.127874827019668,126.91620071913673,0.5623973498797475,0.8338971775440248,22.46599185061084,33.27072367229772
0.29793052398896197,0.04903266463221026,10.315030146022762,0.00997660402775458,0.009132225084076654,493.1124689713816,16280.609050274377,5.239203244015153,22.34687110880221,0.31616932672665243,0.37731756673289185,0.3035280895246279,2.1654251855827047,0.58820544939124,0.8417628853746957,0.5054774006876015,1.0196279727836353,0.8659342019470758,0.0007365873571729679,0.006764475944583584,0.00019496100556082053,0.06352382044082601,0.030298572471015382,0.6733341876073079,8.166368130995181e-05,0.9582940245466753,7.73111671279166,4.142261051335682,125.08328080294346,0.5594023311403465,0.8281300328430851,22.48248159917839,33.3853423843483
0.30064944129403404,0.04872502204840354,10.241755132892981,0.01008997612572743,0.009039762164403688,495.4952120995186,16212.243589069645,5.284060877703347,22.258440136326058,0.3176284646554539,0.3801135834532046,0.302174072419355,2.1614656126161105,0.5892520061828934,0.8481529376115478,0.5051098538002996,1.0231350641222812,0.8688274443871654,0.0007355199522873941,0.00676350988124823,0.00019531594348566465,0.06395918244726592,0.03026208005278627,0.6708562344275788,0.0002951478187357485,0.9584382809778735,7.713416674413312,4.132362047460728,126.97350959964345,0.5606348388975276,0.8319623761848929,22.39314089789749,32.98215413333656
0.2998409499616498,0.048564816244378965,10.41296121306562,0.009949996069952817,0.009028111773363986,494.04152004088195,16089.138223049207,5.305630398512494,22.237608417917663,0.3152653431337095,0.38077173000955666,0.3004057455186988,2.1686740670583906,0.5871471654186088,0.8428269949599562,0.5089681925016005,1.0185408768935535,0.8718913634193648,0.0007348155850772589,0.006767625300815747,0.0001968924469781767,0.06389566815909621,0.030449771810972887,0.6730156650647947,0.0001382783547595595,0.9656167635330877,7.660837685900321,4.11196379608546,126.88701155224386,0.5654576834254404,0.8315256126903582,22.350381776629995,33.03833623227281
0.2998872449209442,0.04820300124690948,10.322264205851937,0.009895774658894057,0.009083062247487528,493.83413762086593,16035.467141420997,5.288100341446198,22.26792426971493,0.31346204699399705,0.3810875339214358,0.30010912718644656,2.162098166671221,0.5893045497009582,0.843758633686598,0.509326312768449,1.0158715750893557,0.8709828223794285,0.0007360651423876033,0.006770795821200519,0.00019607218461366682,0.06413068146138302,0.030468884423569015,0.6736620695254987,0.0002682101452425097,0.9658352572325607,7.69323556983679,4.080688157211356,125.46968877476755,0.5620472107192848,0.8314374766929342,22.350412336864107,33.04109727852899
0.29983099708948036,0.04809610022901594,10.309817440160874,0.009833752906378028,0.0091538479318711,494.70874543444893,15983.40583743118,5.305334954231843,22.218080298027324,0.3148814145888676,0.38153619494260405,0.29686488860901744,2.171200556941278,0.5883804381799296,0.8470763425419401,0.5052150004244866,1.012052033890842,0.8687197343485429,0.0007362704748923254,0.006744685366589547,0.00019730896762856857,0.06361081704462833,0.030565180401887968,0.6760962590048509,3.3968436320114964e-05,0.9608586129331038,7.687748171310379,4.062334012834567,125.76465824245108,0.5585979030093924,0.8351882068727255,22.313209579688014,32.9904696120597
0.3001427975831663,0.04819103947315308,10.355305886054142,0.009748743423590521,0.009187642412761253,489.92652756880904,15794.124918432308,5.298606360489113,22.378938137060057,0.31646617485787276,0.38096386141228133,0.29077026960993874,2.1664647306271796,0.5864245052717194,0.8440047472464288,0.5068144013927898,1.0167046556673973,0.8696346012862376,0.0007400705691421678,0.006729041534514529,0.00019580145275361412,0.06373910745418711,0.030567858354541403,0.6784016326925939,0.00014718792272367228,0.9523175289190988,7.7396759836960225,4.039924577775918,126.1580902711598,0.5643375686675366,0.8372435823285636,22.391007431262015,32.880925702165314
0.2994281561788096,0.04790388655470936,10.2889798910055,0.009697469486339762,0.00916069765679481,490.0316064372409,15717.249717669749,5.2669822274242035,22.457780144104536,0.31783492685879156,0.3813355585480547,0.2870666277169978,2.175572188954503,0.5857710364930859,0.8436271238621252,0.5095985930477164,1.0092476307830403,0.8730371004625399,0.0007384449953864637,0.006697979568117733,0.00019642088358733144,0.06369823021765914,0.03059914160515359,0.6794882728559001,0.0002104214744995453,0.9536542280830201,7.734509950702366,4.010162406404286,126.43537385991387,0.5624053019485125,0.8333970284068194,22.387653839113916,32.99747734741688
0.3011360531871095,0.047604244301840744,10.304453185631504,0.009733076989120572,0.00913958624062323,489.625233772083,15614.692685643004,5.255454777446168,22.513755943028283,0.3146810472288721,0.382360783141753,0.28547382221670636,2.18626898301385,0.5859432130437877,0.8431756634761366,0.5073227783416279,1.004740769908401,0.8784871698241491,0.0007367736905443752,0.006774129184699303,0.00019577494047934646,0.06411618740944258,0.030551328766016527,0.6805780385799959,0.00019374067901081353,0.9497916387847256,7.697088552290637,4.020809309885703,127.38349523034803,0.5650831765052863,0.835159588288668,22.462137193535145,33.0684840147819
0.30099268449205757,0.047070972078906356,10.284442316339948,0.00963755014350822,0.009059019840260897,489.0466006953763,15751.031671491772,5.279294249971687,22.392211608526036,0.31677909758780937,0.3822771317688076,0.28481877381605336,2.169381396637386,0.5856099764546917,0.8477219224736331,0.5092401860344157,1.0057339747137135,0.8733671351472468,0.0007426946620008507,0.0068160846921510474,0.000195646181185284,0.06419854045472917,0.030687690645360817,0.678848259088577,9.127476418479115e-05,0.9481297878770236,7.687966470697037,4.017536398604107,126.68174622527879,0.5635026271843475,0.8372154552496146,22.432780845700158,33.20271015335156
0.3030242069481762,0.046865322569977705,10.178741886319333,0.009716314851425942,0.009019734285308624,488.58873829654226,15814.273932599828,5.283675701526502,22.335746876362922,0.3178675836209112,0.38156025577508984,0.28557865624915096,2.160469510077398,0.5875670126414816,0.8476346770896843,0.5133964386774654,1.008075680297701,0.8775568018906498,0.0007413565185194513,0.0067722078846778186,0.00019560963174537776,0.06423455116531751,0.030612483236195656,0.6767363771969302,0.00015921486227196734,0.950637235928429,7.713089707962211,3.970333296155928,125.46977774701561,0.5656145351392652,0.8374001903589307,22.477826705734135,32.91442483395868
0.3041390346865616,0.046850291049414045,10.218315811383754,0.009747360928494578,0.009025151293155505,487.6482278883462,15785.062285944065,5.286401548003665,22.28833061229576,0.3204197727178038,0.3786788122939492,0.28592730097911273,2.1476589628588156,0.5866068148470855,0.8473194691540457,0.510277226614595,1.0055732220369002,0.8726375819685486,0.0007364951694477051,0.006784596947300226,0.00019395392980962571,0.06427789987156461,0.030400408471628112,0.6775658240688197,0.0003384366821936246,0.948909863173728,7.732828891422604,3.9819545936456446,125.32422692965005,0.569652576572099,0.844366009789262,22.450090183430337,33.13752353966574
0.3048999158666608,0.04660478334597472,10.281616971074316,0.009824428111703021,0.00900363667092882,489.8364179894475,15772.114246843887,5.253402301737914,22.43330241947675,0.31938526523703586,0.3809791939013116,0.2830305331372652,2.1658089151733666,0.5864463100222703,0.8438500572698309,0.5189695872446073,0.9979352371445294,0.8715594877338024,0.0007302855339313263,0.00685053898145384,0.0001947730163572109,0.0641060429954265,0.03056741757740054,0.6714586142655847,0.00026934210735472396,0.9403338329766543,7.665793812979923,3.9353735846093163,126.4379794026292,0.5698973924851871,0.8482988320107354,22.47375078551319,33.17362107466425
0.3089154113925804,0.04635220176557408,10.25792412583151,0.009881306327753981,0.008970324252159169,487.5337107995212,15841.726134875747,5.258045343370989,22.427928763670998,0.3198524731637012,0.3812192217086884,0.28274387157334613,2.167049128375204,0.5877517182079083,0.8410782343541217,0.5208230518332219,0.9979756774106756,0.8695775450160458,0.0007322328859031541,0.006810240532805742,0.00019533515450991456,0.0641189265319874,0.0302510530284393,0.669748359584966,0.00024411649513532364,0.9381850051402433,7.67307029102192,3.946696664570349,126.40830890805344,0.570033013202805,0.8528232474629325,22.458497411649795,32.949716482672976
0.3079823744167587,0.046395961835710306,10.290830235529462,0.00994041083846133,0.008950053406128743,485.3593380680204,15878.03465568818,5.290665551282276,22.444968555527097,0.3223732201051022,0.38048368976067143,0.282668526336267,2.1696270766690593,0.5931216831154191,0.8368609173721872,0.5214022274213657,0.9995128372952513,0.8630932431690937,0.0007338415961998879,0.006797133537051648,0.00019368426014384384,0.0644192451361572,0.030175345329298067,0.661899415030033,3.930125020086214e-06,0.9370440350405111,7.699930273412026,3.9308256437984097,127.46661382601673,0.5667597970621601,0.8500963089711673,22.46079505155126,32.711267582275674
0.3108321515463165,0.04646267215056062,10.28852137444365,0.009902215925680434,0.008915002693122811,490.01265862944587,15693.683616349852,5.250751984351143,22.54725753827995,0.31915744879941155,0.3826270083235842,0.28322411007662796,2.156095534909977,0.593812981881561,0.8368051475135073,0.5189989166375684,1.0010023305197164,0.8560929858392597,0.0007356207082869284,0.006769233447262381,0.00019225396612398813,0.06504920256756455,0.030165951267365185,0.6633402538260862,0.00013273009404432716,0.9264412993750674,7.653739283131994,3.943177509668539,127.21677995137198,0.5613500425733832,0.8471776218437603,22.47398403759587,32.59430635687039
0.31218566540452136,0.046747759782759774,10.227857757689472,0.009961056351125364,0.008938053105628108,489.24559031367306,15622.617687153566,5.236573634353344,22.628296376513806,0.320481578890349,0.37907906626975924,0.28221201904089654,2.1572826372692915,0.594649303932192,0.8315254788447795,0.5196433673976918,0.9925258935157955,0.8573192095167071,0.0007338840435134643,0.006774541294048155,0.00019407158900878343,0.06427131831817924,0.03014091123085105,0.6641331522600149,1.5969402960112092e-05,0.9250595048978986,7.632075715320402,3.9345586229823044,126.89007390560141,0.5577209877068361,0.8462706739266904,22.395001389783378,32.6796269339871
0.31210482964974884,0.046582317180581756,10.22130031561451,0.009925072666275535,0.008918859706833007,492.91576844216723,15774.011309791515,5.237580740160773,22.50559869894585,0.3221536392584656,0.37803271319468196,0.28217639371058933,2.1671055743705545,0.5962192186955128,0.8290038563433113,0.5219044283040005,0.9821682665722988,0.8620336859550269,0.0007359091791877486,0.006817006452574303,0.0001943133490879361,0.06478864575823975,0.02999832541823555,0.6726579042902606,1.0110303747396636e-05,0.9237557980527356,7.629260287671896,3.952420573562814,127.73037167772023,0.5658965234454914,0.8518375911734933,22.434188924414595,32.805729839523124
0.3091958111436216,0.04659675723201704,10.360305580730584,0.009952375542889389,0.008987110229189976,485.0770255602795,15766.792788262403,5.236250744446396,22.517504630745893,0.3224947578957575,0.3791936134135327,0.27988032537189017,2.170326317964726,0.5987799686001455,0.8346967003999621,0.5246250136897018,0.9865911408914663,0.8534167499455536,0.0007368642374996319,0.00688366243371018,0.00019517125795260449,0.06494053066809831,0.03022070123280726,0.6713864891477265,5.483144960727233e-05,0.9267022551264528,7.587165098807661,3.971615391440066,127.34852972476695,0.5673410043087702,0.8473943916512248,22.386880009356133,32.84354622246793
0.31092406235099845,0.04592594611354595,10.443234660354129,0.009942898399437752,0.009022623692267664,487.6523836582218,15610.712021349693,5.212528544925054,22.43804701883864,0.32081946970893194,0.37669814992312173,0.27657378906306956,2.1629504519319127,0.6003817518110086,0.8344651898200769,0.5259395136578989,0.9860358505434171,0.8545593589437204,0.000737204507823204,0.0068935784480100935,0.0001943608789456978,0.06489656313085666,0.030150437646386506,0.6704891278518617,2.082683239284677e-05,0.9275939064941171,7.660118211922297,4.019827746824332,126.83866201784221,0.5635876120060889,0.8438525933656593,22.282574022135872,32.924744242714176
0.3111032214627761,0.045720621018816465,10.453931205257746,0.009919538616214188,0.008992244230085652,489.99630651645236,15588.485483636228,5.198764881315056,22.36864543026279,0.32031721845969585,0.3768914890679446,0.2780395595458025,2.173084922840572,0.5988142899978774,0.8333657609975524,0.5221517531000468,0.9866587838523042,0.8537837739862263,0.000739657788089167,0.006886105077776136,0.00019453498378767454,0.06461210820869,0.030087471312986957,0.6683519323448135,7.325334216931974e-06,0.9278983587326547,7.622988267262294,3.9837122999861,128.44268829403035,0.5609949239824245,0.8410945460593191,22.21040298485005,32.867566733524384
0.3106568546580275,0.045511747906669564,10.407610631609177,0.009846998011715404,0.009048230071348317,492.18709876201314,15473.986781171649,5.173981665402023,22.409965287912776,0.3210846473545326,0.3782630783942497,0.27764436840221757,2.1745282382478823,0.6011809171879748,0.8278836065128335,0.5228733819716157,0.9878906602345251,0.8528059115119722,0.000742541353188409,0.006874380608898449,0.00019442556544630542,0.06492894682832953,0.02991418942322457,0.6640693334432837,1.889773459331416e-05,0.9254218627929285,7.654458632022832,3.9450146532902703,129.65251987426777,0.5612815005973925,0.8444734682771724,22.324101691557964,32.8990287573939
0.30921936962374963,0.04491134176877888,10.363686590881445,0.009876718813820387,0.009061887903585331,490.7476714786278,15511.723816289192,5.159324696480218,22.29455340520029,0.3219506184605359,0.37753060733625177,0.2771712660596365,2.1786261483206033,0.6007678599553533,0.8298510740742956,0.5175134174899133,0.9905870263456646,0.8466687602323758,0.0007397442234488643,0.006861663557150872,0.0001935469611786381,0.0648656571275489,0.02981748157120192,0.6636703334386366,1.868201499526291e-05,0.9254891310941029,7.675676204976667,3.9116611408961046,130.10750626659348,0.5577318278038441,0.8442170527831925,22.447269290420223,32.779792322467436
0.3084786785609966,0.04458832069739021,10.344168148436346,0.00986818039878212,0.00911772077287917,488.9159980474894,15499.782906969585,5.147837766719636,22.200795704968286,0.32682821794322703,0.3811766099201002,0.27861829647661757,2.172240611656679,0.6020473918034632,0.8254315295386185,0.5208483371954709,0.9919085675012473,0.8522654031587402,0.0007414763699093899,0.006842765143442256,0.00019240070978986804,0.06473663717774449,0.029783653423358855,0.6702279123946266,3.722184895627163e-05,0.924402147577681,7.674647620177488,3.918781036462808,129.93657933238325,0.5606520406115477,0.8410679024980996,22.46969166329827,32.658624456710385
0.3053276088171542,0.044199065291744645,10.375386385805685,0.009941458033569632,0.009113324386898275,486.1257178092639,15474.387069322363,5.1871478889460025,21.993685261780822,0.3291210330233407,0.38315529396048786,0.27850166076988225,2.1838187373948785,0.6030433098260487,0.8311244536229546,0.5240086128111223,0.9952531651391243,0.8517930116036102,0.0007385275207596138,0.0068308034257110045,0.0001912263514245892,0.0654583143036493,0.029938961767056443,0.6670863324460866,6.69241323988034e-06,0.920893197059929,7.641807060203249,3.926080330483449,130.40233404101255,0.5545102329874463,0.8403251374674171,22.464643588445266,32.530655383505085
0.30472847535337144,0.04466904755989249,10.389011645329813,0.009950926894851518,0.009195062924830038,484.8750223023576,15532.118846162632,5.216706050535885,22.090321985361815,0.330197235230708,0.38219208937822247,0.2804032775810131,2.179319179131798,0.6075069916421014,0.8306943280248529,0.5223289307777633,0.9986799361699965,0.8521432603218385,0.0007346108267074952,0.0068771158618534415,0.0001909571142626328,0.06585336797592929,0.029979301798410983,0.6658076109495308,9.879312832416531e-06,0.9256445364341312,7.620528985028681,3.9007168309776543,130.45366478620323,0.5466326948085088,0.8467835311853034,22.484569669556816,32.87051673926692
0.3025358910118092,0.044178517911861566,10.378625600337207,0.009933984242048196,0.009155578034032563,486.03457881176746,15577.238624469805,5.266523126651439,22.115988582589605,0.33054167692027064,0.38221245233148293,0.2813176623571411,2.174122380735087,0.6130843038905189,0.8272339821572786,0.5252849101122633,0.9920223756379156,0.8526839917621729,0.0007394204436960865,0.006870414349388102,0.00019085605338965266,0.06649279081637231,0.0299395438396428,0.6675280843363885,0.000187895973144065,0.9299407528464504,7.616949845442072,3.8973411497502486,127.5102673933365,0.5456524540155291,0.8520769194796984,22.415874851257954,32.9008427297299
0.30250146767938463,0.043765460013008246,10.403324553421244,0.009928040519377174,0.009241764481635825,488.3521472555983,15574.536650642873,5.243321903877541,22.096208788317014,0.33215324373619315,0.3818500116027473,0.27845077615646335,2.158131642748801,0.612173733302758,0.8277605306949732,0.5261477140397475,0.9838943367867464,0.8498470493815614,0.0007371293224713515,0.006891164758161589,0.00019073618109743764,0.06646080340440408,0.029935201543307987,0.6592167659764563,0.00022389795989792252,0.9278550023266036,7.577857260036666,3.909987482589496,126.63590696645228,0.5446288063395398,0.8499325672388398,22.44606775742868,32.883843397924075
0.3011701575611996,0.0441097038927105,10.442308696857179,0.00997064006609798,0.009194989688517688,487.9736410180492,15521.767692283218,5.249983379752906,22.130031935209573,0.3344540503545601,0.3805390359381565,0.2756179959294718,2.16431408059831,0.6113481161045331,0.8289973265440033,0.5226375260102933,0.9768342716532877,0.8479975870439527,0.0007365693464601585,0.0068970318472591895,0.00018976907896620055,0.06659790375313873,0.029958322296756865,0.6574149715045374,0.00012928322845414563,0.9226439661563713,7.493429045392382,3.9339792004294596,126.94439633679625,0.543373844307589,0.8486231319195287,22.424986167046214,32.885366400003434
0.3009317183658594,0.04403446985902731,10.528570691824685,0.009989923353567073,0.009179493263287547,483.790791931138,15440.243281715539,5.259854422440564,22.06218371924798,0.33229971215506143,0.37707023629276415,0.276462986985212,2.1760235114983413,0.6131799453471961,0.8289713288722295,0.5230236758942436,0.9768319968724647,0.8524119947614138,0.0007387739904392357,0.006901004492967367,0.0001907025656958056,0.06640527305096525,0.029943919286727367,0.6532611000889254,0.00026910459092169107,0.9150360020474431,7.519771782287307,3.936100250067302,129.23602376272805,0.5460615567311434,0.8507662906025413,22.47688275738839,33.03446400181944
0.3010773060966073,0.043971387967412894,10.491607537784862,0.010007422458014191,0.009229664480273079,484.67165435899744,15344.850417354912,5.234407005154861,22.157816894939113,0.3302456124252532,0.3746947248325148,0.2733615655031624,2.1721702787188977,0.6125173282540917,0.8288441001795415,0.5261010659823406,0.9813997133093496,0.8537599149294404,0.0007370773493259835,0.006869177027429645,0.00019059392767264342,0.06671169325527287,0.030116429262799893,0.6500023559306903,0.00017385014583263392,0.9215837591702782,7.53246973814729,3.9339111601059877,130.1916448035814,0.5493063403013807,0.851562244232991,22.495314280180047,33.013492512618406
0.3013764217868542,0.04448950952832254,10.53272933932721,0.010059133620260433,0.009225379910158172,482.39781466208643,15417.083447607609,5.238161803898989,22.319428309341138,0.3338875893381008,0.3748972918183542,0.27455056173577774,2.166667311829181,0.6121431284214413,0.8265235063175081,0.5273259866131625,0.9845229012632329,0.8513181230161548,0.0007405059451011795,0.006869766919092244,0.00018927525013429019,0.06720403546310934,0.030031619392166753,0.6510108234862306,6.875801573328933e-05,0.9154049662992907,7.614790718850499,3.960010689232614,130.52279910969455,0.5501151197108575,0.8512634191619971,22.46580385334638,33.280743009894756
0.30040436264122217,0.04445691485137028,10.432666854958702,0.0100502369955162,0.009184969362691144,479.42775624314777,15438.221608284672,5.233810479211418,22.31798473079068,0.33089800266815284,0.37346145209339604,0.27529912738596224,2.1600487484008073,0.6132129113144862,0.8268321270428013,0.5290977839375793,0.9914298788115069,0.8466958779947861,0.0007413257694437582,0.00685231405014836,0.0001914635781972514,0.06696827252832217,0.030007961884732263,0.6551073480280984,7.250874310739462e-06,0.9171224505538292,7.579610696688537,3.9289725765914607,130.9282508015647,0.5527706391051374,0.8465728839969981,22.45200262969864,33.23018318970911
0.300106269769053,0.04403717359489113,10.515329655755641,0.010030439593160896,0.00915827752069171,481.0185244087782,15502.253007719579,5.247521915475061,22.208811628657834,0.3333733579671847,0.3761175680799623,0.2777483028648721,2.162880616497859,0.6175377176176042,0.8289780483786372,0.5330627409177499,0.9965093978846369,0.8409498380784345,0.0007413363641254641,0.006875847622902574,0.0001913405870028985,0.0674514341324909,0.03003102278235032,0.6471145046735217,5.257493489623737e-05,0.9150591480708091,7.592694415184262,3.926848985583245,131.74212283142234,0.5509446863326113,0.8430758602187255,22.47981555522424,33.46523817374449
0.3005142546316493,0.0441217502496433,10.453924453848854,0.009967598469371548,0.009111382133609836,480.3880973499489,15534.675441127469,5.231885480240261,22.203496427238925,0.32881729821667344,0.3803127154461711,0.2776592822657711,2.1556666865099716,0.6199395784979597,0.8265085365824529,0.5355233586894896,1.0069983535440186,0.839353776710095,0.0007457426672948471,0.006912601593937546,0.0001906385388389343,0.06718285440550852,0.030241068019477388,0.6509017466285985,5.537870752052112e-06,0.9166893506496819,7.593757938425948,3.9081838982241046,132.19887327178108,0.5549770135607961,0.8417562795001915,22.448401302212524,33.51155435823953
0.2989511529245376,0.04474415628081424,10.39410886049556,0.01001378963353731,0.009031786784601648,482.89479918053235,15415.9330715993,5.1921989223004035,22.188292074769087,0.32957654484568316,0.38172049950478504,0.27696157362109136,2.1549988116851595,0.6217417979945652,0.8234625371229419,0.5339289180360497,1.0145795185428137,0.8411326134422977,0.0007444934936617853,0.0069555813843713305,0.00019016622817691087,0.0681199844568275,0.03003175337498708,0.6484149168031348,6.63527766049329e-05,0.9144017744575768,7.534748994401672,3.935983746157059,131.57578591399644,0.5515773043021179,0.8394367264023735,22.489262863925997,33.73474346042557
0.2965109452291845,0.044757427109908716,10.35735604280455,0.00999056672577075,0.009045683780603588,483.29266269953865,15519.166721329411,5.264300731991616,22.225760556210247,0.3307913592111413,0.3796145329372429,0.27794726201525133,2.141158426978487,0.6218786400284256,0.8236819197940272,0.5345975371640621,1.0189054894844927,0.83317264821225,0.0007486038389518546,0.0069179807396373486,0.00019198532818232673,0.06829199115216489,0.029919169973484715,0.6507064341444362,3.9165211480616515e-05,0.913830416913198,7.589451549950527,3.9461002642503424,130.69874418170883,0.5464528751789607,0.840994575484938,22.372840176211206,33.823307578491914
0.2966395393932374,0.04460446118937615,10.450757799516259,0.009900468617679296,0.009042163093321282,482.486050587532,15625.406987758583,5.217617260806104,22.147551051136514,0.3288970957746836,0.3786592214257903,0.27982130073281836,2.146065511569967,0.6229886417072249,0.824765193120362,0.5375553832856573,1.0242964285851441,0.8409732759043984,0.0007500555589960551,0.0068841913234714966,0.00019137400284843255,0.06785867319033788,0.030077195698312794,0.6513237166699712,4.0885376906874566e-05,0.9166616077906699,7.56674405428232,3.9640653538750787,131.02766169251998,0.5472201887068554,0.8398960182986719,22.360422682216285,34.00668498542418
0.29751192175915103,0.04492159095276886,10.470220670606698,0.009942189727145851,0.009049535473379404,482.73047528729427,15677.085188922047,5.207053955979228,22.047067980455477,0.32703744234292575,0.37459248756730373,0.2771011486854281,2.1379266243706647,0.624940927191757,0.8267045042257842,0.5365291763605122,1.023505982578449,0.8374086616632848,0.0007552375577422974,0.006888751004860499,0.0001894538289726911,0.06826727761148688,0.030132936457335408,0.6521169869368688,1.1395819167439212e-06,0.9183885808088147,7.4971216173704365,3.980476469131992,131.67311970599292,0.5430339304314602,0.8446090748386484,22.365479105142924,34.128611615333035
0.29926166798095966,0.04448876823201234,10.427154068637217,0.009933971820678704,0.009118176718561305,483.7915956721664,15787.661132957806,5.20231604718865,22.19067744144252,0.32685350923926043,0.37565554427652115,0.280266317170335,2.1390154633125267,0.6217170074083238,0.831837158633576,0.5395744009171384,1.0257788217165706,0.846267686844296,0.0007560037991989134,0.006834070745335828,0.00018829093545045085,0.06883654180062973,0.030158008580153963,0.658843797178768,1.3691813351317727e-05,0.9243159622908959,7.4323391991282275,3.9907653150774554,132.34993970251637,0.5440638061579333,0.8479019624205623,22.46990341211897,34.07274189033136
0.29964786680600325,0.04426625498764697,10.391154950661717,0.009905870682732689,0.009121547515284208,481.14503299492475,15799.73848202877,5.274896934209462,22.303753578680112,0.3301743099347109,0.37802304370405454,0.28064411944720236,2.1482387156420697,0.6218865773032087,0.8331069276844542,0.5446685946871473,1.023018313985989,0.8474611294226846,0.0007559043854824282,0.006888486945301561,0.00018784213568992113,0.0690049135146807,0.030230378404121933,0.6642573721054931,1.8083288101350695e-05,0.911724451332835,7.445719391774001,4.012103516997208,132.71021947112274,0.5468259088503687,0.8511747437857196,22.436135839733883,34.333113569393134
0.29967943588726953,0.044186635754745865,10.456679537757376,0.009865560795426788,0.009087713682848676,482.4361986404034,15908.104611756691,5.277408530856703,22.1791992873296,0.33014803536646825,0.3777420361276029,0.2778452381246042,2.145883899496423,0.6196366215277405,0.8364699010577739,0.5455000295457958,1.0256671555952253,0.8434519845710453,0.0007645262898074328,0.00689675629797837,0.00018784149100234296,0.06916753217130098,0.030173068387118165,0.6650142870641274,2.586518050725756e-07,0.9154369065756458,7.370881867656806,4.021554106391829,133.25595760537135,0.5435183505748826,0.8568184360835033,22.497549046008842,34.31540574331878
0.29786240487071247,0.043658613203095414,10.542947200941812,0.009809134638435031,0.009039717532409106,485.7344777794818,15908.803475731454,5.301572279713746,22.12801155422475,0.33014047302848704,0.37747693371404245,0.2781022332828548,2.16645414381465,0.6200345484407649,0.8357349496883333,0.5426462399932622,1.0309216663657406,0.8411628744510081,0.0007602781721495298,0.0069252333225993164,0.00018718923007805008,0.06864959495125217,0.030527279884542406,0.6598807449437367,0.00013859662958533124,0.9185621302451962,7.413575886643991,4.040894765413666,131.3708041435178,0.5451855728116423,0.8538095399064071,22.48658616244376,34.398070076984034
0.2958143045274088,0.04281034223665395,10.548457630332244,0.009745795525657328,0.009081643833286204,487.7987376120514,15867.993482664822,5.321656207461292,22.14627240766386,0.3329479813242052,0.37494901429240873,0.2756699837564082,2.1670234934099146,0.6207437973950877,0.8329896876045224,0.5438479421880195,1.0226031911008244,0.8448288494027024,0.0007601496784144882,0.0069707456759801716,0.000187015804796576,0.06873909698980597,0.030473840679874794,0.6664216826725067,3.234032457507991e-05,0.9207713046203493,7.462619773874214,4.047009203518133,130.94999922196774,0.5448965606198538,0.852543348784583,22.460653817724964,34.59328320080228
0.29609651350224353,0.042965460230239026,10.469083943183083,0.009792912549769755,0.00902923114750949,486.4898571762853,15863.7697199922,5.351894169475842,22.06739238012317,0.3338348603485171,0.3729265192098941,0.27701777343230716,2.1811710890847267,0.6213222321704678,0.8325399828440526,0.5389795038213829,1.0196969008357595,0.8486390769452233,0.0007574420683740766,0.006969008730304795,0.00018456022036358462,0.069167766176995,0.030372381667323985,0.6611643668606655,1.0375289859856212e-05,0.9292744441949629,7.451339050387315,4.072882154051976,130.21263617479178,0.5435494154526876,0.8522480498622108,22.499295766410302,34.73027718533451
0.2956582051663417,0.043000938182270444,10.411985705107764,0.00979614876036978,0.00901115395183509,485.4269849288916,16000.815407768941,5.330265047179025,22.123303189930386,0.3337291822829018,0.3735235183470587,0.2749836293557099,2.1788395916552092,0.6226211054770313,0.8321963246167463,0.5424165026104225,1.0211065806613506,0.8524406490288481,0.0007567168904966193,0.006987365862546493,0.00018412481918576913,0.06924742319917844,0.030466635136951643,0.660305529297443,0.00010799654274421187,0.9326614546892639,7.459497126771001,4.044667932255448,129.41141392911413,0.541352832665192,0.8518109716502402,22.458411393253776,34.87492609141833
0.29679753917049106,0.043724502920408,10.532583606351054,0.009763938330108518,0.008970095660752133,484.61422350248006,15868.955246121124,5.292161696043021,21.92878193268333,0.33103848911585987,0.3740075203003802,0.2764182377495536,2.175101924125428,0.6253188560511262,0.8338847571494886,0.5401776253241981,1.0181623514797953,0.8422195045186003,0.0007523345715087569,0.007041474253589336,0.00018339841460837894,0.0694872821349677,0.030385587662564897,0.665780418124532,0.0002807417834551759,0.9257373696032858,7.397017308443317,4.0406177457956645,130.28611479022348,0.5412335967540873,0.8464299449783641,22.488439703318278,34.778197558634844
0.29667809106569615,0.04378502518142144,10.599020937201873,0.009774622877423273,0.009011117882945023,483.74201803611254,15731.268318101707,5.258739421640925,21.91099215400092,0.33174665476503323,0.37814668635497906,0.27413037889397823,2.1739942894319886,0.6260716014789214,0.8358046951672603,0.5434741671404201,1.0149201727128667,0.839782795329689,0.0007553758214845411,0.006998855266836894,0.00018301649456446532,0.06892963089907712,0.030416815690678282,0.6644995489546484,0.00022964483593721093,0.9257765828546228,7.364741099037199,4.030943488589307,129.8500836411343,0.533645565121699,0.8461155022841543,22.452803828293227,34.52132886468736
0.2987125276586642,0.043123302024622466,10.599216482280308,0.009737907555009055,0.00892585579530904,486.6084504252628,15705.15728376329,5.236996398713954,21.96778344088645,0.3308189946048301,0.3790253305973809,0.27305708942867707,2.174591642679648,0.6278865536668169,0.8350504293864185,0.5454833299798331,1.010455716664926,0.8458841260357671,0.0007552844986939388,0.006973265860661088,0.00018237533611225896,0.06810143839172708,0.030250809832493012,0.666142160909003,6.348219835716778e-05,0.9254922076316031,7.3049026313883445,4.036576669975139,129.78965336331046,0.5343000893968525,0.849774765300771,22.441177405387002,34.40898215987977
0.2996716677128853,0.04374842192859935,10.586060307458657,0.009790617057881108,0.008855886640529442,484.28114772947,15711.568351802387,5.228301250929243,21.87844205720444,0.3302565774828968,0.3783784062930509,0.2715022950243909,2.1698490376810327,0.629870427955828,0.834332541377734,0.5449356867573318,1.01451013991644,0.8495969919687407,0.0007539246869320357,0.006979766198403425,0.00018177635069545835,0.06860074291502158,0.03032949108519784,0.664081862702224,0.0001086380304699226,0.923882303073991,7.3123048171333185,3.995400238159421,131.05072777479842,0.5351539829452375,0.8476643586913378,22.49714447334055,34.416929165069064
0.2990858865024187,0.04349904667906237,10.502681617795504,0.009747256374933254,0.008759369144043447,484.80499793751557,15630.99483380017,5.197310852269058,21.861150133820335,0.33078050184327656,0.3784012808925261,0.2683188964326182,2.1846833925673677,0.6323011877102677,0.8312474225483191,0.5435520902738665,1.0101299504788284,0.8513252303494517,0.0007525485009972746,0.006960436504375638,0.00018251047530996246,0.06868386709372247,0.03048141970592292,0.6651722415648944,2.227917518274195e-05,0.9241395774786554,7.301664795170646,3.986721607573727,130.27858839608746,0.537079013968812,0.8445863094054461,22.39884940458714,34.34323181762117
0.30003438807572397,0.04300661047943097,10.4662806433599,0.009771850318822157,0.008763231107410082,482.40398013737695,15590.091403488628,5.148040273158896,21.86005082687808,0.3329437021892969,0.37832859898839455,0.2661007303733363,2.168689817146545,0.6344205299821901,0.8344763195115865,0.5450510626511935,1.0179737007633254,0.8501545093621584,0.0007532453072937217,0.006994772098238637,0.00018096789430599499,0.06861105527356764,0.030505527042408085,0.6611554244907241,4.679346550118065e-05,0.9182051837308143,7.306376152194312,3.9715071714798187,129.90438552450456,0.5372920854855213,0.8448597185399143,22.435783208091753,34.36097795717978
0.2997854409973382,0.04264061975847085,10.415065447029974,0.009756465827141866,0.008744255117891278,481.4977254757784,15625.817142975066,5.174151618690086,21.826080046958232,0.3291095873422747,0.3793960049724285,0.26690349346651315,2.166212633830902,0.634082252027254,0.8368987285302247,0.5411025310593798,1.020558343873685,0.8439200807202999,0.0007569780191191085,0.007006402211306416,0.0001795870349460817,0.06875257695958183,0.030367135470103182,0.6681055418627911,0.0003417055426919442,0.9193463170117175,7.303254155512294,3.9644671889837237,127.38585800789023,0.5374116869883819,0.8471379460208609,22.466919700722922,34.187834062456915
0.29802001715430976,0.04214841314036058,10.41611056974543,0.009766034801139929,0.008733603833482352,480.9274683409372,15612.090875690736,5.171056807428543,21.88383944189014,0.3316253979366349,0.38070323694666014,0.26541503017153967,2.1800224491270805,0.6316355879407201,0.8367821038925908,0.5406894840020995,1.0122053694074131,0.8495969401255845,0.0007554157586274568,0.006956664307541146,0.00017766398396235506,0.06916182813809894,0.030391771671312223,0.673484996771109,0.000283135320941243,0.9287966114566016,7.351461099478477,3.9556010722605217,127.80549788431698,0.5455227180184058,0.84781045897298,22.45626039910297,34.0213344911688
0.2990652985354117,0.04143872335517224,10.455937101657486,0.009743182376176654,0.008829981734275637,483.6265747438922,15656.33654342307,5.119705732275098,22.043185363103902,0.3320655847942674,0.38089173015051514,0.26556533506939983,2.205608068922704,0.6344112138988998,0.8363709136058083,0.54733303546882,1.0094856493888782,0.8517883030639338,0.0007607248115200225,0.00694110487924661,0.00017776834398238085,0.06942155327586337,0.03035803855396175,0.6720360687456144,0.00040891374091759145,0.9369358822563981,7.3298386770453,3.977400678721735,127.78741899620408,0.5412425962702851,0.8515058659914242,22.486124018717476,33.86719520492743
0.29918914783807954,0.041953998612709896,10.515890479602312,0.009763138121535493,0.008854106542911147,481.6777760506735,15702.313093722709,5.094380066266649,22.197941742307563,0.3287846718351658,0.3839444936776693,0.2628622121867989,2.202001861488257,0.6345719750660624,0.8293990470956366,0.5467595623718121,1.0061700724306502,0.8436579469439467,0.000761756790106607,0.006911412054076352,0.00017829811189924634,0.06927480026003362,0.030390578058018383,0.6799333233842247,0.00016791512510668064,0.9350411184884346,7.366177210387551,3.9429176215088013,127.5285899387994,0.5431763782034468,0.8502917220799786,22.4905375412707,33.73406649896098
0.30063217218737354,0.04243972032875833,10.520516722509951,0.009790556588011383,0.008933840155403197,483.073920296383,15707.813310816222,5.102788319768998,22.319432978955035,0.3289812570358814,0.3838263343296727,0.26239760433053416,2.1823263080800523,0.6366778877747942,0.8305028169110695,0.5504119122045265,1.0058536146040744,0.8404991081928226,0.000760358362705097,0.006880963124245384,0.00017890864006888575,0.06979231234731156,0.03038467738583701,0.6743058607897847,0.0001348337493196082,0.935098802144977,7.313409762718445,3.9517063677143964,127.745815047525,0.53827668555603,0.8474666699031466,22.409692881843004,33.74128167646743
0.2992719001020797,0.04180599402238396,10.491049877419481,0.009803955562594733,0.00894246782633891,481.5612243811825,15709.577920159467,5.101164742320523,22.247139660609225,0.3281331229003347,0.38264886123634756,0.2663016660638643,2.1545443277856084,0.6351376096577844,0.8313485234294288,0.5485899612003722,1.004520363119981,0.8441371289944124,0.0007602712146265695,0.006880339562455512,0.0001812672084988602,0.06946900686872676,0.030430166944210305,0.6763514893305579,9.474822173160975e-05,0.9365865568470249,7.325950692806687,3.940676093546686,128.32707500739812,0.5343084131042072,0.847581826491696,22.370503298050668,33.846982287202884
0.30051774912084495,0.041857307406377595,10.537727342930358,0.009808479090445873,0.0088852795211518,477.4349822530303,15814.30893602809,5.140721036547193,22.30589596809843,0.32429609013083976,0.38271506557507634,0.26653103790579674,2.1597194113628504,0.6284401248602298,0.8361914085851788,0.5486285821466264,1.0051552832660204,0.8476559975102763,0.0007564794119178183,0.0068695669456426,0.00018018824979486612,0.06933171110918315,0.030442379992428607,0.6810067905361371,0.0002190261452412287,0.947146332889565,7.3874902760069086,3.921464220411575,126.25150545380728,0.5354163976188377,0.8439985810155896,22.406521373814524,33.96891427568297
0.29887712680778605,0.041677328294264515,10.457719965838075,0.009762570117312307,0.008921868084236829,478.8875324779324,15811.845810236904,5.164620948021145,22.260486032289524,0.32720238984565425,0.3815761525784675,0.2693425582938082,2.1490422361462875,0.6255280354976283,0.8325140540549895,0.5492706665896431,0.9983044161889758,0.854833096816251,0.0007541331309757389,0.006844621276083362,0.00018258544609181776,0.0697174646838476,0.030238825916275847,0.6810571476540688,0.0002609318148480914,0.9522197469933306,7.355967749074777,3.9094216886788593,126.59175706336168,0.5339808225782754,0.8486085988774725,22.478537664206367,34.01727685583911
0.2958817743949122,0.04176251721313746,10.5129601230754,0.009840689215440592,0.008871852494112945,476.9400076845079,15799.546666378692,5.196533739036861,22.385487367206302,0.32688045463032056,0.3808501342296398,0.2691623804773971,2.1418200059824546,0.6226429525205867,0.8347421798971585,0.5511203644917758,0.9946703112424709,0.8624345818261471,0.0007532116466127386,0.006831748215406218,0.00018261440579665363,0.06966495012349815,0.03036268846160561,0.6805295293205817,0.00011390774024440121,0.9564457759246757,7.40745894705927,3.9461494616562867,127.53909574257784,0.5304635603871455,0.8499425497736225,22.35324396652539,34.34507306454048
0.2935686626565983,0.04254417412688617,10.571758728906431,0.009843459050348547,0.008825011181861922,473.87818574404145,15874.990480127124,5.196962493856233,22.386348034116345,0.3277190181640024,0.3751556422952123,0.2669877502751532,2.129568849407471,0.6242450122236792,0.8318339896535829,0.5454642759485786,0.9912065986953769,0.8615892579774647,0.0007447307629399354,0.006849046651892269,0.0001819145957605424,0.07025962415741666,0.03025871962035169,0.68660093116686,0.00013566045397798347,0.9517475966460284,7.351737970398654,3.923725080846635,127.73808156892655,0.5380838781213867,0.8403432038088082,22.378930311608013,34.429206830410116
0.2951170373424778,0.04265063446912029,10.557541546126753,0.009843390484139776,0.008815141458022537,478.5384731476001,15850.291001301299,5.208178252371309,22.200777399010494,0.32713855486658383,0.3752175076759415,0.267818952572039,2.1284411878024643,0.6216601506540114,0.8348195471388151,0.5421836898577773,0.9956842970077138,0.863988532323028,0.0007421445722689218,0.006773860007506607,0.00018205430979288236,0.07033719900006177,0.03045451375230698,0.6892871338263628,0.0001517788560712396,0.9528317736045746,7.331331138743722,3.9723502545993172,130.0117096716184,0.5377320672993207,0.839565130696431,22.35534143165599,34.60996211076828
0.296792439451298,0.04284548631113409,10.5417700540627,0.009890468489478043,0.008769754850040784,479.2862352296237,15800.495575555242,5.200798328226074,22.342804816576002,0.3230608010583516,0.3767065353295882,0.2689247763088378,2.11786994206355,0.6220965926655012,0.8349489361705601,0.5388440988990522,0.9898933618814287,0.8737376986737561,0.0007406948032478622,0.006807641947013896,0.00018130353374106999,0.07011367109318133,0.030192779270835836,0.6851867173842898,2.1232442924228208e-05,0.9474355524118885,7.398872804806464,3.946369570663662,129.68239442568296,0.5365272913940325,0.8389314105641281,22.332380338180535,34.51051049205993
0.2963169503367801,0.043138949013277694,10.531824097588654,0.009920401831378108,0.008715410311966203,475.16213799370865,16002.996382302405,5.181448112763014,22.368331944411892,0.32431005441142735,0.3763919785417783,0.27324423260528385,2.119143432139739,0.6234197609514687,0.8332417357190852,0.5408870309816967,0.9874250551400156,0.879577095749103,0.0007431220017939488,0.006811836057561638,0.00018185626352391386,0.0701369261373555,0.030158524228772965,0.6860034376309678,0.00014312164373313842,0.9516284454036286,7.412782958496818,3.9423215694925924,129.38896851677197,0.536282014361808,0.8352501746789518,22.406898295999387,34.315210124281165
0.29636171647635196,0.04230584641097885,10.558968922563503,0.009903447065619471,0.008697016238333874,475.95963450764896,16025.464518462866,5.228441990252637,22.24567092485848,0.3239165373559708,0.375271884006335,0.27464604390505754,2.1291905021261144,0.6259613144711302,0.8294836744288484,0.5419035013032791,0.9939425400702168,0.879635191147313,0.0007396254808390626,0.0067484652772618545,0.00018210155104458,0.07043434709059769,0.03017988600527144,0.6912298179060505,0.00010272855831377353,0.9546254359932094,7.378146333751138,3.946634547120171,128.01693456785682,0.533361989884014,0.8379738532997233,22.49052595714083,34.23935708410836
0.2952983707477199,0.04250934365123785,10.432235179158239,0.009987688537224523,0.008799328839397262,475.1746740835572,15978.307177986986,5.229955325098292,22.340228023244535,0.3245884607463294,0.3753906895958598,0.2762445506776994,2.1416833947027563,0.621757499708639,0.8243816530317438,0.5402312175884293,0.9884760409457312,0.8828276561732818,0.0007391350661165416,0.006691776432266127,0.000180043860641957,0.07089856471306524,0.030244167013082017,0.6844636145207184,1.0704502821037165e-05,0.94853126916928,7.425834732380653,3.939611351573149,128.6456017698856,0.528419185605581,0.8408276787074916,22.478891488890497,34.15950389683198
0.29190633602022814,0.04246843028780256,10.307067782996453,0.010003810143005058,0.008771903661407416,475.08499347640384,16056.616799303712,5.223216744538325,22.215991871552387,0.32622853078394143,0.3746528038979631,0.2787785395418785,2.149495009567444,0.6203568300554206,0.8283654214010864,0.5390575975277957,0.9939193473420253,0.8877736497055156,0.0007425702369793831,0.0066487143460751685,0.0001800853146984023,0.07077544460139272,0.029969878235593394,0.6877220430602569,0.00022412572099413436,0.9458978952202476,7.429361773466951,3.9455617665664726,128.27500006803365,0.5341986590309183,0.8433948512323068,22.386126173382557,34.097677762226
0.29371888449182665,0.04277476669308414,10.234283999608019,0.010080485619931485,0.008832433163016433,477.4618746364676,15922.859742718083,5.203925433505311,22.24651884260787,0.3244007947317536,0.37472170311270153,0.2805982943325912,2.145060792587158,0.6220093672104254,0.8307581189345332,0.5370382759408886,0.9947793830871298,0.8939203311998162,0.0007388216329051254,0.006630640338251441,0.00018174372109214308,0.07064285888093376,0.029729760290525972,0.6898264813342112,0.00021130487266550179,0.9447425108204467,7.410657283983469,3.9629325786793252,130.20696684035175,0.5275109294704939,0.8414988824298706,22.438805510293168,33.75879232262215
0.29222042313491314,0.042969373976916206,10.230109759907503,0.01006133674541454,0.008784227748919843,474.7991473489933,16001.898615011774,5.219904110818109,22.1818043823233,0.32530649757336316,0.3750376116006236,0.28116393218198144,2.1476117038684204,0.6221768707549066,0.8362674667352343,0.540231622372041,1.000261792107477,0.8957347093095491,0.0007420418747781167,0.006628983856619305,0.00018221908365203556,0.0708171385820829,0.02980668574963721,0.6927634669805758,0.00021164417795476633,0.9478672602971071,7.370132144350996,3.9914203351507846,130.6075598898232,0.5238384484272427,0.8414926216570268,22.493951861511043,33.80606806712889
0.29308039713356254,0.04271065870131597,10.293917366203,0.010105739582663312,0.008844099099941872,472.72765662564126,15783.298677547695,5.2382501950929035,22.052988013911417,0.326697433293469,0.37666342891865745,0.28064661981874495,2.136021534833608,0.6152165040366834,0.8369609196487521,0.5389211729599137,0.9941708368463308,0.8887003335998639,0.0007380067039820092,0.006571096412030123,0.00018254323768434642,0.07121799335385938,0.02955369923997224,0.6970158721060489,4.822336768446384e-05,0.9480070901931702,7.378746038376435,4.008355000316171,132.175691833386,0.5242942031360612,0.8410371398510355,22.424893322887648,33.575367212913
0.28941191777761593,0.04244442745470568,10.20609003253976,0.010154412235577625,0.008849719997608531,469.8179294617652,15855.884926569888,5.279826703667044,22.025867049063265,0.3260448180317079,0.3782800597223597,0.28197136655486477,2.1439318983344475,0.6133038817772295,0.832289821413936,0.5402817785463476,0.9941131218333741,0.8908053496514287,0.0007379491271076684,0.006541128733137513,0.00018277534248572593,0.0708245989105273,0.02958897960832906,0.6960968812370575,0.00010806091768783218,0.948071677571487,7.435029019651898,3.957693519306368,132.30249939780066,0.5273215610199701,0.8345310378835313,22.479511191565003,33.77651232510358
0.288027599564489,0.042897841638636074,10.180110606585286,0.010122388949103554,0.008882870071518497,467.39341032107666,15845.400933943078,5.256320262437019,22.12239726410999,0.32924352623987013,0.37993918433627377,0.2850176546290442,2.134552950045827,0.6099267553811101,0.8284490700836997,0.5376399698355014,0.9940669663089724,0.9022845776103282,0.0007375208202904272,0.0065814844410637665,0.00018197344775081458,0.07101874661948823,0.029480491045122605,0.6941644691366171,0.00021053155398601117,0.9413575223517759,7.448533163407638,3.958622870647293,131.01198684922505,0.5220958141777357,0.8336278198395523,22.437697454551657,33.629944828721506
0.28586451600614177,0.043293125343311874,10.104369279019853,0.010039394860221538,0.008895291043939244,471.56748677819974,15930.582611469383,5.2793130921680556,22.19798960501289,0.3292385272386007,0.37853482609260375,0.2817291158208273,2.146451214389696,0.6092394297621155,0.8304343843321798,0.5383133915992001,0.9894223095083893,0.8968333081885218,0.0007404007873374529,0.00657665270469441,0.00018399172986572859,0.07143079835477739,0.02943247962794983,0.6908763304716438,0.000158316721659797,0.9417133512059276,7.466700353362265,3.972742709009729,132.34758433091636,0.523165229524723,0.8328044352805154,22.41031161137342,33.735704651654025
0.2850723406398715,0.043081772662235986,10.11498349105773,0.010052098164254026,0.008916338248797324,469.49620483026825,15912.703347308056,5.270272194263875,22.16194719260437,0.32824142565416664,0.3793469490054429,0.27954448166257007,2.1455308369513526,0.6070371726824701,0.828317657979588,0.5339945507066303,1.0023181460897783,0.8991692957275426,0.0007472880811684939,0.006559038612926841,0.0001828438627423874,0.07135961929578066,0.029377563216684163,0.6928386429357979,0.00011245775407846212,0.9504898459493352,7.517236529829507,3.973460821739568,133.510190430435,0.5231524922386616,0.8297345340115355,22.385241506924732,33.83669751110776
0.28407272371801257,0.043293878052188844,10.138207261120863,0.010012974653706243,0.00894130787167549,472.0586879279063,15954.05529432878,5.312432748772582,22.130203665118913,0.3283850437654643,0.3812416505175736,0.27674223610925863,2.140859580813519,0.6083707377658243,0.827516965193377,0.5371698700470738,1.0011983745959252,0.8970980523415157,0.0007496007307510239,0.0065291864167192504,0.00018325404583452245,0.07164226542663554,0.029189012439593064,0.6972604621363792,5.6849873633114545e-05,0.9550634132087492,7.56650819742703,3.9938738878505955,132.75788259261944,0.5231491682303039,0.8318771448373288,22.2966649621547,33.70662041626295
0.28440626606345243,0.043015464058198415,9.987819292490371,0.010031340236522563,0.009008457508576349,472.7982441275299,15917.073196063802,5.220131766634931,22.062101390275355,0.32717562317267185,0.3815427186617824,0.27395522807368644,2.141243420412355,0.6090904847631134,0.8262261838204448,0.5415205830110386,0.9973297386470417,0.8903373108883618,0.0007489921480712727,0.006540294614967555,0.0001855228506914593,0.07132789566714476,0.02917454531533541,0.6889325014896197,0.00010894407077327502,0.9562762006603721,7.599745909476334,4.003111046134332,132.2955409829912,0.5186442314656878,0.8324584927664758,22.339983353706735,33.64899335829711
0.28427094917119244,0.04270427778217705,10.001823255203934,0.010012298675194833,0.009019592373976702,473.21631388449794,15960.338101965002,5.2533280819752735,22.154365884775274,0.32546838102913206,0.38400972585592485,0.2707208510070697,2.1510581964377233,0.604672745929041,0.8249401089661654,0.5414387330632466,0.9985797985933216,0.8895054468829238,0.0007465327607444143,0.0065358626473402594,0.0001860159628013657,0.07102709380917864,0.029175163591822078,0.6805911514060778,7.396009368437558e-05,0.9645853779788922,7.558183237463174,4.034256270107842,133.17991544539132,0.5179131616165065,0.8319553638962421,22.278979762889925,33.655069015599246
0.2857677309135093,0.04328528121470659,10.0002389219218,0.010079710678174553,0.008932843227632721,473.56344708807035,16020.997413289675,5.274210643518597,22.167419504776472,0.3240781433134739,0.3833219319948954,0.26763623160072053,2.146687629790008,0.6030144546114539,0.8236443510712911,0.5389386320110381,1.0010453457849204,0.885870551769474,0.0007443747948207002,0.006554220569398898,0.00018607930514814242,0.07154490181619497,0.029205828220854383,0.6810109877513839,2.9667319036690714e-07,0.9697586633952531,7.5736990751989905,4.027206323355384,132.37490741651496,0.521225731267832,0.8383657271490962,22.337370392767305,33.682729162540795
0.28634156646480086,0.043280222028347665,9.974742921011103,0.010163504719320126,0.008912388436052297,473.95119191907366,16081.641595331706,5.254200017832589,22.126523712375853,0.3250044453929533,0.387240324396557,0.2712435626713491,2.1639792611871433,0.607757674671019,0.8225678351790202,0.5419812782430363,0.9986369299276281,0.8866916835371382,0.0007468753127152625,0.006567626561555806,0.00018728334439891672,0.07171841375432696,0.02904493541597048,0.680887436158896,0.0001330369688344371,0.9696336776363429,7.5456980408668795,4.043202174286795,132.08948157944343,0.5290196191747174,0.8402649488907632,22.291301404175766,33.703261726902376
0.28755455545539316,0.04297125912508505,9.994122212367383,0.010194075020693617,0.00901141328081723,476.32752400723064,16078.337914095844,5.236078407621555,21.853714174382212,0.3275354101352876,0.3864670279168092,0.2698529878944459,2.1666425613300277,0.609740645788648,0.8274760818282495,0.5441885086130939,0.9988988483556279,0.8880190841326818,0.0007488212397713913,0.006633181576510668,0.0001868119918472504,0.07170908479756077,0.02919615449397218,0.6825109730580617,0.000135888546850092,0.9693214586692666,7.545193520430181,4.0544702065890865,132.719722904234,0.5243590208247816,0.8425837372902741,22.231056673679902,33.56780493898607
0.2880509043778244,0.04277305136861055,10.042407774433672,0.0102224607617776,0.008980782953654046,475.0708574296185,16193.222140485648,5.234136815434681,21.72277544936734,0.32983474088688186,0.38355031628814445,0.27234616142887735,2.163836064879589,0.6060905267438621,0.8309371569970366,0.5501770480294548,1.0048710936418257,0.8854425864007772,0.0007485232286221965,0.006656241681273918,0.00018755609005368507,0.07222462736251409,0.029246494641968452,0.6816658298236569,0.0001874596117259834,0.9693348999525904,7.545560330829889,4.072063979434552,131.6699404797422,0.5211259831483891,0.8375217128550602,22.352463019771164,33.6419973290925
0.288038661727787,0.043322529951847245,10.04302704665752,0.010232855847320982,0.0088947711876887,476.1045791370742,16186.80700519935,5.241779494271862,21.745560531435444,0.32603921497022537,0.3839323044644249,0.2726965891601963,2.1624027210591765,0.6024840604135709,0.8291369771641793,0.5502076400805963,0.9943446504735334,0.8852962897983018,0.0007478009062975877,0.006592238725680327,0.00018609459526978752,0.07236669059337192,0.029422516701231943,0.6804594933426311,7.474997231100513e-05,0.9747917149280867,7.607333180873432,4.068285322533407,131.72702613092343,0.5280404773577971,0.8359696261979938,22.278282460428823,34.05368721366211
0.2893375384431321,0.04268904054103798,10.034947813152495,0.010159590916147116,0.008823022805866476,475.94427232035224,16133.757744336372,5.23872989662228,21.949803726740747,0.32724112310855485,0.3878371088923739,0.2689155509168335,2.1666419289151895,0.6033008877132027,0.8264340221100742,0.5483143751422184,0.9939255280270762,0.877401414924601,0.0007468536772395037,0.006542849387889587,0.00018501569227527692,0.07275071772311184,0.02931312203279579,0.6824927338489939,4.1526654808819385e-05,0.9833487212620036,7.5270225440907685,4.05582257540984,129.62650670977038,0.526779316870712,0.8378326409433228,22.07396037427785,33.955267222413944
0.28627843491754423,0.042478158776046264,9.967621483395433,0.010186815477708808,0.008801455433430916,476.75869999689377,16160.437648913103,5.235096132029527,21.89797731901127,0.3278625806732557,0.38850832326945256,0.2705717842804803,2.1747428954988197,0.6058854920056992,0.8242729169332889,0.5519476409272228,0.9971070992220222,0.8747820443345389,0.0007420410898521816,0.0065283745620803215,0.0001848748603455197,0.0726583931397868,0.02952730903996475,0.6865166754442766,3.994237702168876e-05,0.9808536722874223,7.524497778753321,4.060126660938959,128.60610162839842,0.5219079111492401,0.835717951358105,22.152059935436924,33.914220468140286
0.2861779003283188,0.04257608414336698,9.9329330708068,0.01015458045088543,0.008711084888651728,475.5484886726914,16268.357870775757,5.235565674638383,21.75345181445495,0.3293120807946909,0.3900573727692211,0.27178397139754357,2.188178196854277,0.606586302356698,0.8263660409652235,0.555552650458712,1.0011536047972487,0.8745890314730543,0.0007417532310459457,0.006572984176497554,0.0001854423501232163,0.07225931079518207,0.029641307838999067,0.6853358855223337,8.951370468356892e-05,0.9848767580004048,7.495539152824726,4.060218904960588,128.29238920192788,0.5220267926091102,0.8354603618345867,22.230931101580666,33.831946015910745
0.28544269388575677,0.042486454112891224,9.989413435086837,0.010112211978920435,0.008699622047180616,480.7498462179881,16322.06435356008,5.246031526541063,21.67951808276551,0.32954742063805814,0.3904067642736553,0.2678143074945353,2.1862601972457667,0.6048372929506316,0.8256349623367684,0.5535561090221659,0.9962585554596629,0.8724447208718102,0.0007378782403048651,0.006583203139195018,0.0001847632670575642,0.07267681495930331,0.02981855032916181,0.6883710252631976,6.35868315487008e-05,0.9777096572647256,7.477063991296883,4.073532514548877,129.0982350529701,0.5200953720474989,0.8357711513927413,22.24658740427972,33.768096430036685
0.28529889672199915,0.04270468070613327,9.963575198663547,0.01007047353967896,0.00863464701427018,481.3166193448806,16219.954346693665,5.278498758711163,21.820232584188908,0.3296691762789484,0.39451497809521985,0.26560992446777004,2.1891068136734875,0.6067427348068721,0.8284795833390656,0.55026616100578,0.9901820171363144,0.87214800911209,0.0007357821826028917,0.006616656992677937,0.00018548447662076147,0.07311881598801911,0.029947811429295347,0.6884074486345226,8.463025698231684e-05,0.9753711290348817,7.463026199431682,4.073710068058819,129.00862312507908,0.5273712081907107,0.8352845775252833,22.240719451097785,33.7661519701438
0.28591452401468703,0.043274629581365825,9.915758663775177,0.010090299409747788,0.008555104644942808,481.5972472723593,16279.567341563985,5.291508521648434,21.727865532208728,0.3300424000885641,0.39784085671836145,0.26410442229867154,2.1777537874873447,0.6003453915960623,0.8247535636410805,0.5493644339809625,0.9881198413874936,0.865007839113155,0.0007346454208172684,0.006616311066350477,0.0001845064426997142,0.07350249133358448,0.0297856706304792,0.6876221775798671,5.895160365027545e-05,0.9697486400626655,7.47418206516751,4.073019894034322,128.56984392629786,0.5297912854483785,0.8344243794069928,22.20369687162494,34.0068878649452
0.28573427257719053,0.043363574232951965,10.013044114230103,0.010014044119981169,0.008500986202003713,483.4991592093239,16254.052087060307,5.260408665918652,21.683514034047324,0.3316353408468892,0.39880600829358065,0.2633284603461938,2.181605213282677,0.6036804598087334,0.8248957380316304,0.5497376162853136,0.98643412480083,0.8673629606737342,0.0007324936015685518,0.0066495812486899696,0.0001843470261934366,0.07353474622749297,0.029743061743957074,0.6943410371538008,8.811566390062002e-05,0.969757760351331,7.497678354776424,4.077391388416606,128.75670213987536,0.5340709832042896,0.835989233871709,22.215949146577977,33.84034033525842
0.2855155387003265,0.04285266015833799,10.067626616800132,0.010023241230802355,0.008484694697973128,478.30011666801875,16271.864612860783,5.275285126402856,21.5317589885948,0.3316779259117022,0.40193478503567676,0.25792961902588724,2.1902827494839174,0.6070142087745453,0.8266577647741049,0.5516490800470037,0.9921083288041266,0.8568309319419857,0.0007328171682061439,0.006656152355783139,0.00018439000777216314,0.07364027610777985,0.029586737855742784,0.6947634490566252,2.8058095964967385e-05,0.9739909910901756,7.483108171477754,4.0681468447318565,128.6024279136551,0.5324650723071702,0.8345995586372144,22.207461160845785,33.906979805850305
0.2860523047189398,0.043072480687841946,10.11979219305239,0.010059152041591577,0.008501124021629735,478.0959875577266,16324.011322771974,5.292894719759042,21.445628420742004,0.33181163561092913,0.4012890095854748,0.25796771553862313,2.1951760820946986,0.6089117670336969,0.831948434436748,0.5528601249042197,0.9952066577746009,0.8539888412317523,0.000729920088621779,0.006654567972843002,0.00018435573543666028,0.07381073384675899,0.0295974125662116,0.6955537366166441,4.786404160055274e-05,0.9821321351712194,7.495449657084684,4.110948556916635,129.83088609084788,0.5323898449922754,0.8373779572753987,22.234420938749132,33.9562321085992
0.2879359500354447,0.043382934261828314,10.081429205467094,0.010021554397210485,0.00852509481294213,480.5615706357431,16348.625018647106,5.28176081695835,21.271213560413322,0.3325395389088945,0.40048747565898,0.2593515389464872,2.1844880903255848,0.6108836401358669,0.8264099162000884,0.5518598140175364,0.9915615431076142,0.8535523795255446,0.0007298077324277801,0.006648091616388344,0.00018626822160333208,0.0730621998992629,0.02948018971917379,0.6982358963402404,0.00018312105507031876,0.981377790487882,7.4844133728454585,4.0979224294152985,128.7025129648644,0.5347240184716295,0.8336435812731293,22.287836369970332,33.92427799975561
0.29004193735732536,0.04322604695443781,10.131634268668414,0.01008935486078483,0.008514787904111457,486.86277589281485,16349.097339670516,5.294161123387923,21.269848421623532,0.3329150350685656,0.4003653944655077,0.2611556780242815,2.2079038849459325,0.6089062301794158,0.823164267614788,0.5555140341841398,0.9835391052314247,0.8559002425350849,0.0007345983809957816,0.006635138591023591,0.00018632486227795997,0.07363979217852422,0.029482744679787825,0.7008150737156578,2.65103950158186e-05,0.9794070370341686,7.479586664238949,4.089539948409063,127.78645671261886,0.5272076880425695,0.8292569340953255,22.278437902119627,34.041039135417314
0.2886911532743884,0.04291935581322345,10.129277907058086,0.010040789770601513,0.008526546203382022,485.0654713387854,16422.93760541736,5.307882129765511,21.293914257489654,0.3340289159506916,0.3984990036704629,0.26219447684285674,2.2136898419358966,0.6050167960535623,0.8289154711573783,0.5538872207261561,0.9896336454116181,0.8562735086843051,0.000736295670481351,0.006664359296833659,0.0001879584737506043,0.07444681435686122,0.02947951328180978,0.7008281749268956,9.974661021583544e-05,0.979075756945399,7.5055889294031,4.0748457501963244,127.9449316612164,0.5280743201227436,0.8358875553836466,22.12975464752864,34.07922125334723
0.2873386602900064,0.043131632541631604,9.980341429202095,0.010065895889696386,0.008534019954202372,486.7649947418789,16436.835373012113,5.347573821001782,21.25261409650074,0.33542912725458796,0.3991366472510929,0.26244138975892956,2.2081243581734595,0.6033955187652326,0.8267135028353667,0.5498965215541239,0.99227672125057,0.8600687835333375,0.0007352594117506627,0.0066932975894847604,0.0001884850862509276,0.07429995580789872,0.029461166018878958,0.700507292368438,8.366860451681824e-06,0.9769147006083716,7.541085578590104,4.052410589618206,129.42461307530053,0.5311222251128219,0.8351669535503298,22.102310076113692,33.995897557081356
0.2860370382094804,0.042865608421213515,9.908585685682407,0.010073913312155802,0.008499598877867337,488.7479601474621,16431.855695093338,5.375144833490335,21.15545763117529,0.33655569903563565,0.3997811486429346,0.2619805646646382,2.2055904917885134,0.6032904890708186,0.8254797952628155,0.5493271696317196,0.9906729036121154,0.8522179322722564,0.0007327771013232858,0.006751745937191246,0.00018806505958020932,0.07433747762907746,0.029585831473098113,0.6988118760226674,3.606297869116772e-05,0.9800383135199875,7.552369113064887,4.059706848996431,129.0380395969483,0.5331728478820915,0.8397271833008195,22.087609764371507,34.18026486988443
0.28529585284641457,0.04223373189060192,9.986556020583464,0.010077318322333747,0.008413332676809772,487.82137638754676,16356.215536808431,5.381257575739718,21.182927799387404,0.3357077415652129,0.40039139426593273,0.2619460244119423,2.211205169119195,0.5989404148244754,0.8244826641145636,0.54994889453684,0.989298130720332,0.8615295564085085,0.0007364594581823912,0.00677429135896197,0.00018835302830606205,0.07474780265495197,0.02980336462734187,0.6984936211674657,5.178346859074473e-06,0.9731689874532525,7.608006338743286,4.058223283892782,129.75429858517745,0.5300413124013766,0.8331657552902978,22.137408507172793,34.088832967536874
0.2879085347950733,0.042441483080822684,10.091630677555258,0.01007529286500538,0.008434957208838807,488.36166328273606,16342.491425985334,5.365998477509659,21.29673932871988,0.3350325730100045,0.3991556361730066,0.2621174554454749,2.2126543536681185,0.6001403867808215,0.8222971090430947,0.5477783054499343,0.9742060839237646,0.8595107719098182,0.0007358907655713327,0.006806286352842299,0.0001895362998520488,0.0741084513933462,0.02983152270106605,0.7040771207145503,8.984421776549066e-06,0.9796013092954184,7.579824537526211,4.010048061609932,129.68594387217868,0.5399881240320025,0.8343955117748624,22.15969958856034,34.07197301081993
0.2847372102702761,0.04219197642457667,10.171284694393227,0.010061485213086486,0.008401558757225463,487.9363384649544,16319.744298492144,5.355227257544504,21.34412805406354,0.3370397636571272,0.3984489144198706,0.26366196200840064,2.2125572303745917,0.6069104637706879,0.8200609632149499,0.5460323821242387,0.9770371137021234,0.8588873668850247,0.0007379846979191108,0.006789389471947817,0.00018845244849018705,0.07385347526808121,0.029650136195344092,0.7085773863555613,0.00012384002338741286,0.9741287822491982,7.509202501057943,3.997706061510715,129.08152465200706,0.5366945927635395,0.8362100059785812,22.22704807223603,34.250642169141884
0.2862062081670994,0.04217238209962658,10.249588237530924,0.010042435658127393,0.008468456197772254,488.93519484654905,16258.314098110633,5.344862287632517,21.455524383251532,0.33523254828776283,0.39783145262627956,0.261477214730656,2.2001429735341644,0.6079157638720067,0.8180400154802777,0.5463034312383823,0.9770121519586418,0.857939504403657,0.0007375712497917313,0.006786233904438792,0.00018860215400792187,0.07386036755067263,0.029854728085628543,0.7104332253633083,1.2920620050126293e-06,0.9737845039823494,7.493832731112966,4.001438948705562,129.51801492642463,0.5388267337849527,0.8370762926341666,22.252856488352403,34.13772511539078
0.28726548208824143,0.041536814141444466,10.195898273282712,0.010027664300365674,0.008461865934741785,488.113040233031,16170.854267114442,5.346464654172865,21.704489112680125,0.335089249273642,0.3972624292151979,0.2609802642091327,2.202246371943458,0.6083251677521553,0.8180335945257567,0.5442267616056301,0.971884360647486,0.8608600573927316,0.0007406709656287431,0.00682973579686159,0.00018809567401932323,0.07380711462526604,0.02974800089293069,0.7099340228682695,6.615684204371875e-05,0.9684226918880394,7.562673281468253,4.009759359249675,127.77466344147474,0.5341348774336604,0.8359977439905754,22.12275165080323,33.74209724302714
0.28883301283355955,0.04133314515407233,10.078091382390827,0.009990760167462242,0.008494177715517727,486.97163680655063,16150.222260551982,5.308524378498075,21.612441120062826,0.33437386590644286,0.3977001664026629,0.26004793719564206,2.1946412096815986,0.6076307944586129,0.818420208541274,0.5451320685732011,0.9706020543397192,0.8595977911816177,0.0007394150590216557,0.006838731901741299,0.0001868305933654015,0.0736417013056025,0.029814206422235055,0.713782892799076,8.02180983844874e-05,0.971157530063822,7.5433477337567565,3.994438433742567,127.53664196695242,0.5340407575401972,0.8365110266720865,22.17306507969535,33.85667615779151
0.2882195937273101,0.04061018729946164,10.079491324868174,0.01004447607639297,0.00844967298642924,483.38444539471806,16068.626810963848,5.335546979727191,21.522338205073254,0.3365555591365152,0.39689838033936764,0.25935565628028295,2.194390444510379,0.6064011759135899,0.816771380679462,0.5447741835114285,0.9703855153445742,0.8524154618529203,0.0007372285438374185,0.006827560447892004,0.00018862175004230708,0.07321677668935662,0.02988971751736762,0.7203271525228873,2.0143620176043983e-05,0.974135190957265,7.538130376528966,3.9777519499441936,127.47458982902062,0.5308214131332374,0.8310123704541226,22.243618462868838,33.65230732876548
0.2883521834537159,0.04141764229266515,10.135680384480649,0.010035227601139304,0.008396719614844787,489.97727704699827,16111.057157172125,5.3438983256202075,21.559075115267042,0.3350765547661648,0.4011684540457785,0.25661752629822926,2.197904506438695,0.6061249819018178,0.8166397312667532,0.5416088376081659,0.9706506486020692,0.8494332079061584,0.000742106762127873,0.006780922187543869,0.00018852070702463883,0.07280405932287744,0.02965306459047802,0.722464589482671,0.00010579378515378167,0.9746698538787341,7.5317001257230825,3.963720081418038,127.59575093364919,0.5317656845037807,0.8298862047922897,22.26513509290494,33.774102817741834
0.2867602666572393,0.04170090803113024,10.15074364121672,0.010028602687445078,0.008360387875753546,487.3875479531942,16217.13969308722,5.344092071667902,21.597251268279454,0.33688345665639996,0.40071616276871386,0.25691248193081284,2.1871883069170646,0.6084440470951962,0.8182334828980717,0.5422316435171362,0.976192061770427,0.8488904417083438,0.0007398341094144466,0.006780001798516554,0.00018875701465365867,0.07269291469318427,0.02946251118916032,0.7179049856717084,8.307952015574918e-05,0.9721107683918863,7.531424298200316,3.9396108016370905,127.27714715221774,0.5342583461807334,0.832116083777101,22.276604387688852,33.59119876198351
0.28373213390534563,0.04173471384896263,10.232452190698515,0.010011937358624413,0.008402590284152718,488.843555043114,16125.769146120168,5.325866310446975,21.663820841096722,0.3350072529854393,0.40017061714287255,0.25621850050813977,2.1872411619054737,0.6120070823403325,0.8130607775844344,0.5353581971372077,0.9735764333284863,0.8471986211227192,0.0007390246106140762,0.006792541228916633,0.0001877688619842254,0.07308425508114685,0.029562081589717976,0.7160362599527689,0.0001066137457953586,0.9686382639263217,7.565924996761694,3.931408481299068,127.2568671265513,0.538560295012144,0.8313542588577426,22.192298035492602,33.56451832291688
0.28431173442124386,0.04138620167021382,10.215594657816528,0.010021062961192184,0.00833809432683337,494.3845321700967,16110.290566524562,5.368354118012904,21.58960301044741,0.33654471939370567,0.40057524558965363,0.25467614024439283,2.182001146329172,0.6111307276079518,0.8136602545956105,0.5331358411245953,0.9679542375753327,0.8409442853026096,0.000731992446652204,0.006806761388028147,0.00018892145767933995,0.0732282949522627,0.02971550412843123,0.7177293707714445,7.227004674327997e-05,0.9621550281305892,7.495186830424038,3.9340141181693635,128.92579032808015,0.5400322271620468,0.8333556918761713,22.326531613865175,33.73611291148952
0.287908233453337,0.04105407762884787,10.166638315075776,0.01008832211396285,0.008409954661844113,493.9671295161865,16085.964015078878,5.366295574422465,21.698324247935812,0.3379509603779347,0.4030665194409128,0.25369192129251916,2.1836120037231295,0.6077202626877818,0.8161969335585424,0.5336943881330014,0.9677849902059792,0.8358960518664471,0.0007349656979052414,0.00681135395021501,0.00018847260998779673,0.07277737991601656,0.029727041408832783,0.7139448449847444,5.4577762478732024e-06,0.9615802197848404,7.5034096854385135,3.9046294849360965,129.72483173213305,0.5441585347819852,0.8323407925331296,22.342988982122048,33.69685708168409
0.28816284280818033,0.04115897073731637,10.205942160869382,0.009997436109800006,0.008410179713789677,493.0284206981445,16086.665328079229,5.43315719282713,21.818898143367843,0.33641312760141656,0.4040777704007712,0.25542854085935685,2.187886670974341,0.6098376083158016,0.8153952899482979,0.5349037470982286,0.9558457314600377,0.8269250868779053,0.0007256338243643714,0.006789100880122458,0.00018698593317721383,0.07283031199174678,0.029591891002458223,0.7104374226127873,0.00010093741088680414,0.9653015170017036,7.539463716642648,3.918700209344451,129.42979258243767,0.5387901413952072,0.8285862507160666,22.29280333630274,33.71592909761693
0.2888811533436706,0.04159144608791591,10.17292770085202,0.009912585649948218,0.008407983177902844,497.6407510335342,16059.36021439327,5.437728284005188,21.675795238548673,0.33536636995172575,0.40770155472525366,0.2563053406333467,2.1906706785197145,0.6071489436519995,0.8099419443922948,0.5364300864429544,0.9538689873937032,0.832546482325216,0.0007299782586057109,0.006783331890935005,0.00018387777344426123,0.0724732933038772,0.029482203835817605,0.7091300762001612,2.03534765485011e-05,0.962302631698355,7.512310668205539,3.945342506864664,129.18610353279306,0.5380466602762256,0.8230189878924508,22.277099717756073,33.449911521358175
0.287256933142748,0.04139810992872191,10.131586109039372,0.00989794529429261,0.008437524029385116,499.7531109156312,16050.52389543788,5.421484499336783,21.728184602029764,0.33463442826956175,0.40646604184450946,0.25709934482554014,2.1996347314051774,0.6105163022545677,0.8121049686368886,0.5339875038995852,0.9541613330272856,0.8286006508489235,0.0007330922507226629,0.006813024031417078,0.0001848076011089212,0.07284449713814013,0.02966836166872502,0.7047172136036239,1.395074114840699e-05,0.9684562131157727,7.543599352566201,3.9572587203708642,129.14820927230917,0.53329189258259,0.8193105656897741,22.31969342785349,33.54249876430398
0.28652214213923627,0.04120583041094349,10.074822598692007,0.009957037158119823,0.008415389370263737,499.96430113493443,16036.205736390028,5.458735420527407,21.676380947231962,0.3340633271830099,0.40809935731786795,0.2598949475327651,2.1876121445062644,0.6066798162425656,0.813032158939636,0.535069825001068,0.9440315218315667,0.8350091620566379,0.0007325356080743632,0.00684446646089449,0.00018390657486354415,0.07337583259545996,0.029931758422510474,0.706837766613687,6.085707679800123e-06,0.9738668071822237,7.573817102947816,3.9699752754982627,130.24685130355002,0.5386977886694857,0.8263396661283089,22.49232471101476,33.49623702277359
0.2863245907698579,0.04146079187405896,10.03721819199875,0.009994513957250435,0.00840333581965301,501.8550314443246,16107.746044311862,5.45033384217246,21.690061482831712,0.33266805058432725,0.4096810087702944,0.26000152479371397,2.1851741567542793,0.6084866375185591,0.8124283811451183,0.5384848355777866,0.9379679187088482,0.8302439580118843,0.0007359553942132569,0.006865959705510895,0.0001838030213785059,0.07327955042244576,0.029842639989204934,0.7011940996744399,4.227456370623066e-05,0.9797353433580908,7.582084350807234,3.9851038507226852,128.77811140929722,0.5399269695638739,0.825274400018111,22.498129956665032,33.28928404018248
0.2865905246212819,0.04121132204289646,10.094298204574496,0.0100510147266133,0.008424296881074636,505.2322105792421,16168.525378808756,5.452306283274237,21.75207212492379,0.3291744750845882,0.41424965335830655,0.260008912813485,2.195732567146021,0.6102892893169252,0.8131172216957069,0.5346507589291762,0.9420337360080404,0.8320557513868352,0.0007337344472004519,0.006816562049312332,0.00018456490686033776,0.07324458890353529,0.030043915917103182,0.7023518366085348,2.721162257747389e-07,0.9817972335418561,7.622545634325185,3.9934385432864845,128.87221685860325,0.5400571402855388,0.827848829961764,22.42033404247317,33.18678196207975
0.28881205910054,0.04189436115382573,10.22017882350534,0.010039364352738866,0.008481343024968908,506.72656515283904,16157.479234848888,5.457952310774757,21.611031410195075,0.3284089581726372,0.4169485406028021,0.2570735178705539,2.2046898728664672,0.6095491444944436,0.8141971722951924,0.5349818767202823,0.9467110080248314,0.8243914472212255,0.0007277600243360304,0.0068371469218304,0.00018433448508725173,0.07318919100279828,0.02996298015622249,0.702607365891395,0.00010203293051639628,0.9791207196241378,7.624737840290768,3.986304224429308,127.94112476575953,0.5435848077041804,0.8349779322342745,22.38969558290622,33.07102505497536
0.2917759194081305,0.04204878796751474,10.246076289522225,0.010021416384946072,0.008538606421896229,506.2749266357351,16145.559953473658,5.420508613000721,21.59201840736354,0.3277145804510933,0.4144067454437847,0.2559858983670407,2.2190861972366167,0.6116055173524898,0.8098691873707363,0.5359712033205725,0.9536694873885634,0.8209458202873724,0.000725530386135098,0.006893245547561193,0.00018413792815335839,0.07272339315995356,0.03010830772516189,0.7056526606846094,1.0994344325954234e-05,0.9777089777771006,7.596656719204388,3.9892981082945003,127.06990222218138,0.5460809955343748,0.8378280769733574,22.448559103711872,33.01195362271873
