0.769973404,0.07536495,21.11993975,198.9310632,5801.554123,6.012997851,15.073492,0.258983476,0.245794078,1.914583128,0.580970834,0.8845235,0.724486426,1.137307368,1.13476149,0.000501692,0.005244718,0.000181946,0.79949032,2.03E-05,0.305348069,143.9309027,0.283000711,29.83179336,0.901418611
0.771105197,0.075439179,21.09613239,197.3234554,5766.134545,6.023262023,15.03777415,0.258143832,0.245022582,1.918976944,0.58350278,0.886450112,0.726340048,1.142375391,1.140852147,0.00049563,0.005208746,0.000182669,0.796404537,4.70E-05,0.306852774,145.0122433,0.283514733,29.56156777,0.906633994
0.774976941,0.074280375,21.18268778,197.1158455,5730.711013,6.045441997,14.96500995,0.258807261,0.246135676,1.931592256,0.585842059,0.88645874,0.725715077,1.136532703,1.142169432,0.000498803,0.005237903,0.000183589,0.7996248,8.47E-05,0.307687368,145.0218306,0.282337688,29.43453475,0.901533833
0.775590793,0.07475198,21.2426182,196.9869345,5761.861583,6.052625378,14.89457012,0.25805121,0.245407126,1.934658067,0.586217052,0.884787475,0.725107237,1.133814714,1.139086357,0.000498451,0.005241135,0.000184154,0.801029911,5.65E-05,0.307865341,145.575358,0.285831337,29.51029758,0.912366259
0.776418404,0.07907441,21.27861899,197.0618767,5712.812364,6.032965568,15.02118495,0.256290944,0.24441959,1.955244439,0.587997001,0.885665847,0.726468764,1.137101128,1.139663175,0.000497765,0.005237797,0.000183641,0.801397148,6.79E-05,0.309528096,146.2677376,0.285400741,29.62793181,0.903672025
0.772095591,0.076828265,21.3237548,198.8090275,5703.859418,6.004333511,15.00935514,0.256161881,0.246537784,1.95908675,0.592163419,0.884006941,0.72916225,1.142389347,1.142870786,0.000497994,0.00521092,0.000182964,0.799662085,1.56E-05,0.306034842,146.4577434,0.284409884,29.9398405,0.901032677
0.766747674,0.083374757,21.27061642,199.6511087,5667.26555,5.995729415,14.99825987,0.256199534,0.245390242,1.961021893,0.593071494,0.886731833,0.732802934,1.134581448,1.143122639,0.000495261,0.005242982,0.000182367,0.798126735,1.34E-06,0.303826452,146.1732277,0.285748794,29.67614979,0.907254458
0.764664651,0.083499768,21.37738544,198.8893325,5617.571485,6.016923616,14.9534095,0.256508009,0.245035563,1.965921891,0.592288483,0.886905062,0.73094316,1.134625119,1.147290637,0.000499847,0.005227523,0.000183254,0.795161753,3.38E-05,0.302115593,146.1334786,0.286444577,29.58364755,0.897856972
0.763770364,0.093682328,21.3871718,196.8025067,5594.85536,6.064926026,14.99368862,0.257780079,0.244384445,1.966636203,0.587446924,0.89052189,0.72876478,1.133666102,1.148003165,0.000498706,0.005218207,0.000184293,0.798831207,4.28E-05,0.295855004,146.1215175,0.286286892,29.84989165,0.899624711
0.76457852,0.09065294,21.30413664,196.7506379,5609.639822,5.969161251,15.03648905,0.257397403,0.244312041,1.965855681,0.586852225,0.893676023,0.730413328,1.136576223,1.150712234,0.000497181,0.005211736,0.000184756,0.800807528,3.86E-06,0.300294066,146.0701227,0.286999461,29.81450475,0.898977617
0.766868005,0.092358172,21.34753715,196.4931785,5550.413257,5.993508673,15.05271841,0.257089422,0.24571485,1.962111701,0.589302333,0.892189251,0.73020232,1.129021117,1.157039856,0.000499054,0.005241067,0.000184398,0.80132367,1.18E-05,0.302602183,146.6484911,0.288751711,29.82502226,0.899400103
0.767198263,0.091899548,21.63768505,196.2739796,5492.041492,6.049360247,15.01912201,0.256890896,0.246850922,1.969483641,0.589720552,0.891437878,0.728793193,1.137143415,1.149376113,0.000498261,0.005255445,0.000184108,0.799294209,1.93E-05,0.302887745,146.6405928,0.288635002,29.94756814,0.905113649
0.769528261,0.093093909,21.6266386,196.819644,5498.361201,6.034498593,15.08760779,0.256884283,0.242872732,1.979948554,0.587861956,0.892798178,0.728257142,1.143073804,1.151456236,0.000499022,0.005241437,0.000185074,0.799481366,3.20E-05,0.302799154,148.0811422,0.285640104,30.08822468,0.903643646
0.768669658,0.101431532,21.6961632,198.0557973,5502.299146,6.015189101,14.99107997,0.256029037,0.242786855,1.987030616,0.586705902,0.897350369,0.726514913,1.147420585,1.144848913,0.000500882,0.005241176,0.000186691,0.801587004,3.02E-05,0.303014137,146.4948786,0.282432931,30.06531138,0.90936211
0.767548969,0.102942668,21.67645996,197.7040561,5509.320962,6.058443149,14.91539446,0.25466231,0.242440415,1.983968921,0.588933605,0.899557436,0.723837728,1.148026764,1.14586149,0.000503075,0.005255053,0.000185571,0.802128668,4.69E-06,0.29890795,146.7979603,0.280684191,30.22892904,0.912037661
0.757342773,0.097172243,21.72381485,197.3772708,5484.805855,6.066655764,14.96408812,0.255865559,0.244974928,1.980944661,0.593217486,0.902106128,0.72347445,1.153988236,1.142526799,0.00050147,0.005226151,0.000185793,0.799180817,6.69E-05,0.299612136,146.854972,0.280804725,30.69053026,0.911126373
0.761368269,0.093273025,21.845395,198.1406349,5536.348793,6.054109658,14.96317256,0.254649407,0.24906128,1.976765419,0.595750816,0.908240961,0.721974036,1.14592347,1.145704958,0.000503097,0.005251092,0.000184788,0.80248559,4.88E-05,0.303211264,147.1866901,0.279536295,30.78422811,0.916691135
0.764306869,0.094867996,21.83943384,198.5005097,5565.191485,6.063937892,15.01597618,0.254397873,0.250686136,1.9773549,0.596558312,0.906297357,0.721128316,1.145717431,1.142774376,0.000499019,0.005237953,0.00018534,0.801772542,5.13E-05,0.303501884,146.5426813,0.278262004,30.8382488,0.917334776
0.763313085,0.099921604,21.76868944,197.8855964,5536.277282,6.084081571,15.06451784,0.25406978,0.250882651,1.990692744,0.594574841,0.909315271,0.72026372,1.143629264,1.143968181,0.000500891,0.005270618,0.000183974,0.803241452,5.56E-05,0.302196527,147.1178269,0.277970088,30.86139996,0.921686942
0.760717861,0.099293262,21.81107372,198.4678476,5494.828566,6.101870926,15.17986758,0.254255085,0.249111089,2.007052452,0.591582306,0.906539596,0.720225392,1.148934501,1.152314401,0.000500005,0.005234876,0.000184142,0.80368671,3.82E-07,0.297613902,146.3853841,0.276956725,30.82110838,0.918403353
0.752986987,0.099767622,21.98726512,197.2165184,5508.392669,6.151449514,15.12425227,0.252992245,0.249243351,2.015558993,0.589834654,0.90530186,0.721706477,1.138079509,1.144531619,0.000502479,0.005210269,0.000185597,0.807996501,9.47E-05,0.29181705,146.8288432,0.277138502,30.90112344,0.924450397
0.762014911,0.095677799,22.09986426,197.1373862,5502.452444,6.172049784,15.20574725,0.251618482,0.248936057,2.010006808,0.588784505,0.903070432,0.719195217,1.141191009,1.15173908,0.000502427,0.005218902,0.000185017,0.803070656,0.000156864,0.297908551,146.288524,0.276956364,30.74429623,0.922924641
0.757686377,0.098024853,22.22079545,195.991459,5543.106403,6.168356809,15.26844195,0.252342026,0.246664624,2.014210486,0.587307882,0.906621996,0.719207678,1.138347801,1.152562266,0.000502203,0.005206865,0.000185591,0.805567459,1.76E-05,0.296048127,147.1008959,0.27651327,30.77601918,0.921347779
0.764181966,0.100898104,22.47471647,196.1181061,5531.742453,6.174588521,15.2416264,0.253683552,0.246028708,2.006331019,0.587583118,0.905263111,0.72879067,1.13926075,1.151450136,0.000500155,0.005182524,0.000184747,0.802197664,4.01E-05,0.296502949,147.0427402,0.275180266,30.66096419,0.917938441
0.764549296,0.094550393,22.5715158,193.3408123,5536.804568,6.148429703,15.41155134,0.25256827,0.245643487,2.000504108,0.585563131,0.901844509,0.720354009,1.140654121,1.155610275,0.000498245,0.005164223,0.000184299,0.801445907,1.03E-05,0.297128511,146.9700919,0.276565499,30.67691769,0.921277843
0.763241846,0.095859247,22.73659679,195.2452299,5535.291442,6.096572357,15.43877277,0.252458822,0.24602765,1.995694928,0.58697667,0.903672373,0.717525852,1.13852919,1.164848329,0.000498481,0.005218581,0.000185147,0.804195909,1.07E-05,0.301905783,148.892173,0.278623326,30.60035321,0.917157035
0.762012335,0.093505155,22.81173337,193.42246,5558.392476,6.057035233,15.41791091,0.251850765,0.246428694,2.014826416,0.58500442,0.902864476,0.720716079,1.149122438,1.165284232,0.000500451,0.005221849,0.000185128,0.81024433,4.00E-05,0.289993377,149.4288646,0.279332034,30.90426745,0.928222953
0.769288138,0.101697378,22.70992023,193.1271104,5594.334938,6.116468433,15.38685348,0.251684069,0.246641269,2.01524611,0.584918164,0.907339086,0.725956493,1.149892831,1.159216782,0.000500219,0.005182073,0.000184787,0.807947854,4.08E-05,0.295035419,148.4869593,0.277583691,30.86197227,0.92631915
0.767144336,0.099265912,22.74020142,191.5270629,5598.1329,6.117376589,15.35160908,0.252031156,0.246049342,2.016247057,0.581811945,0.906200669,0.731721361,1.146951506,1.160932022,0.000502106,0.005205333,0.000183443,0.804368593,7.93E-06,0.293797688,148.4587294,0.275883671,31.0502009,0.926044269
0.765244263,0.096583281,22.71345917,190.4636711,5562.640661,6.170630704,15.28632288,0.250538943,0.247374664,2.007023088,0.582163927,0.906964069,0.727759059,1.14886295,1.175339272,0.000498654,0.005239538,0.000183793,0.803575158,3.43E-05,0.293481994,147.7231592,0.274826923,31.10687398,0.923650124
0.762838949,0.09234774,22.83694602,190.9229811,5553.174433,6.187731012,15.24705749,0.249673516,0.246858644,2.01742903,0.580309554,0.906157136,0.728529437,1.150497158,1.179228031,0.000497656,0.005224777,0.000184249,0.798903512,4.71E-05,0.292551353,148.9788265,0.274854836,30.94184364,0.931210102
0.764878804,0.089178853,22.90994647,189.2125162,5527.085457,6.239252062,15.19947775,0.250092121,0.245269599,2.021888329,0.582142938,0.904122483,0.730109364,1.153737383,1.180488161,0.000492273,0.005296755,0.000183539,0.797878307,2.06E-05,0.294135696,148.4274085,0.272766686,31.13960106,0.938068439
0.762010101,0.095561896,22.8991267,188.3757658,5541.254011,6.204453306,15.2702326,0.250707348,0.245503807,2.013180616,0.584001465,0.904212596,0.732963498,1.152261602,1.167690372,0.000493134,0.005299419,0.00018398,0.799639634,1.24E-05,0.290671929,148.9284717,0.273618307,31.0407726,0.927531819
0.762466938,0.091738298,23.06730943,188.3159256,5541.255148,6.262188887,15.33153913,0.250893489,0.244854223,1.992676327,0.581908084,0.906162385,0.732567082,1.155117602,1.173930264,0.000497475,0.005306485,0.000183269,0.801924887,3.17E-06,0.28785185,148.4815251,0.274318707,31.22118302,0.936283674
0.758394015,0.09275376,23.04857419,188.9529876,5553.00258,6.25737525,15.49366801,0.249374772,0.244236292,1.980209159,0.584424579,0.905825347,0.731170862,1.155252336,1.179272281,0.000494056,0.005298667,0.000184936,0.799855144,1.37E-05,0.286677061,149.1555256,0.275214261,31.40959658,0.934059697
0.763896267,0.09442742,23.19357223,189.257717,5552.450812,6.255645582,15.43654189,0.248303948,0.243435299,1.973568261,0.584165396,0.904566039,0.728919045,1.161908894,1.181443672,0.000496032,0.0053331,0.000183072,0.799567235,8.00E-06,0.284755934,149.8064141,0.272320557,31.54288675,0.927365494
0.762748781,0.098440539,23.19036064,187.1676846,5516.03293,6.289274081,15.47358948,0.24918639,0.245374876,1.972964668,0.583685234,0.906230828,0.725664096,1.151824176,1.171468509,0.000494864,0.005349757,0.000180998,0.799574862,3.75E-05,0.282976547,149.9868752,0.273321669,31.56598764,0.929888465
0.765473333,0.093883112,23.37572083,188.3826629,5521.077783,6.305681794,15.58503588,0.249469389,0.245130435,1.970713385,0.586136591,0.903350709,0.727460664,1.148616351,1.165819057,0.000494894,0.005352562,0.000180956,0.797313656,9.19E-05,0.280273607,149.9104688,0.271383696,31.65038617,0.930606969
0.765831652,0.089926191,23.34676255,189.2952804,5472.926759,6.254115343,15.51618346,0.249746572,0.245555865,1.966396129,0.578887233,0.901582793,0.734665191,1.150039127,1.169718608,0.000493806,0.005335098,0.000180894,0.796613934,5.93E-05,0.279063821,149.4449968,0.265784762,31.6333492,0.925519095
0.764405734,0.094363684,23.43437902,187.6058554,5490.353182,6.261054609,15.47025453,0.249253209,0.245223984,1.960054961,0.582026587,0.903866612,0.73211414,1.152231666,1.173305691,0.000493412,0.005316368,0.000180028,0.794711871,3.90E-05,0.277210565,150.4119929,0.268593725,31.64021331,0.924901219
0.762802413,0.089798061,23.34517963,187.4155535,5464.996325,6.292103743,15.39533109,0.248109075,0.245515734,1.948671339,0.583235313,0.906484348,0.728358466,1.159095825,1.165914304,0.000494054,0.005296645,0.000180469,0.799405051,1.76E-06,0.282684265,150.9347741,0.267895457,31.62899167,0.921297098
0.761586652,0.09312957,23.32697826,188.3676412,5448.867215,6.269309322,15.31367561,0.247114578,0.243234056,1.96027886,0.575100782,0.906052251,0.735039618,1.166464358,1.16565886,0.000495227,0.005361212,0.000180092,0.801181904,3.21E-06,0.284167777,150.2380731,0.265422306,31.60112075,0.925166799
0.762617307,0.09806028,23.32110007,188.5012669,5378.795109,6.296548887,15.32531929,0.245832903,0.241894267,1.987173857,0.57264985,0.905094868,0.73801205,1.171854755,1.175091848,0.000489452,0.005358827,0.000179399,0.803404628,4.08E-05,0.28069655,149.8953878,0.267137511,31.48975365,0.923644985
0.76127887,0.10238527,23.26965933,188.2435496,5367.343853,6.30456876,15.47319447,0.245116894,0.242445447,1.987934404,0.579465541,0.900597713,0.74018947,1.174980135,1.17695265,0.000484943,0.0053432,0.000178695,0.800134213,4.31E-05,0.28559795,148.8674229,0.27132016,31.39467326,0.932657545
0.756147348,0.099583794,23.145997,189.0278342,5315.629009,6.290050784,15.37611465,0.246084934,0.241228728,1.984528377,0.580683859,0.897144302,0.739562487,1.178602828,1.176496853,0.000483037,0.005342123,0.000178515,0.804308658,6.21E-06,0.282584919,149.765269,0.270226488,31.49102908,0.934812789
0.760080589,0.101642405,23.12101559,188.5959189,5324.563933,6.305313871,15.46616074,0.246939351,0.241137658,1.98021762,0.582079517,0.897923818,0.74375961,1.176222789,1.173948772,0.000483201,0.005336933,0.000176944,0.804703951,6.60E-05,0.279223742,149.2125391,0.271109579,31.65447924,0.937064517
0.756142398,0.100538273,23.20448331,188.9557979,5309.135644,6.263918324,15.49634843,0.246443045,0.241135191,1.986737221,0.584408579,0.896664846,0.742014902,1.172821341,1.174547147,0.000484169,0.005304246,0.000177315,0.805857378,2.88E-05,0.279351267,149.148944,0.273363659,31.79772752,0.938147425
0.75439239,0.103306392,23.31331476,189.6608226,5339.52663,6.275613397,15.38500199,0.247755568,0.240625742,1.992839859,0.586263365,0.890641676,0.745617873,1.170833085,1.173345889,0.000487259,0.005268633,0.000176907,0.805735521,4.28E-05,0.275699373,149.2989505,0.272034646,31.61526897,0.933970892
0.75083198,0.105570258,23.40352075,189.4875438,5330.530147,6.314037701,15.25841491,0.247857537,0.236723267,2.008968036,0.584333464,0.892236697,0.749967164,1.172497524,1.179580214,0.000488779,0.005252117,0.000177288,0.806244198,3.04E-05,0.274417293,149.6134414,0.273480645,31.89537496,0.928977192
0.758263418,0.102521412,23.3397242,188.8697826,5349.256888,6.292766638,15.27928062,0.247342146,0.236135404,2.018154082,0.580991415,0.89486841,0.753254079,1.174913739,1.179709524,0.0004877,0.005305855,0.000177086,0.806889203,4.75E-05,0.280793331,148.6394558,0.276382835,32.11146714,0.919881316
0.761987517,0.105232246,23.45149816,187.540834,5361.977014,6.339645193,15.34576468,0.247065325,0.236787199,2.013760032,0.579090612,0.893257393,0.750689536,1.18071686,1.187539075,0.000488758,0.005337386,0.000176991,0.809311378,9.73E-05,0.273726343,149.7759012,0.275099642,32.02478764,0.918826886
0.759329047,0.104596041,23.42422215,187.4452624,5372.999319,6.382901914,15.39267405,0.24839893,0.237145944,2.026989873,0.581560025,0.891452645,0.747573233,1.179017688,1.191062472,0.000490045,0.005345006,0.000177641,0.8098534,2.74E-05,0.272819278,149.1915889,0.274598318,32.11492051,0.917652717
0.754563375,0.104268053,23.51628791,186.0376683,5329.422603,6.399672078,15.38831347,0.250946207,0.235717664,2.045480083,0.580455698,0.885613337,0.743904713,1.180425965,1.19124398,0.000490636,0.00533527,0.000178019,0.8085803,2.02E-05,0.267871026,149.186479,0.272105413,32.08639801,0.914647489
0.762079967,0.098877366,23.59514231,184.0919978,5285.618384,6.421176279,15.36449552,0.250053541,0.235882423,2.050920409,0.5803679,0.884569037,0.741422015,1.177504433,1.182534913,0.00049102,0.00532424,0.000175743,0.812525922,0.000136362,0.270070512,148.7394816,0.270069141,32.14762906,0.921135134
0.763380996,0.094119284,23.48558045,183.9254614,5307.173099,6.438767096,15.34077103,0.252031435,0.236045285,2.053780828,0.584700604,0.883344831,0.743660132,1.181296382,1.180495338,0.000492064,0.005285796,0.000175604,0.815415692,9.85E-05,0.272170903,149.4158937,0.271951838,32.27795846,0.922760706
0.75937084,0.089730497,23.63755147,182.3695996,5324.744135,6.468403526,15.49200701,0.251604517,0.237322475,2.042536103,0.588090824,0.882391372,0.74319736,1.1658396,1.183101164,0.000489094,0.005239849,0.000175888,0.820109258,8.50E-05,0.266163362,149.703713,0.272606022,32.60713325,0.922407775
0.759383077,0.088225853,23.66257127,182.8799042,5296.180125,6.437292746,15.44367301,0.252016961,0.238142141,2.032851003,0.586344185,0.882297817,0.745329485,1.164355323,1.185234222,0.000489491,0.005226737,0.000177657,0.818547886,8.54E-05,0.271688232,149.0640354,0.273038867,32.29388283,0.914554901
0.759808112,0.083849224,23.76796088,182.5558285,5332.493134,6.469816422,15.44638013,0.250645866,0.23967553,2.051661489,0.588697759,0.877445552,0.751836502,1.1654392,1.19144079,0.000490275,0.005196539,0.000177405,0.820862686,0.000196663,0.271649025,149.5719288,0.272250134,31.95745188,0.91540513
0.767339238,0.08767063,23.73706247,181.9016208,5352.130588,6.456374496,15.53409586,0.250809158,0.238874666,2.040975502,0.590848669,0.879180988,0.753231551,1.155106153,1.18741701,0.000493315,0.005196815,0.00017727,0.824287111,9.83E-06,0.279797144,149.9268048,0.274209773,32.00850607,0.91139877
0.771652173,0.082135867,23.69192764,182.3489434,5365.347388,6.441290486,15.53036076,0.250569105,0.240978836,2.038603946,0.586551393,0.87951851,0.754973254,1.163365087,1.175783569,0.000491384,0.005133481,0.000176893,0.825563106,5.34E-05,0.278652749,150.5859347,0.275249705,31.83796603,0.912923092
0.770916696,0.085354549,23.66530827,183.9263874,5392.653919,6.48844091,15.61965493,0.251573573,0.241092919,2.041231124,0.590428677,0.881700735,0.750802646,1.154969588,1.163025345,0.000493681,0.005164083,0.000176219,0.822634352,3.54E-05,0.275494594,150.5513431,0.273930614,31.84457153,0.914352261
0.767552024,0.08512596,23.69363921,183.0613287,5390.855724,6.452328777,15.63720652,0.25177327,0.239248829,2.045259118,0.591464425,0.878377062,0.755267566,1.154318658,1.161627881,0.00049153,0.005219445,0.000174549,0.823907691,1.73E-05,0.274672593,150.1916483,0.274576486,31.84649919,0.911912618
0.769628258,0.08999523,23.68566028,180.1452102,5415.196953,6.472180915,15.61808891,0.252445632,0.239370856,2.057768766,0.593262656,0.881790356,0.755396737,1.15169577,1.150880491,0.000487158,0.005224831,0.000174572,0.818577653,3.25E-05,0.274881811,149.6355406,0.27709152,31.72095235,0.901203623
0.771717771,0.093641792,23.76589036,178.6697026,5398.336862,6.479604172,15.59524125,0.252746302,0.24107553,2.048340124,0.590188172,0.885781861,0.757326634,1.151584777,1.150628673,0.000489847,0.00520164,0.000174562,0.811323223,1.81E-06,0.277676663,150.192519,0.274922143,31.57222728,0.900021257
0.772982854,0.097190556,23.73180118,179.8425163,5346.39774,6.492119895,15.5594706,0.251756668,0.240855571,2.031520184,0.592663861,0.883426923,0.76021244,1.15297936,1.153068343,0.000487917,0.005248216,0.00017474,0.812209371,2.87E-05,0.274639548,148.8307369,0.273435412,31.24343537,0.904338357
0.769224749,0.092358143,23.78135492,181.1007981,5320.569358,6.530326807,15.52653874,0.252933731,0.242943959,2.027381602,0.596644477,0.885098299,0.760290661,1.155066915,1.152395453,0.000485752,0.005267949,0.000174052,0.810637838,3.64E-05,0.274908094,149.9355424,0.275387864,31.41784256,0.900448151
0.766835613,0.094620085,23.75941547,181.6465986,5307.940901,6.555494784,15.59252752,0.253766122,0.242157046,2.037385727,0.600578955,0.879661183,0.761820154,1.152096665,1.15666177,0.000486128,0.00530692,0.000175147,0.814115712,1.62E-05,0.275984519,150.1529747,0.275488106,31.39177086,0.905847814
0.770968252,0.081951843,23.6896922,181.5297014,5283.672935,6.541445711,15.45423042,0.255241662,0.242667901,2.039550161,0.602379442,0.880514012,0.766308811,1.146294522,1.155230517,0.000484888,0.005280746,0.000176521,0.809467858,8.04E-05,0.276799764,150.5671233,0.273887552,31.25556176,0.909114736
0.773824464,0.088974328,23.66271198,181.334476,5253.410368,6.57635077,15.38535455,0.253851976,0.242617982,2.046027392,0.600688625,0.877064386,0.760210907,1.142315925,1.151471058,0.000484567,0.005267407,0.000176412,0.808581774,1.20E-05,0.275822526,151.251316,0.275676599,31.33913901,0.909090185
0.775669647,0.086834252,23.75465053,181.9350037,5232.7228,6.585604025,15.28490711,0.252567136,0.244461262,2.050151216,0.60193333,0.874374978,0.763774905,1.146987491,1.152385121,0.000485056,0.005292687,0.000177005,0.8080877,7.55E-06,0.280286521,150.8706811,0.276475244,31.50650758,0.91028855
0.775592118,0.082328113,23.77325161,179.9643582,5192.160918,6.597533509,15.19638665,0.250426821,0.244037667,2.031596848,0.605020748,0.86899487,0.761701125,1.137804518,1.149305737,0.000484751,0.005286362,0.000176726,0.804404161,1.38E-05,0.281242546,151.2624073,0.275780326,31.40711316,0.907208421
0.774480362,0.080957875,23.68048769,180.4730932,5135.182696,6.621858325,15.21639506,0.253152242,0.244304312,2.030574256,0.602107974,0.865615684,0.765146054,1.141804131,1.151319037,0.000484388,0.005307987,0.000178356,0.80338525,1.48E-05,0.277845032,150.7994613,0.276490908,31.22549408,0.899652916
0.771466365,0.076891298,23.80046579,181.0057228,5118.860791,6.637073028,15.19378284,0.254715329,0.241068245,2.032361325,0.5980764,0.862742702,0.767077883,1.144420556,1.152544215,0.000483595,0.005282529,0.000179793,0.800628833,1.62E-05,0.279464145,150.6490321,0.275136254,31.40383378,0.887120098
0.772096727,0.090630768,23.79237242,182.1143782,5086.319105,6.665823,15.17176217,0.254545407,0.240607218,2.042938843,0.598469491,0.862716692,0.762802077,1.142712499,1.154070644,0.000479202,0.005233207,0.000179494,0.80698463,5.43E-06,0.274874884,151.7160654,0.274439036,31.47160982,0.886413466
0.767024452,0.085835543,23.75456248,182.3123302,5076.554945,6.662894945,15.11683294,0.25464014,0.240115587,2.052115364,0.597753255,0.865654179,0.762833043,1.151334352,1.150578919,0.000479707,0.005243929,0.000178116,0.806953938,1.16E-05,0.270397655,151.516268,0.272420227,31.72653189,0.884790488
0.76121988,0.086663712,23.8143732,183.5861454,5083.574801,6.650883035,15.07443201,0.255155146,0.241264193,2.051069236,0.593678593,0.868521433,0.762325952,1.153825624,1.15251466,0.00048288,0.005291048,0.000178017,0.807357346,1.67E-06,0.268751186,152.8522215,0.272647521,31.60251219,0.89017739
0.760647967,0.088232593,23.87284645,185.068886,5008.901608,6.574479449,15.09467785,0.255271125,0.240508495,2.030669897,0.597342309,0.869876503,0.766560601,1.159358554,1.147393766,0.000479583,0.005265355,0.000177643,0.809042444,2.79E-06,0.269009929,154.2891564,0.274618918,31.30980844,0.890743474
0.75976719,0.088625832,23.88564012,183.5918472,4984.379231,6.588173587,15.02352153,0.255255614,0.238433792,2.035658799,0.597133017,0.868527226,0.768239881,1.153466944,1.150658681,0.000480303,0.00524773,0.000178261,0.810774398,5.19E-05,0.272375377,153.734846,0.274351294,31.39163731,0.889507904
0.762562187,0.095134756,23.89519147,183.3103143,4947.097074,6.539534558,15.07667056,0.255998481,0.237476552,2.045241098,0.599542175,0.86641473,0.767415585,1.161620392,1.145042809,0.000478909,0.005247295,0.000177541,0.814167127,6.70E-05,0.268773974,152.40441,0.274330669,31.36749223,0.883344224
0.764151519,0.098523157,23.98291907,183.0131585,4971.540579,6.447907856,15.17287166,0.253859098,0.239529416,2.035576661,0.599591457,0.861981745,0.767491352,1.156920541,1.146473521,0.000478974,0.005227083,0.000179753,0.819594514,2.63E-06,0.266793368,152.9429807,0.277683111,31.34129878,0.883891479
0.763737597,0.098116738,24.03537572,182.1448068,4965.687169,6.445786093,15.23495265,0.254449942,0.239410812,2.036736908,0.602017755,0.862878014,0.764113035,1.151888592,1.148334809,0.000482272,0.005240853,0.000179818,0.822240656,3.83E-05,0.269399493,152.6660235,0.279271626,31.44724713,0.890969615
0.770755397,0.10182575,24.0571386,183.0317655,4972.240146,6.51054391,15.13866098,0.254214447,0.241486344,2.04263792,0.593831191,0.863356094,0.764494367,1.153292979,1.147091557,0.000483106,0.005219308,0.000179322,0.819624347,2.71E-05,0.273169624,151.8668427,0.278074964,31.39610913,0.894570432
0.776946734,0.101822522,24.09785619,183.2672099,4990.352894,6.47670028,15.0862358,0.253014207,0.24175862,2.052519567,0.595872301,0.866238492,0.764855556,1.158462247,1.136799372,0.000480023,0.005222912,0.000179558,0.81962821,2.07E-06,0.277167952,151.7614405,0.278082961,31.22282491,0.899504644
0.773492032,0.094856008,24.26764878,181.8056549,4935.036675,6.449481289,15.00719709,0.253988979,0.240457274,2.044003227,0.604336097,0.865721185,0.766304191,1.162196595,1.144159996,0.000480201,0.005236251,0.000178585,0.821648332,0.000118944,0.27574582,152.1574309,0.280447982,31.36264596,0.896002134
0.77936934,0.09998078,24.33286101,182.660533,4891.569421,6.455026324,14.9432095,0.254989262,0.242329741,2.042135426,0.603835501,0.866072868,0.765800515,1.160515073,1.150911699,0.000477531,0.005209689,0.000178822,0.818372321,3.12E-05,0.277720395,152.042307,0.278150471,31.27430564,0.896645592
0.774717191,0.106399297,24.4039869,182.3189627,4834.421106,6.500434869,14.89545847,0.257793016,0.243591036,2.054420018,0.60440995,0.867829668,0.76681539,1.15733704,1.153243362,0.000476493,0.0052041,0.000179382,0.82288514,6.93E-05,0.273953984,152.1875069,0.278920256,31.18042783,0.894212378
0.776819884,0.107248871,24.47654319,182.1556805,4822.745751,6.471504606,14.8689782,0.257276335,0.243011185,2.038001708,0.606789441,0.868780375,0.766982309,1.153585351,1.143121999,0.000478841,0.005245326,0.00018057,0.824251889,4.14E-05,0.276093507,151.5848006,0.278963404,31.17760766,0.89728137
0.774195645,0.109628589,24.62143735,183.061374,4803.206783,6.458229069,14.90069282,0.259027842,0.243160745,2.025980775,0.603173692,0.864340016,0.767363942,1.148363543,1.145479958,0.000475571,0.005240639,0.000180295,0.823652258,3.75E-05,0.274506861,152.2706002,0.278935979,31.340848,0.897994015
0.773370085,0.111133243,24.72806194,183.2346346,4837.089284,6.497313452,14.87473415,0.260768241,0.244758617,2.029944207,0.605437965,0.866817736,0.769664455,1.147654716,1.149286365,0.000474923,0.005248142,0.000180464,0.820645488,3.25E-07,0.275300989,152.3408311,0.27855589,31.11616471,0.903279912
0.778224814,0.105056329,24.78720367,184.0302345,4830.317455,6.470270944,14.94187638,0.260587058,0.244195115,2.048864165,0.603728987,0.862828661,0.769429116,1.142294919,1.147344149,0.00047535,0.005253762,0.000179266,0.821653137,1.74E-05,0.270168315,152.2462089,0.273741857,31.1399307,0.903467295
0.77959374,0.103967138,24.79877153,182.779668,4816.639332,6.499034663,14.9057936,0.261128049,0.242794239,2.05557507,0.601425085,0.869197828,0.770072725,1.141079249,1.14893628,0.000475449,0.005234379,0.000179051,0.822012914,9.83E-05,0.27651664,152.3441887,0.272605417,31.16189021,0.906589737
0.775068955,0.111427844,24.77574232,184.0459418,4844.023536,6.476362665,14.9151357,0.262028995,0.244077126,2.060264505,0.600729284,0.868238659,0.775816633,1.13735843,1.15021746,0.000476719,0.005197844,0.000179763,0.823872012,3.89E-05,0.274761232,151.8584786,0.274423067,31.26081648,0.900424817
0.772652552,0.110367536,24.7914372,185.1943913,4845.473266,6.489628329,15.09653481,0.262350563,0.243365469,2.064193144,0.594661885,0.870293888,0.776521325,1.142807959,1.151645935,0.00047815,0.005212147,0.000181961,0.825198685,1.39E-05,0.276598938,151.7001104,0.27601267,31.34708671,0.900778488
0.770767057,0.110632713,24.87225581,185.6861035,4861.264393,6.498025007,15.06836921,0.264127528,0.242979925,2.067393922,0.599828592,0.870389181,0.775490556,1.15011646,1.150232605,0.000481071,0.00520534,0.00018269,0.819529959,1.99E-06,0.271489634,152.5600114,0.275006258,31.26182002,0.898719541
0.769990365,0.105818092,24.82205215,186.1403381,4846.096236,6.466488615,15.04514289,0.26304788,0.242926614,2.051568367,0.600631138,0.869480951,0.774864118,1.145880533,1.143492548,0.000480677,0.005148718,0.000183454,0.817088845,1.78E-06,0.27370677,153.6563681,0.276476797,31.63778595,0.89167463
0.771545463,0.105386804,24.96235459,186.1776342,4785.008756,6.479921906,14.98215112,0.262321504,0.2435805,2.047053893,0.599783879,0.869543922,0.774970133,1.155572635,1.134020466,0.00047801,0.005148186,0.000183673,0.81294297,4.67E-05,0.276595305,153.984377,0.275042399,31.76539294,0.900157694
0.772975883,0.102218663,24.95164008,186.6190249,4759.657113,6.503443818,14.95282856,0.261917049,0.24519233,2.050862927,0.600631719,0.866579722,0.773931213,1.153817481,1.133628442,0.000475677,0.005113644,0.000182991,0.813341298,7.79E-05,0.277680189,153.6172757,0.273923233,31.65135647,0.904667311
0.767764615,0.104253357,24.81078605,185.9107981,4704.319745,6.521665202,14.91873354,0.262136306,0.246087768,2.036601992,0.598647642,0.868408223,0.773748364,1.162529238,1.137085202,0.000473881,0.005145502,0.000183072,0.817840672,1.44E-05,0.271987668,152.9124768,0.270641963,31.39966453,0.904712116
0.772018094,0.10177488,24.66289602,185.6740089,4675.039752,6.573625831,14.99502854,0.262240834,0.24675675,2.040668673,0.595459792,0.868384218,0.776301001,1.159553814,1.140142139,0.000474714,0.00513861,0.000183419,0.812013708,2.66E-05,0.2786777,153.5269147,0.271031399,31.49708993,0.908254271
0.771460238,0.101620036,24.69505551,185.6367255,4724.475925,6.595880361,14.84443876,0.264016417,0.244586626,2.032079644,0.601795572,0.867653979,0.781123581,1.15441305,1.130905438,0.000472005,0.005123204,0.000183816,0.811947013,9.91E-06,0.273552584,152.8455513,0.27058987,31.33455003,0.907650121
0.771236284,0.1059357,24.69618093,185.4405836,4682.749861,6.586429834,14.93505052,0.263195104,0.245243549,2.044807878,0.606697478,0.866322122,0.782343992,1.157766966,1.132002382,0.000472859,0.005122001,0.000185469,0.810417938,2.89E-05,0.271287983,151.6761793,0.268626223,31.44412504,0.904949793
0.774813957,0.102488648,24.73009227,184.9706538,4707.568617,6.555544656,14.89096712,0.264640327,0.247287123,2.048512436,0.60493972,0.863364208,0.785035171,1.14678962,1.125963681,0.00046874,0.005096568,0.000185091,0.809730806,4.04E-05,0.275954526,152.1223102,0.271183741,31.29377547,0.905848826
0.773280728,0.099146761,24.79124988,184.4425269,4697.275219,6.606342589,14.94521401,0.264915063,0.245502688,2.034391856,0.601895319,0.866156566,0.782456724,1.150682239,1.120903166,0.00047241,0.005096797,0.000183806,0.808768179,6.00E-06,0.277748171,151.8009704,0.268795663,31.31304868,0.911223776
0.771109077,0.106741172,24.82084164,183.7048721,4680.701592,6.597537051,14.94849015,0.264932579,0.245200622,2.036028997,0.598493574,0.869128349,0.786901423,1.159516432,1.121472498,0.000470673,0.005148423,0.000183795,0.81198312,3.52E-05,0.27596555,151.8906037,0.268419822,31.35805545,0.909321885
0.77421738,0.107578445,24.77321671,183.0553929,4641.158864,6.598491485,14.92606598,0.26548677,0.245306051,2.041012993,0.601923885,0.871544593,0.786974759,1.160591596,1.133180989,0.000466408,0.005117138,0.000182908,0.811213931,3.72E-05,0.277571029,151.8444111,0.269222215,31.56959381,0.905920666
0.773182405,0.109879819,24.95509586,182.1601651,4616.106202,6.624313038,15.04137519,0.265116373,0.246216017,2.040332392,0.596288182,0.87081789,0.78782364,1.166849478,1.14067212,0.000465062,0.005098926,0.000184753,0.81224407,4.88E-05,0.272168432,151.3193983,0.268008626,31.75880909,0.902849092
0.775723496,0.120492425,24.8126525,183.1048943,4588.138423,6.586013104,15.14029527,0.263764617,0.245098222,2.068105928,0.595352007,0.876055568,0.782193504,1.172790877,1.135057746,0.000461304,0.005093751,0.000186575,0.817099393,3.35E-05,0.271492624,151.1972193,0.267172183,31.77763593,0.906933505
0.777385787,0.121099087,24.77451919,182.8116259,4540.172802,6.569718684,15.20332355,0.263092344,0.244946592,2.066102116,0.596533972,0.877034239,0.78322539,1.163421903,1.133847098,0.000458472,0.005092736,0.000184529,0.817434307,2.29E-05,0.272869993,152.2367699,0.268175255,31.72640657,0.90710092
0.77772321,0.115501733,24.8853444,182.1615273,4553.736968,6.573071265,15.32171239,0.263077297,0.247180422,2.067571481,0.592257608,0.871125252,0.781751943,1.160726974,1.134044781,0.000454131,0.005050235,0.000184969,0.815687888,2.44E-05,0.274163284,152.7581327,0.268270465,31.52337948,0.905025919
0.776681491,0.113760537,25.02504591,181.89639,4548.150323,6.556402822,15.36975636,0.262413772,0.245803937,2.070344075,0.597547799,0.870838236,0.776923882,1.164697479,1.128356515,0.000453531,0.00502337,0.000183889,0.816272288,2.51E-05,0.271409907,152.5614129,0.267645298,31.43121151,0.89461964
0.77580468,0.11398109,25.17161632,180.7813614,4541.393835,6.549840684,15.31495644,0.262193788,0.247027975,2.080553653,0.601046186,0.86466363,0.780072138,1.164895586,1.134942402,0.000454189,0.004970931,0.000184158,0.816266071,1.19E-05,0.268344174,152.8582148,0.267713554,31.97582513,0.899827246
0.776974168,0.114444178,25.13292872,179.2074888,4553.817042,6.556661035,15.25573141,0.263505652,0.245639793,2.094032091,0.599627553,0.866501527,0.781886049,1.170100648,1.136913829,0.00045149,0.005011286,0.000184791,0.817513215,4.61E-06,0.268856545,152.7162411,0.26609743,31.789407,0.907842643
0.770122318,0.111918396,25.26221623,179.4348021,4543.922581,6.581962355,15.26198203,0.263542971,0.246386047,2.109101994,0.598393098,0.864990271,0.779094513,1.168492044,1.139072935,0.000449715,0.005005973,0.000182833,0.815397398,3.38E-05,0.265964112,152.9408371,0.269110177,31.9010944,0.907566284
0.771518302,0.110521639,25.13671257,179.1965288,4578.714934,6.568157935,15.26600138,0.262385513,0.247442712,2.112850373,0.59695038,0.866418978,0.779109548,1.165631274,1.127318632,0.000454043,0.004978623,0.000181445,0.815031538,8.65E-05,0.26575527,152.8992544,0.26964652,31.74342132,0.912177293
0.772745288,0.112209026,25.1456744,180.8450965,4628.355803,6.606746059,15.21692902,0.259204567,0.248668182,2.130485173,0.594989405,0.865113843,0.782610907,1.172603278,1.128413539,0.000454398,0.004978106,0.000178793,0.817078693,4.77E-05,0.264794645,152.9588257,0.267129942,31.77889575,0.90998623
0.776095297,0.107221326,25.33249198,180.2290975,4604.603936,6.595833755,15.26616227,0.259459744,0.248697409,2.119228905,0.593928312,0.859554164,0.781557227,1.175998526,1.129391722,0.000458307,0.004982384,0.000178925,0.816576784,6.56E-05,0.265271068,153.2448151,0.267418873,31.52474674,0.89750319
0.776710631,0.109003275,25.23776558,179.869559,4576.627496,6.598986089,15.28050061,0.259724453,0.248939507,2.122676111,0.596023097,0.858685485,0.778610449,1.1817426,1.125424615,0.000454338,0.004921774,0.000178247,0.813669033,5.53E-05,0.268100237,153.442416,0.267228688,31.77999936,0.890918993
0.770094602,0.103877483,25.44478329,179.7475909,4640.587107,6.627808937,15.29867535,0.260976427,0.248541098,2.124174622,0.600093625,0.864605329,0.785035731,1.178513294,1.118071135,0.000453144,0.00494664,0.000178492,0.809695938,2.85E-05,0.265392756,154.4149107,0.267730276,31.47199935,0.89056274
0.776001091,0.106801775,25.59087526,181.2243606,4650.744744,6.628651927,15.26709765,0.260378621,0.246220386,2.124935141,0.599464635,0.861786389,0.781827911,1.175576905,1.124409326,0.00045224,0.00492058,0.00017828,0.809313781,2.50E-05,0.264076507,154.2608109,0.268251657,31.4966909,0.887749383
0.770544443,0.103555101,25.60512335,182.8789229,4680.037724,6.663995567,15.32436845,0.260831492,0.246713958,2.121661347,0.598643834,0.861744146,0.778163907,1.167147403,1.121563542,0.000451389,0.004927693,0.000176852,0.804595305,3.65E-05,0.264120686,155.1338375,0.270380292,31.44914003,0.899510508
0.772796919,0.099106334,25.72428797,180.1717099,4641.001914,6.622033978,15.25431764,0.262048645,0.247506714,2.127744525,0.597828695,0.859834452,0.778150576,1.169481891,1.127881805,0.000452484,0.004913551,0.000177196,0.808634947,8.69E-05,0.269415143,155.1003035,0.271908972,31.73943902,0.898705799
0.771704528,0.096352326,25.69887145,181.3231201,4594.996733,6.591329636,15.31527335,0.262921351,0.246774611,2.1347462,0.599202544,0.864603121,0.788583397,1.161733204,1.126480523,0.000451571,0.004934828,0.000177774,0.811067855,0.000140879,0.266528813,156.3332498,0.269935054,31.73696551,0.903533076
0.778085183,0.097803685,25.66775526,181.8435998,4569.146551,6.605658575,15.12738132,0.264316383,0.248031654,2.132080258,0.603827593,0.865874874,0.78207199,1.168122772,1.129554348,0.000448673,0.004893803,0.000176794,0.806919425,8.25E-05,0.272682186,157.2286688,0.269343114,31.95082123,0.91126907
0.770326388,0.096753738,25.6925382,182.4117689,4547.419713,6.617988932,15.10397813,0.262795729,0.247113747,2.135099087,0.606943241,0.866147035,0.782401917,1.172088479,1.118260231,0.000446507,0.004893935,0.000176817,0.809356374,1.61E-05,0.277314742,156.5273947,0.268462122,31.80124489,0.904696356
0.775988752,0.097015516,25.70558617,183.6020481,4554.765367,6.581987153,15.06628994,0.263009422,0.245995542,2.134124475,0.604910432,0.865761855,0.784609214,1.175780775,1.120024223,0.000447941,0.004885332,0.000177757,0.809102828,7.22E-05,0.274506972,157.1805513,0.266162205,31.58373477,0.907360644
0.765957053,0.091568484,25.54475276,181.8016496,4563.624894,6.55466804,14.94928768,0.262160453,0.245040077,2.122103809,0.605372803,0.866103216,0.787259664,1.17855532,1.118471969,0.000452069,0.00485492,0.000177703,0.811318224,6.81E-05,0.268972078,157.6666043,0.267728183,31.35885669,0.902985459
0.766723249,0.089929216,25.3917292,181.5023331,4543.99656,6.554337301,14.89375611,0.261155667,0.244722699,2.119560472,0.608548533,0.866727457,0.793145954,1.17198044,1.123761236,0.000452811,0.0048182,0.000178976,0.807098607,9.36E-06,0.267303717,158.7423367,0.266906157,31.12724147,0.89888835
0.772664499,0.090195539,25.30685064,181.327663,4498.291854,6.579023471,14.89586839,0.26182252,0.243472025,2.119583809,0.606489302,0.866142066,0.789906303,1.172846207,1.123076787,0.000453666,0.004779717,0.000178929,0.805718512,2.96E-05,0.271567764,159.2759455,0.266780306,31.0742814,0.895105807
0.766412332,0.087118523,25.43775074,181.3332461,4490.431873,6.603937484,14.96018753,0.263293817,0.244169242,2.116817281,0.608985087,0.861352241,0.787267658,1.176408599,1.124269126,0.000453238,0.004761173,0.000179957,0.803377034,3.37E-05,0.26843948,158.8598813,0.267713739,31.24191536,0.893933588
0.765119122,0.085483856,25.45157625,181.1960023,4473.320748,6.59750167,14.92454886,0.261709486,0.244632073,2.127895042,0.609307342,0.860810673,0.78205312,1.172162629,1.124495523,0.000448546,0.004802171,0.000180053,0.804810187,8.80E-05,0.269889255,160.1742556,0.26912726,31.31048554,0.88433094
0.76347044,0.088728666,25.36489587,180.8739158,4482.148874,6.639960568,15.00392919,0.263481996,0.245344878,2.114948278,0.606911377,0.86047248,0.781140159,1.158988304,1.127948395,0.000446453,0.00482851,0.000182112,0.803934585,1.29E-05,0.26656528,160.4445574,0.266986854,31.28160026,0.893871191
0.763537731,0.089605183,25.38593156,181.5398327,4509.862527,6.642266921,14.92483996,0.263352712,0.245485231,2.132259255,0.609949569,0.859241196,0.7834998,1.162153989,1.126777883,0.000444266,0.004850088,0.000181242,0.807598833,1.35E-05,0.263458572,159.489978,0.266630432,31.76496612,0.894451014
0.765853783,0.092548968,25.51276666,181.120253,4557.775333,6.596490688,15.03669609,0.263291283,0.244518605,2.124560744,0.606228941,0.858543427,0.781883024,1.1574443,1.131615717,0.000444413,0.00487028,0.000182003,0.807330349,2.60E-05,0.263171489,157.9678688,0.268507361,31.72484133,0.881942444
0.768045645,0.085201694,25.56420154,178.1677042,4579.567669,6.607982349,14.9942375,0.265244907,0.24366199,2.126034537,0.611091134,0.854617131,0.784057741,1.167226824,1.139536493,0.000446694,0.004877049,0.000184223,0.805449958,3.65E-05,0.260817416,158.1957389,0.267632173,31.82512039,0.887270881
0.768707044,0.086620399,25.64051709,179.83909,4617.399706,6.621636175,14.97909455,0.266668299,0.245929497,2.116731567,0.610851577,0.856947021,0.782635332,1.166283399,1.137803776,0.000442038,0.004876001,0.000184816,0.804016047,1.32E-05,0.262043892,157.4035018,0.265876286,32.02211966,0.882408349
0.771277037,0.086503805,25.72776436,178.2949049,4570.854994,6.631303586,14.81230327,0.265850757,0.242961936,2.108213359,0.608072247,0.858936595,0.788142502,1.170008805,1.147213749,0.000440986,0.004899413,0.000186297,0.802695355,1.11E-05,0.264015671,158.6164756,0.26420296,31.7624924,0.879184884
0.772968927,0.083008209,25.74342076,178.7226628,4549.959414,6.640434205,14.81116995,0.265721208,0.243576762,2.090494438,0.610848639,0.855448058,0.785913349,1.163986365,1.14294456,0.000437648,0.004869122,0.000184797,0.798693311,1.34E-05,0.267512766,157.9125744,0.265462547,31.53984901,0.885166958
0.773099198,0.08717488,25.74473325,177.6038861,4620.21631,6.689268776,14.67957964,0.267062193,0.242702316,2.074093064,0.609164167,0.858966947,0.784410762,1.16075035,1.142932147,0.000437779,0.004864756,0.000184687,0.800028028,5.12E-06,0.264004815,157.5015034,0.266229062,31.59672593,0.895305964
0.772404748,0.081499929,25.7545395,177.8515891,4589.181591,6.675374547,14.66525941,0.267533778,0.242945404,2.085907058,0.611672447,0.859131665,0.782438277,1.159853751,1.142533191,0.000436484,0.004875749,0.00018645,0.798957483,8.17E-06,0.267287626,157.352178,0.264736945,31.6890866,0.894020295
0.773401236,0.076953461,25.90189689,177.5206765,4593.317213,6.626515655,14.59603654,0.267202014,0.24217512,2.068483727,0.609810589,0.860596594,0.779457721,1.155965676,1.144772067,0.000433917,0.004861361,0.000185958,0.796876047,1.21E-05,0.27029656,157.8181304,0.262564689,31.73250826,0.895485753
0.775380626,0.073512479,25.81796274,178.7880176,4601.342689,6.636319187,14.52015936,0.267213714,0.242028697,2.063998419,0.608975772,0.85523792,0.782589224,1.165006177,1.159195541,0.000432294,0.004846844,0.000185961,0.797993909,5.74E-05,0.26943053,158.5812,0.263291349,31.77743329,0.903650799
0.775322127,0.073210411,25.7025377,178.6400646,4625.115476,6.658766141,14.61953571,0.26822884,0.239350792,2.086924693,0.608034509,0.854434282,0.784096197,1.170456477,1.150157436,0.000431318,0.004850084,0.000185848,0.795794437,8.82E-05,0.268511253,158.6948488,0.266435269,31.79541514,0.910317929
0.774601924,0.069615488,25.72191635,179.1661349,4653.074245,6.644681904,14.51213396,0.268784759,0.241139547,2.08647329,0.615543116,0.849065256,0.779268968,1.173284696,1.145438128,0.000431818,0.004839939,0.000184233,0.799976797,9.00E-05,0.267424305,158.5313505,0.264959773,31.75654273,0.908069775
0.775960233,0.074643372,25.61022797,179.0196166,4701.963935,6.600589096,14.50354252,0.267922242,0.242117818,2.083900771,0.614994431,0.850928106,0.775453403,1.18518977,1.136418307,0.000434678,0.004868457,0.000183927,0.798076515,4.79E-05,0.26461864,157.6432606,0.263735635,31.79367732,0.906471788
0.768885621,0.073589719,25.51175045,178.4925511,4696.027591,6.592542669,14.58042642,0.268783743,0.242422775,2.080138688,0.61036231,0.851658876,0.774849968,1.194363412,1.13537388,0.000434021,0.004849652,0.000183324,0.798343528,1.57E-05,0.261212353,158.0805182,0.262576345,31.89717825,0.906697376
0.76843978,0.074480672,25.63226132,177.2284367,4697.240534,6.538651839,14.53792717,0.269360834,0.243336307,2.084123735,0.608773168,0.857624956,0.778534139,1.204558452,1.128651135,0.000431463,0.004866447,0.000184646,0.795553808,1.50E-05,0.260485251,158.135604,0.26209892,31.86199205,0.913217219
0.77167142,0.069743657,25.67649256,177.6037197,4663.606454,6.544895207,14.48379571,0.269852349,0.242009638,2.09962054,0.607045513,0.858277322,0.775856149,1.202581713,1.130531394,0.000432124,0.004823105,0.000184563,0.795465935,2.31E-05,0.26585373,158.1714023,0.261709563,31.88795078,0.911525479
0.770884937,0.074322691,25.8421514,177.4153846,4627.007813,6.476182611,14.48750381,0.270053523,0.241919122,2.089877427,0.606864999,0.856784097,0.777232796,1.214668779,1.128067069,0.000430717,0.00478531,0.00018628,0.791555214,9.51E-06,0.266272198,158.6605278,0.261996854,31.7911779,0.911417743
0.775719485,0.072116096,26.11112845,176.943496,4627.146624,6.448857781,14.56488877,0.268374521,0.243434085,2.079636722,0.608433408,0.855209994,0.778491273,1.218862942,1.130055547,0.000433047,0.004816602,0.000185344,0.787358508,3.56E-05,0.265483065,158.8272976,0.262706116,31.68468524,0.916275731
0.769218017,0.080326447,25.88762451,180.9814545,4585.627471,6.476482588,14.64951451,0.26851208,0.243787867,2.070872602,0.605970053,0.858973359,0.782772653,1.216519165,1.124795191,0.000431175,0.004838795,0.000186751,0.783627145,2.05E-05,0.267067497,158.1039531,0.260456705,32.09524303,0.916820215
0.76859207,0.080865774,25.8882731,181.7641984,4548.560722,6.515599726,14.54393144,0.269557876,0.243794859,2.075643337,0.60257584,0.857864843,0.782696311,1.217686815,1.124094512,0.000431482,0.004832304,0.000187343,0.78543375,5.39E-05,0.265920932,159.1637061,0.261922379,32.39900933,0.919117877
0.767079487,0.079575833,25.86790697,182.876184,4574.101895,6.471912866,14.47819635,0.26979693,0.242960724,2.076362569,0.602187791,0.85600309,0.785972237,1.216224337,1.118640767,0.00043028,0.004850626,0.000185709,0.785594104,1.63E-06,0.263203634,159.7106279,0.261629583,32.36082058,0.92482162
0.771956815,0.079965706,26.10718355,183.4741759,4554.756094,6.444121741,14.47921803,0.27092266,0.242049828,2.06104029,0.604739965,0.858311464,0.787572065,1.203156206,1.121300894,0.000425686,0.00486933,0.000186829,0.778791921,1.42E-05,0.271612677,159.6487539,0.261061683,32.22697814,0.923072074
0.773870374,0.087026031,26.22838363,184.0017543,4514.63965,6.441943955,14.32792395,0.270596251,0.241724504,2.055670276,0.60867623,0.86168286,0.789392326,1.20665652,1.121504948,0.000425344,0.004867304,0.000188287,0.773720509,2.22E-06,0.268122541,159.1405719,0.261450872,32.05440585,0.925687982
0.771246507,0.08877524,26.3958878,184.5180658,4505.222933,6.48231038,14.40666821,0.271474016,0.243088873,2.050035647,0.603688493,0.854282748,0.789717817,1.20815374,1.123300993,0.000426081,0.004850677,0.000189426,0.772477253,0.000138172,0.263153541,156.5554137,0.260334995,32.18004978,0.920979737
0.781654074,0.094528594,26.25204513,183.7092843,4476.77102,6.42995591,14.37130386,0.272937434,0.241367885,2.060490619,0.602156119,0.858786529,0.791033866,1.204157718,1.109823349,0.000426868,0.004847787,0.000189767,0.767996867,2.63E-05,0.270969132,156.8493071,0.259918739,32.08485209,0.921100262
0.779623382,0.088046415,26.20345949,184.6769919,4471.843396,6.441013297,14.41051334,0.271525892,0.241007718,2.072129941,0.607756289,0.857741411,0.790121092,1.202737759,1.104990857,0.000425309,0.004852338,0.000187449,0.759560447,2.25E-05,0.274115503,157.6899438,0.258044901,31.89136325,0.925971595
0.770219717,0.091025266,26.2648188,186.1550777,4441.817697,6.448997395,14.36618379,0.269492663,0.240623401,2.080521132,0.60658233,0.856816292,0.78839233,1.206900089,1.11047673,0.000425862,0.004888632,0.000186491,0.759762306,1.17E-05,0.269526526,156.3200566,0.259475703,32.07867957,0.929352954
0.772600732,0.084309167,26.09685588,186.7768161,4458.61528,6.479667557,14.35825173,0.268558861,0.237557344,2.096083804,0.611434126,0.857683236,0.789007105,1.206293854,1.11825938,0.000425047,0.004902031,0.000186397,0.757293951,1.99E-06,0.275311179,157.9871902,0.257837984,32.10727415,0.92721658
0.772517301,0.086494085,26.2490759,185.4713793,4508.981983,6.43877608,14.36942031,0.270895346,0.236037282,2.092423503,0.606845811,0.860087974,0.791474035,1.218078705,1.113941523,0.000424334,0.00489361,0.000185738,0.753429439,4.39E-06,0.271518388,158.4658361,0.257299381,32.0715729,0.934433898
0.769694142,0.091579882,26.34255397,187.6072848,4460.079305,6.483799908,14.38734217,0.269535391,0.236613403,2.06446694,0.607928994,0.858286067,0.788502846,1.213355815,1.113394443,0.000426553,0.004904305,0.000185077,0.755819106,1.74E-05,0.271585145,157.393968,0.256673177,32.01061494,0.927302252
0.771282865,0.09206262,26.40144746,187.4292686,4444.572506,6.446836843,14.38058662,0.269385121,0.23849439,2.059853652,0.606021748,0.858314787,0.786587063,1.217474736,1.117208103,0.000425429,0.004937285,0.00018584,0.756463183,4.74E-06,0.272899179,157.0664276,0.256154012,32.36598423,0.925620588
0.771463963,0.088661231,26.35419786,187.5046312,4447.905155,6.458513208,14.48075312,0.268300845,0.239228849,2.065845089,0.601671951,0.860966071,0.787039717,1.222291128,1.114483906,0.000423388,0.004949119,0.000187817,0.756777791,1.05E-05,0.27372075,158.1843521,0.256202752,32.58578114,0.918810606
0.769569557,0.088047625,26.29193485,186.9062301,4447.27006,6.480899614,14.47370976,0.268472117,0.240931526,2.045525965,0.60491903,0.860191204,0.782723962,1.231870467,1.114384164,0.000423702,0.004952516,0.000187795,0.755549228,5.40E-06,0.272363604,158.4105237,0.257945676,32.66700398,0.92601207
0.76552195,0.088342824,26.40187641,186.8696241,4455.663992,6.477623329,14.38784364,0.26937044,0.242125506,2.046052547,0.606541767,0.859845656,0.786109361,1.238267919,1.106415938,0.000424211,0.004910474,0.000186489,0.757783919,4.04E-05,0.268139503,157.7645891,0.255365743,32.67441981,0.91843818
0.769082474,0.092297177,26.43424441,187.6518798,4441.861274,6.48352007,14.46073192,0.272215702,0.24075944,2.04611188,0.611179019,0.860167877,0.778489645,1.23711439,1.096493358,0.000426173,0.004931451,0.000187418,0.75765003,2.76E-06,0.267286761,158.1734545,0.254917651,32.75523729,0.920048564
0.76470157,0.090777199,26.29105554,187.4388658,4404.204211,6.462733424,14.46861947,0.273886229,0.240626092,2.037651608,0.610911004,0.857599497,0.775625287,1.229325889,1.10051181,0.000426566,0.004921078,0.000188595,0.761522873,1.06E-05,0.267771984,157.5201477,0.256674132,32.6433072,0.9226639
0.763979744,0.093914983,26.39677087,188.6240125,4421.4664,6.397339674,14.4709384,0.273941109,0.240044681,2.040145281,0.605752917,0.862192079,0.773362368,1.23497055,1.100424042,0.000426772,0.004878156,0.000187981,0.76291564,5.06E-05,0.265348325,157.0305728,0.254593411,32.64614532,0.924043562
0.766234726,0.095203011,26.33678507,187.674762,4445.853069,6.402190097,14.47368186,0.273232202,0.24149223,2.037298215,0.604713075,0.861807405,0.771952043,1.231534575,1.092726195,0.000431983,0.004894606,0.000189253,0.76520091,7.19E-06,0.266009293,157.4228311,0.257484504,32.5146481,0.912598517
0.764615032,0.091429776,26.30127321,188.7180879,4407.135651,6.486992468,14.32251577,0.273677833,0.24234831,2.032436972,0.605513991,0.860188228,0.773515142,1.238808748,1.089383661,0.000428718,0.004889955,0.000190607,0.767376703,2.35E-05,0.265077875,156.7244512,0.25247449,32.66100224,0.918471126
0.763856668,0.087874022,26.45667578,188.8946214,4429.829333,6.478716438,14.37418378,0.274960012,0.2434477,2.036582805,0.6028004,0.859942049,0.783027511,1.231667811,1.083820757,0.000428904,0.004910809,0.000191424,0.765627837,1.96E-06,0.266041054,156.6338339,0.251367007,32.8342953,0.911135968
0.766024005,0.085400784,26.31029176,188.2556731,4464.18649,6.536144173,14.40132068,0.270443824,0.24388403,2.028736557,0.602754892,0.861351054,0.785737561,1.223775839,1.084809393,0.000433048,0.004897613,0.00019159,0.76422126,3.96E-05,0.26697969,156.708518,0.250759808,32.94453516,0.917537316
0.765485131,0.088298448,26.28898453,188.5292808,4477.023926,6.51753141,14.29114282,0.266963203,0.245271318,2.031376936,0.598647854,0.861565236,0.784731757,1.230648459,1.071953518,0.000430465,0.004888881,0.000192052,0.761520361,7.90E-06,0.264635617,156.5122452,0.250783451,32.8820387,0.923902871
0.770079774,0.091951435,26.37836764,188.0841553,4431.467212,6.499465625,14.4138394,0.267070622,0.247062661,2.02302845,0.599260476,0.856908695,0.787491277,1.236065827,1.074859077,0.000429368,0.004885494,0.00019263,0.758711921,6.17E-05,0.264765329,156.0835314,0.248392951,32.71860241,0.923870958
0.759707321,0.086926533,26.39959777,187.3824029,4435.818586,6.470922303,14.34440981,0.266874037,0.247656654,2.02457287,0.603024793,0.854360267,0.791378901,1.236061543,1.080976187,0.000434723,0.004892411,0.000193345,0.754517149,3.48E-06,0.26601153,156.2784748,0.250246682,32.86825984,0.91280783
0.768137343,0.085120238,26.44813465,188.2790516,4441.771614,6.498114857,14.41116618,0.266889811,0.247687804,2.035029368,0.603615566,0.853901816,0.789155677,1.227923614,1.080682317,0.00044046,0.004858454,0.000193596,0.757428609,1.13E-05,0.269830936,156.33085,0.252377734,32.95284615,0.914881721
0.766698833,0.087591263,26.48665186,188.666925,4464.349462,6.536811274,14.34015666,0.266296638,0.248593397,2.043459476,0.601989331,0.854884475,0.793653839,1.220615156,1.075592286,0.000443846,0.00485935,0.000193965,0.755609787,4.64E-05,0.269752371,155.9330344,0.252904501,32.98950858,0.907635716
0.771465974,0.08698205,26.53125982,188.7397557,4471.582074,6.52055107,14.40020828,0.266261743,0.244768957,2.039993518,0.594522418,0.852386344,0.795640411,1.214591434,1.069553045,0.000440131,0.004820285,0.000194756,0.757386408,1.06E-05,0.270984006,156.3533352,0.251369535,33.08303791,0.907026894
0.767315262,0.08636012,26.73034655,188.8580162,4499.899812,6.556646031,14.46034741,0.264716457,0.246340427,2.051458721,0.585670334,0.85215013,0.789975899,1.223338467,1.059064101,0.000437996,0.004918693,0.000193654,0.762428203,2.65E-05,0.269310792,156.3630265,0.251908662,33.01251093,0.901321062
0.767051828,0.084600499,26.65308997,187.5403895,4498.645931,6.568541777,14.56835501,0.267711913,0.246163679,2.043822872,0.584637947,0.851978394,0.79162521,1.22107135,1.049465398,0.000433766,0.004927578,0.000193109,0.766341702,3.35E-05,0.268320656,156.6338121,0.252070617,32.89819106,0.893115367
0.763617819,0.088920169,26.69113079,187.2057548,4516.912077,6.541681371,14.61513198,0.268465345,0.247483826,2.047978983,0.587055022,0.85306795,0.789260301,1.228450705,1.047443954,0.000429983,0.004927837,0.000192555,0.766272163,2.52E-05,0.260846946,155.4193775,0.251664885,32.70365482,0.893909762
0.762454529,0.083256814,26.82560673,186.1008112,4534.032002,6.528954114,14.6323952,0.268314447,0.245981822,2.049902613,0.589497853,0.856463166,0.790140854,1.2243888,1.04229673,0.000429376,0.00491598,0.000192644,0.759622326,3.02E-05,0.26121865,155.8876652,0.249466067,32.6186729,0.888939469
0.765117828,0.081470938,27.07049337,184.6249283,4484.680713,6.550044155,14.58873314,0.268198323,0.24815473,2.050472339,0.595085053,0.859084572,0.786074387,1.229835554,1.038786074,0.000433545,0.004932497,0.000193069,0.762397653,0.000120749,0.260862713,156.9149376,0.248390123,32.53875359,0.882238476
0.770293949,0.078439703,27.26100719,184.4232436,4527.201243,6.542448278,14.64411466,0.267724114,0.247594581,2.049591193,0.590607144,0.857265257,0.7855148,1.232432856,1.033040599,0.000436459,0.004939545,0.000191985,0.758257947,6.47E-05,0.264083315,157.5609331,0.246883559,32.35380012,0.88055853
0.77027835,0.079006947,27.38429402,184.5414427,4567.930283,6.520637461,14.58938525,0.265505522,0.247633411,2.060107528,0.594459701,0.858238555,0.786314973,1.22734174,1.027750688,0.000437605,0.004945892,0.000191488,0.758597259,1.60E-05,0.263235829,157.8646817,0.248197857,32.27054027,0.882695432
0.771693853,0.07919117,27.48029844,182.2018909,4577.449673,6.549987394,14.52100549,0.265484698,0.247875976,2.051403888,0.595679654,0.85685726,0.787463771,1.22269807,1.025152729,0.000439053,0.004963424,0.00019063,0.757926847,1.91E-05,0.260673198,157.9090139,0.248036761,32.18905009,0.88740503
0.768871065,0.076426989,27.47431199,180.5174152,4604.647453,6.579218256,14.3833854,0.266731667,0.246908691,2.065663096,0.593777473,0.861621151,0.785648408,1.217314266,1.026487699,0.000439377,0.004921524,0.000192323,0.75856953,3.88E-05,0.25886786,157.9199595,0.24846062,32.24194524,0.892014064
0.771690632,0.081688142,27.46933337,179.6262468,4593.44707,6.593937659,14.29140798,0.266457529,0.244984757,2.069840514,0.593966197,0.86557806,0.786793816,1.218367048,1.029601933,0.000436325,0.004900297,0.000191759,0.75549402,2.41E-05,0.261442993,157.7208999,0.247687811,32.12188389,0.894147956
0.766873629,0.081050565,27.65745333,180.4982485,4593.645956,6.637264602,14.1915289,0.269073989,0.243169934,2.06942008,0.594415009,0.862428997,0.785661897,1.218108244,1.02536532,0.00044027,0.004894589,0.000192236,0.753511729,2.08E-05,0.259462559,156.39327,0.246836853,32.13959193,0.899060932
0.763578773,0.080424161,27.74198578,181.0927482,4555.792056,6.663825709,14.11186219,0.269710254,0.24268969,2.073109042,0.594496629,0.860857717,0.788099024,1.209571949,1.025490428,0.000439427,0.004857674,0.000192723,0.747253025,5.04E-05,0.25719107,158.1640356,0.246981386,32.03209978,0.895816745
0.764614356,0.072748134,27.69442516,181.5304981,4597.651405,6.696266674,14.22154146,0.270107765,0.242708875,2.07817363,0.592457588,0.857573715,0.783834737,1.203616462,1.020201052,0.000439356,0.004878995,0.000191866,0.746206194,4.97E-05,0.258803082,157.1303014,0.245573622,31.96767946,0.896009071
0.772094775,0.071631829,27.7977696,180.7573262,4586.700266,6.67821693,14.12166736,0.269886351,0.241877058,2.084690168,0.595051623,0.857817072,0.780327738,1.206065934,1.025136725,0.000436804,0.004831275,0.000191826,0.74814573,5.91E-05,0.263587174,157.4171602,0.245076458,31.93354512,0.88560787
0.777979911,0.068233685,27.80893984,179.9853769,4605.63154,6.679816178,14.20977139,0.270873789,0.240255726,2.075898622,0.598025707,0.856237749,0.782888217,1.20294656,1.026206175,0.000435173,0.004864546,0.00019152,0.751402601,4.37E-05,0.266280501,157.350029,0.244928921,31.98873847,0.872157012
0.778376341,0.069068126,27.85383122,180.6482855,4661.228746,6.67456345,14.13393488,0.271165518,0.239017378,2.064218787,0.59187372,0.855469343,0.780562175,1.202513448,1.036407899,0.000431573,0.00485254,0.000195209,0.75037002,2.58E-05,0.263087262,157.2380089,0.24502053,32.07141296,0.872861785
0.774833122,0.069003605,27.94646194,179.5202074,4622.013015,6.718596888,14.07530133,0.271493846,0.238011656,2.066239808,0.596255248,0.856180097,0.781460911,1.204887391,1.04318578,0.000431866,0.004843927,0.000194347,0.755447756,4.94E-05,0.264019281,156.6459688,0.244432062,31.96705187,0.876780759
0.774094967,0.072075726,28.10986438,179.9496181,4584.206293,6.704541645,14.0806492,0.268652915,0.236984157,2.052697171,0.593108212,0.854783154,0.779708717,1.206100409,1.042627084,0.000432931,0.004835687,0.000193905,0.756481771,1.04E-05,0.264272361,156.2723811,0.243975256,31.91621502,0.881124761
0.776803615,0.073319919,28.07872525,180.0878629,4615.22895,6.731867297,14.11774411,0.269337517,0.236985243,2.052970967,0.593553717,0.856539046,0.785644303,1.198711797,1.042349658,0.000427792,0.004854914,0.000193485,0.759321544,9.86E-06,0.25901021,157.185068,0.243201612,31.88085497,0.882760225
0.768904824,0.076358554,28.09268338,180.274441,4642.853039,6.689004848,14.18054714,0.270051376,0.235110922,2.047757868,0.588798846,0.856857173,0.784411075,1.198590442,1.042682043,0.000424107,0.004824315,0.000191379,0.761976916,3.53E-05,0.259873763,156.4195039,0.244311255,32.06023995,0.884491356
0.768076058,0.073344313,28.22754993,180.305575,4597.515044,6.717144606,14.23912379,0.270636767,0.236117256,2.06837862,0.584736869,0.858220533,0.780084259,1.201601441,1.042001172,0.000429956,0.004838907,0.000192493,0.760976425,3.04E-05,0.259479981,157.525211,0.243502234,31.88454738,0.883547496
0.765481603,0.074702889,28.32913211,182.1534612,4565.418829,6.726082506,14.32453647,0.270644537,0.237512716,2.077754056,0.582885455,0.857410872,0.775733846,1.198931246,1.04356644,0.000429855,0.004824345,0.000192705,0.76794565,2.00E-05,0.257663279,158.1425942,0.243382212,31.73218955,0.885317576
0.761373046,0.070044776,28.30295323,181.6681951,4542.103118,6.761562845,14.26532251,0.271880203,0.235375172,2.089204151,0.581445418,0.86039614,0.776864942,1.201926728,1.041544086,0.000431181,0.004801517,0.000191698,0.772547408,4.90E-05,0.254480472,159.2362161,0.241149847,31.62416369,0.8863276
0.761699196,0.067106424,28.19182679,182.3760934,4567.989457,6.745107164,14.29594147,0.271389695,0.23635634,2.075844219,0.580615309,0.858600648,0.77363679,1.195670576,1.041924227,0.000431674,0.004788382,0.000191258,0.777206866,2.50E-06,0.256268443,158.8141242,0.239537654,31.45750346,0.886140662
0.764005549,0.070056829,28.15396089,183.1302196,4515.556254,6.747064787,14.3168389,0.2710966,0.239607808,2.057696776,0.574601421,0.857163183,0.774389637,1.189973685,1.040625804,0.000432837,0.004783411,0.000191007,0.779833456,6.28E-06,0.256393838,158.1341613,0.238777776,31.50887027,0.889498175
0.761376077,0.068309128,28.11353797,183.8003042,4574.541843,6.76291907,14.46404544,0.270608387,0.239716156,2.054791255,0.578691024,0.858238499,0.777182348,1.197234884,1.035678812,0.000432367,0.004821309,0.000192475,0.780574081,5.09E-05,0.255451101,157.6055525,0.238568514,31.26975597,0.895961218
0.764224876,0.071016133,28.10358485,183.4323988,4547.908588,6.667646404,14.55354716,0.271822093,0.240721674,2.059942954,0.576091931,0.85648557,0.771290891,1.208479753,1.031778777,0.000433165,0.004775231,0.000191998,0.780988865,1.90E-05,0.25435748,157.1630506,0.238584809,31.49091433,0.898575384
0.761974978,0.066563511,27.80678026,182.7317661,4602.233839,6.642987197,14.52856495,0.271503234,0.241467955,2.05302349,0.575145314,0.858826926,0.768786042,1.205506129,1.035210669,0.000429258,0.004758198,0.000189621,0.782368846,7.12E-06,0.255832813,157.6101567,0.238081505,31.38736407,0.89893099
0.766439832,0.062421425,27.74597982,182.7452247,4588.142665,6.612729159,14.5493891,0.271873315,0.24076894,2.05700196,0.577606168,0.857468737,0.769204186,1.21815442,1.039813372,0.000428183,0.00477368,0.000189564,0.780709246,2.14E-05,0.260286312,157.2666877,0.237916743,31.27643707,0.898632772
0.761977291,0.058793833,27.79303472,182.184172,4612.933067,6.597851557,14.50509843,0.270012977,0.242360523,2.056457439,0.57944841,0.856668972,0.766761711,1.225265515,1.040234149,0.00042471,0.004761043,0.000192129,0.778185525,3.69E-05,0.256345573,158.3074756,0.236402269,31.08196798,0.907114022
0.764136986,0.058217983,27.75198211,182.6832379,4602.825007,6.589052873,14.63139415,0.271857043,0.243378209,2.042370168,0.578934103,0.860286456,0.763440583,1.221027985,1.040042017,0.00042389,0.004770336,0.000193623,0.77693873,5.59E-05,0.260312771,158.3404844,0.236678108,30.99833184,0.905717118
0.764698477,0.05869043,27.73796236,184.3298575,4606.800976,6.637926233,14.58126656,0.271792285,0.243888874,2.022032042,0.57621708,0.859943784,0.764904434,1.220014653,1.043647036,0.000427733,0.004777034,0.000193073,0.776242962,1.66E-05,0.263928341,158.3981094,0.238696992,31.04118555,0.902507075
0.767897036,0.059086527,27.80279692,183.7222307,4634.399881,6.629653251,14.69135998,0.270784899,0.24380312,2.042795511,0.571469903,0.861935898,0.766729947,1.21804041,1.049956895,0.000430245,0.004806518,0.000192804,0.774437451,2.99E-06,0.267246768,158.6471066,0.238089694,30.94481363,0.90464718
0.769588616,0.055251409,27.75426142,183.6158877,4647.224806,6.640204418,14.5389797,0.270540023,0.244597385,2.037392696,0.570432091,0.857926559,0.76776772,1.223551272,1.049024959,0.000435669,0.004793943,0.000193072,0.77511679,4.98E-05,0.266511218,157.6997002,0.237367761,30.75857621,0.905933963
0.768198912,0.059691535,27.73044785,182.1310569,4638.320225,6.716215704,14.50605226,0.272263652,0.245465412,2.033612913,0.569472042,0.863261668,0.770235107,1.222747051,1.047482508,0.000435177,0.004782963,0.000192342,0.775552936,2.08E-05,0.264004262,157.7310849,0.237638928,30.51690274,0.906885875
0.767724655,0.057101669,27.67175091,182.1035682,4628.384845,6.744278789,14.54123563,0.274788684,0.246483745,2.034429115,0.568095293,0.86085079,0.770077076,1.230923531,1.047129835,0.0004378,0.004763017,0.000193296,0.778959988,1.37E-05,0.263567475,158.2821623,0.236102646,30.3569142,0.913185789
0.763406667,0.062356459,27.81497147,183.3592287,4583.937743,6.752520613,14.42045175,0.277034576,0.246401837,2.047145115,0.572417901,0.864492051,0.764583904,1.231165035,1.042773302,0.000439897,0.004745236,0.000194556,0.77823281,3.96E-05,0.259325409,158.1422285,0.233944831,30.36651317,0.911402163
0.764777809,0.060168532,27.90217407,183.527142,4566.54373,6.692505473,14.32026598,0.276379711,0.246478382,2.042207955,0.573832102,0.867545432,0.761142927,1.229999862,1.038271733,0.000438585,0.00476237,0.000194453,0.783570192,9.49E-06,0.260967228,158.8254467,0.232562715,30.50471424,0.911281807
0.762366592,0.053759578,28.01292699,183.0354033,4570.95634,6.683249742,14.24676765,0.277171779,0.248786434,2.047828614,0.577862511,0.867517158,0.756539315,1.228639176,1.045793121,0.000432288,0.004821721,0.00019329,0.782741958,3.73E-05,0.259699317,160.5742248,0.233690597,30.44969439,0.9102236
0.762841735,0.053109239,27.90221967,182.541689,4589.925791,6.738790663,14.13682432,0.275822465,0.248469541,2.051517843,0.578447846,0.871451465,0.760272657,1.223863532,1.045497143,0.000431333,0.004784729,0.000193569,0.778174867,9.85E-07,0.264132716,159.5906772,0.230536582,30.66590485,0.907907816
0.765925376,0.050211559,27.96743086,182.4873227,4608.505175,6.728136594,14.14085467,0.275983574,0.248757147,2.037079312,0.578873822,0.870780773,0.763506865,1.215440088,1.039384866,0.000433607,0.004785529,0.000193714,0.776407958,4.20E-05,0.263663446,158.3992646,0.228387883,30.67566505,0.900718132
0.765347662,0.050444468,27.88941079,182.5036956,4626.95957,6.713435946,14.20819266,0.276459414,0.249260148,2.045790366,0.580750784,0.873775594,0.761425141,1.218421709,1.041084752,0.000432058,0.004810562,0.000192992,0.778338609,8.97E-06,0.265931744,158.9789303,0.22657729,30.4538127,0.90341914
0.767074985,0.045875198,27.90874944,182.2807411,4634.702279,6.72961193,14.01476607,0.276881948,0.248225111,2.031213278,0.580596743,0.87483387,0.756768905,1.219508929,1.036048505,0.00043155,0.004826834,0.000191932,0.77765497,4.22E-05,0.263009391,158.6021067,0.225132113,30.50506012,0.90826049
0.763108773,0.046604458,28.03691547,182.6242336,4643.478772,6.714360563,14.11406438,0.277739271,0.248348121,2.036750896,0.584541439,0.8749622,0.759004451,1.211674286,1.027373216,0.000425342,0.004846125,0.000190593,0.777661159,1.20E-07,0.260528917,157.7688868,0.223234015,30.38420021,0.903170662
0.761066076,0.044279748,27.75597134,181.1970669,4607.266384,6.654806754,13.98738225,0.277404697,0.24978749,2.040911405,0.582212473,0.878418569,0.758023385,1.204557936,1.023366422,0.000421482,0.004823264,0.000193294,0.778513234,1.69E-05,0.261792378,157.8289311,0.219998976,30.51566185,0.901130715
0.761971356,0.04171375,27.88189567,182.7222185,4666.310288,6.690781782,13.90615792,0.277285223,0.249683865,2.029424038,0.584027,0.874736217,0.758371431,1.197834794,1.026273477,0.000419619,0.004811238,0.000193824,0.776612848,9.08E-06,0.258405087,158.9373968,0.218349501,30.58694641,0.888263079
0.76575062,0.040757316,27.84590351,182.5494078,4667.165363,6.70111353,13.92006548,0.276405441,0.248307374,2.02202466,0.580740582,0.882887426,0.758017614,1.206629564,1.022833421,0.000422631,0.004826448,0.000195476,0.775150259,6.42E-05,0.263425672,160.0961449,0.22260404,30.55472907,0.890677182
0.769143065,0.046788787,27.87221436,182.0538548,4638.848351,6.703997594,13.97988766,0.276703073,0.246377599,2.008932238,0.575857685,0.882879412,0.757857852,1.206959401,1.022460854,0.000421565,0.004841066,0.000195786,0.772729579,4.88E-06,0.267330526,160.405173,0.22411483,30.37633175,0.885326256
0.766307111,0.045045444,27.98763303,181.3034101,4606.726254,6.678133356,13.98286054,0.278117386,0.244409087,2.009558254,0.577152901,0.884652968,0.764563157,1.212351939,1.025725472,0.000419594,0.004864554,0.000196085,0.771166643,0.000107325,0.263962609,160.430173,0.224750506,30.46069269,0.887740521
0.762937399,0.04631687,27.85861736,181.5991868,4591.408737,6.656351637,13.89976508,0.278516822,0.243424111,1.993084866,0.575518704,0.883947552,0.752197789,1.216313027,1.029048858,0.000423628,0.004867017,0.000195407,0.76928959,9.28E-05,0.260190252,160.2104864,0.222482053,30.66025539,0.897328786
0.754137958,0.047893638,27.96909006,181.9329095,4577.700115,6.661744971,13.93865755,0.279074543,0.242990082,2.005816539,0.57291599,0.882469825,0.751900214,1.218542686,1.031692232,0.00042029,0.004827327,0.00019476,0.767047088,4.79E-05,0.256293021,160.3994789,0.223860965,30.31001596,0.906082549
0.759129576,0.047384917,27.96224129,183.3127335,4604.995799,6.674111595,13.89616581,0.281662988,0.242084501,2.006974717,0.574611159,0.883877202,0.751695102,1.222365814,1.030809183,0.000415709,0.004822896,0.000194966,0.766930154,5.33E-06,0.26074907,160.9664567,0.224775039,30.10883391,0.906605646
0.75944167,0.037598488,27.94086513,182.0736898,4614.759056,6.643175244,13.97488943,0.286638233,0.2421944,2.001936822,0.57659131,0.880033491,0.751700927,1.22250583,1.031846549,0.000415053,0.004794957,0.000195754,0.761212448,6.29E-07,0.261357404,161.3393479,0.224131782,29.83257614,0.913680379
0.760645357,0.027915207,27.9174593,182.1016068,4605.825817,6.711849725,14.07807949,0.28646735,0.242850452,2.009336436,0.579949195,0.878834545,0.749517204,1.224608303,1.033154362,0.000416293,0.004825174,0.000195214,0.764328905,6.66E-05,0.266191733,161.7991823,0.223684627,29.64635513,0.910913794
0.761725364,0.023418429,27.91260581,182.4721794,4659.022802,6.721265308,14.1339956,0.286686547,0.242158292,2.019028088,0.57563568,0.880042719,0.747249743,1.222131665,1.03534304,0.000419524,0.004872073,0.000194591,0.764596127,0.000133365,0.263311683,161.9192352,0.22262312,29.56011666,0.917766748
0.76183026,0.020480674,27.89907133,180.5988602,4648.346798,6.750460905,14.00461686,0.287103869,0.243083448,2.029161717,0.574403546,0.878798518,0.744961869,1.222733871,1.030495273,0.000416612,0.004879837,0.000194964,0.768647532,7.11E-05,0.259942535,162.4025573,0.222786784,29.42998135,0.912296669
0.769190523,0.021403877,27.9620366,182.4034855,4630.925292,6.797357849,14.00653756,0.287930997,0.241948524,2.028827405,0.572407672,0.878560062,0.747570649,1.217217695,1.029264358,0.000415725,0.004870065,0.000195358,0.770623309,0.000128117,0.265748306,163.2621118,0.223163921,29.48340739,0.922020205
0.762343079,0.023932901,27.90226257,180.4632704,4657.079682,6.774349299,13.9664305,0.287576298,0.240625687,2.035551366,0.573684851,0.876929498,0.752610037,1.220959394,1.021802351,0.000415804,0.004893084,0.00019688,0.768657503,4.29E-05,0.263670259,163.3604408,0.226553021,29.22769754,0.932558493
0.763406349,0.019847486,28.02641574,180.5775466,4672.201173,6.75832967,13.90196548,0.287676278,0.241084347,2.047350901,0.572212342,0.874862601,0.74946609,1.212511776,1.016093022,0.000414998,0.00485575,0.000197614,0.766891384,1.40E-05,0.267032274,163.6997473,0.225643306,28.66342092,0.927859689
0.768634196,0.011036158,28.01883427,179.1801638,4681.450675,6.747028855,13.75059179,0.289440296,0.242889468,2.0477544,0.568409901,0.872791275,0.744752378,1.21581609,1.001488773,0.000411784,0.004824532,0.000198678,0.767379126,5.61E-05,0.263373406,164.1187497,0.225369889,28.49207968,0.926299476
0.765716803,0.013248827,28.23192166,180.0525745,4682.517226,6.77456377,13.64602174,0.289643118,0.241766383,2.049260403,0.568476895,0.873667731,0.748402268,1.220628592,1.009102596,0.00040577,0.004885881,0.000196258,0.771384048,5.21E-05,0.264807967,163.8114341,0.223389094,28.63819328,0.928277743
0.764207306,0.007764576,28.38818637,179.7476578,4693.926191,6.746342058,13.68226477,0.289502822,0.242053219,2.039103005,0.571181625,0.873675749,0.748766728,1.228328205,1.014147779,0.000408543,0.004919454,0.000195681,0.768685552,2.79E-06,0.26147234,165.3346615,0.22399756,28.67835684,0.937113495
0.762961137,0.003323493,28.46749887,177.413219,4678.721111,6.744345203,13.69725953,0.289798064,0.243711578,2.042641129,0.56919945,0.874708699,0.750525884,1.23088925,1.021280835,0.000409985,0.004847873,0.000195573,0.766992971,6.68E-05,0.261378327,164.9132902,0.222982155,28.65497244,0.938265524
0.764950956,0.003197521,28.69633804,179.0025046,4667.259265,6.73489722,13.61892965,0.290156375,0.244220332,2.053267734,0.571070659,0.871344896,0.750078598,1.224191607,1.030186862,0.000413415,0.004854881,0.000196294,0.768908981,0.000144237,0.261579583,165.4325077,0.223757994,28.62883802,0.941889455
0.763390185,0.000581349,28.60805974,179.1614006,4674.959988,6.680501523,13.69579444,0.29082816,0.24380208,2.071278008,0.57380457,0.869402045,0.748927864,1.215713348,1.029486956,0.000418452,0.004878205,0.000196386,0.77163159,4.88E-05,0.262004898,166.3312052,0.224144062,28.49293449,0.943385782
0.761731338,0.000109918,28.70354379,179.327952,4703.403931,6.628631393,13.57040838,0.289624691,0.245153914,2.077095876,0.573443834,0.868987329,0.749585418,1.210599276,1.024627529,0.000416643,0.004864094,0.000195916,0.776400328,3.44E-05,0.260236689,167.1194257,0.224909777,28.34902032,0.948663655
0.765060879,0.001554485,28.6785458,180.2297113,4714.652735,6.656777349,13.50134611,0.288761335,0.244323865,2.078020466,0.574460025,0.871688939,0.749811679,1.217348653,1.012204478,0.000413512,0.004868218,0.000194905,0.773976611,1.83E-06,0.266100859,166.728492,0.22409026,28.42157848,0.946802787
0.76375471,0.001674434,28.66992631,179.5185187,4726.783073,6.620557592,13.51155475,0.288663316,0.242966101,2.078189271,0.573281067,0.869806835,0.755136385,1.216416865,1.006573006,0.000413002,0.004882548,0.000193064,0.774023433,9.84E-06,0.260127653,166.7800939,0.223686594,28.45099166,0.953496838
0.762840254,0.002629791,28.63340879,177.7264165,4678.716202,6.643387168,13.44052069,0.289648493,0.243514147,2.088650293,0.572978041,0.87463203,0.756736166,1.223910124,1.002397972,0.000413776,0.004837568,0.000193232,0.768794112,9.72E-05,0.26005115,166.7546838,0.223428789,28.51663532,0.953639473
0.764445619,0.000146951,28.60192007,176.3839504,4662.750164,6.672280747,13.42275537,0.2908077,0.242950303,2.100319672,0.581961102,0.867648197,0.756951796,1.211274021,1.002131353,0.000415055,0.00483486,0.000193708,0.762677034,2.11E-05,0.263628198,167.1612764,0.224380361,28.52810524,0.94490328
0.765065788,0.002071906,28.3789421,176.4488198,4682.723089,6.631523104,13.41731953,0.290003197,0.243473222,2.094208454,0.582357277,0.870474053,0.756319795,1.207225789,1.001618807,0.000412986,0.004854656,0.000193487,0.762551406,6.47E-05,0.26267052,165.8759347,0.225271355,28.67498673,0.952352124
0.762160672,0.003320082,28.46422756,173.815499,4732.397239,6.609312662,13.43314772,0.291658485,0.242565996,2.084209602,0.580476022,0.868962037,0.755363222,1.21599383,1.005176705,0.000419107,0.004876612,0.00019306,0.765143424,1.32E-05,0.256563091,165.2440808,0.226930706,28.41503342,0.958014592
0.762028043,0.001448579,28.35719376,174.275506,4748.137314,6.597657422,13.43985081,0.292127739,0.243426163,2.101524495,0.577257781,0.871510022,0.749548577,1.221389957,1.0077419,0.000419415,0.0048813,0.000191212,0.765220522,2.51E-05,0.260498669,165.6386354,0.225338475,28.16112896,0.96116909
0.763328354,0.003628946,28.42896635,174.3436064,4773.068623,6.584036828,13.54277376,0.291041832,0.244201949,2.1101034,0.577672583,0.872039463,0.750509845,1.222786418,1.009054417,0.000418592,0.004892518,0.000191157,0.767214004,3.38E-05,0.257959551,165.7899501,0.225621344,28.11399036,0.958143757
0.762259398,0.0054255,28.36234262,175.8927724,4760.45888,6.610069213,13.43152987,0.291130269,0.243811426,2.110061754,0.575264305,0.874711064,0.752911222,1.226717291,1.002167954,0.000420194,0.004916969,0.000191272,0.770199618,2.52E-05,0.258778622,166.6217788,0.226585105,27.90430196,0.959117487
0.757911578,0.000301109,28.37307962,175.7403818,4744.102754,6.617756241,13.35531465,0.293567956,0.243672543,2.121381376,0.575304612,0.870266776,0.755519252,1.221151849,1.00009564,0.000420647,0.00490813,0.000191039,0.77002258,5.05E-06,0.255833054,166.6236313,0.225113777,27.82040384,0.958031138
0.761786628,0.000244943,28.45074933,177.0107963,4744.39896,6.628053311,13.33083813,0.293973742,0.244550655,2.140570081,0.577057167,0.869001656,0.754883294,1.218741247,0.996146617,0.000421784,0.004943621,0.000190776,0.76242191,3.58E-05,0.257712546,167.0197037,0.226416972,28.0948989,0.954900914
0.759265807,0.003630188,28.50002652,178.9080625,4735.821984,6.666492171,13.31198229,0.292185135,0.245207525,2.148755138,0.581965218,0.87009748,0.750483606,1.215664982,0.987450596,0.000424885,0.004942589,0.000191159,0.766806223,7.12E-05,0.258057891,166.1005014,0.225433907,28.00384527,0.958407265
0.754260165,0.00015563,28.52905058,178.2628014,4742.096872,6.654031463,13.2567709,0.290350716,0.245703298,2.139489437,0.58193135,0.872029477,0.748806784,1.21524853,0.983492805,0.000422706,0.004986224,0.000192207,0.765264839,4.76E-05,0.258162206,167.2853608,0.222874659,27.91834076,0.961752463
0.751967703,0.005108489,28.58531462,178.3462736,4746.980702,6.67344132,13.432519,0.289545715,0.244653469,2.13282777,0.583766869,0.872453911,0.744977639,1.208697585,0.979111119,0.000423505,0.004988917,0.000192777,0.7632093,1.57E-05,0.255832765,167.6733973,0.22493765,28.0834834,0.962822644
0.762891528,0.006166441,28.79924361,176.4128309,4784.662392,6.684553631,13.40555863,0.289792903,0.242192811,2.133102214,0.580301894,0.873205371,0.750583521,1.202208391,0.978991211,0.000425552,0.004996008,0.000193562,0.764063806,5.40E-05,0.255963691,165.8131472,0.222629947,28.15435782,0.956345899
0.764071663,0.005920484,28.77134765,174.9616448,4791.074605,6.711449384,13.35339998,0.288619609,0.241552593,2.147528041,0.576929173,0.871374889,0.75149235,1.199533774,0.982103647,0.000429204,0.005012299,0.000193748,0.762454092,3.76E-05,0.25773966,163.8924484,0.220829017,28.23989455,0.961994831
0.765526279,0.001264523,28.73674714,174.3163815,4863.609635,6.692422756,13.36951538,0.287576073,0.242707988,2.158874822,0.572913501,0.873327966,0.756860953,1.199558491,0.990384897,0.000431388,0.00497603,0.000194752,0.761351156,6.13E-05,0.256192911,164.0691508,0.220714491,28.45382383,0.955792712
0.765198425,0.001007273,28.92972927,174.8215561,4841.704299,6.681460792,13.36853434,0.287084217,0.2424765,2.154464075,0.57067443,0.875327421,0.753004233,1.196116102,0.988746076,0.000434355,0.004954193,0.000194953,0.75621827,4.72E-05,0.260816895,165.7158099,0.223662724,28.3412593,0.959806035
0.765937995,0.004385776,29.0654272,174.3737032,4817.791842,6.636952542,13.34459492,0.285212929,0.241001998,2.159093796,0.564802876,0.87777124,0.75492713,1.193873688,0.994058947,0.000431185,0.004905551,0.000194662,0.755297838,5.39E-05,0.260238008,165.9186998,0.223451298,28.4420887,0.96061864
0.760373934,0.007605807,28.84516639,176.0237807,4857.121002,6.615723971,13.49806908,0.285014437,0.24448981,2.152507745,0.571967944,0.879331117,0.754372253,1.189417443,0.994250115,0.000433016,0.00485833,0.000194853,0.760142457,3.53E-06,0.256906771,166.767092,0.222257806,28.53324426,0.949898698
0.757540689,0.002307602,28.84564243,176.7357906,4901.452908,6.639792944,13.40611075,0.285318647,0.245898532,2.157437863,0.570641167,0.878199765,0.754437753,1.186863244,0.984543015,0.00043374,0.00484262,0.000193834,0.755795022,2.43E-05,0.258268401,166.9629294,0.222458786,28.77411166,0.948358499
0.760214395,0.003261164,28.90374198,175.8477492,4913.085534,6.665699352,13.34440679,0.288330557,0.246570946,2.16490677,0.57065548,0.877756065,0.759474573,1.190010721,0.978055696,0.000434825,0.004835298,0.000193644,0.753207454,1.85E-06,0.260969574,166.3104174,0.225210429,28.51959325,0.953618261
0.759551465,0.00603186,28.79019885,174.4174683,4893.882557,6.646993979,13.39030282,0.289635943,0.249486954,2.17270775,0.569046552,0.875275933,0.75950388,1.189129716,0.982911283,0.000436965,0.004841475,0.000193607,0.752767423,1.45E-05,0.257554947,166.3707422,0.227479137,28.50930889,0.956982786
0.757456621,0.004493194,28.83285475,174.9936164,4870.026745,6.732176784,13.43262351,0.287699338,0.249444978,2.177030766,0.568716037,0.874361319,0.760751583,1.187859648,0.994228295,0.000434775,0.004846898,0.000193899,0.754309834,2.89E-06,0.258014569,166.9879677,0.226671628,28.62550282,0.950208108
0.760114888,7.11E-06,28.70785124,175.6572921,4875.33548,6.685618252,13.5449673,0.288542484,0.248742299,2.166917521,0.565642524,0.871471323,0.763425875,1.182562019,0.99884855,0.000433319,0.004805449,0.000194736,0.745619468,5.59E-06,0.260668574,166.5637777,0.225099103,28.64402949,0.949951255
0.759891181,0.001171061,28.69691445,175.1458887,4868.40921,6.648373129,13.44425917,0.287086559,0.248684727,2.159306654,0.567620661,0.873420643,0.762515371,1.184666124,1.003369197,0.000432624,0.004866322,0.000193611,0.742605612,2.26E-05,0.256602596,166.3616135,0.225400687,28.96726031,0.948560277
0.764152236,0.001911136,28.72266334,174.4010608,4833.41102,6.676677827,13.28657,0.284712007,0.248810703,2.149063245,0.567873318,0.871847793,0.762875912,1.184147559,1.006997922,0.000431941,0.004857841,0.000195355,0.743338706,8.74E-06,0.259845955,165.6521368,0.225570227,29.06883522,0.952201159
0.768143621,0.001090178,28.73477555,173.5259509,4829.892118,6.706686945,13.29031643,0.285331206,0.249157403,2.152204991,0.56980217,0.868530835,0.764338544,1.184545102,1.002096649,0.000430035,0.004923459,0.000196106,0.743310226,6.88E-06,0.257434649,166.1950008,0.225636768,29.20820163,0.94411028
0.765476542,0.002958286,28.80137346,171.7760048,4803.411098,6.755324856,13.34563211,0.287064673,0.249834476,2.166691397,0.573140976,0.869606256,0.762976219,1.187158151,0.999333155,0.000427101,0.004917972,0.000195959,0.742734219,2.14E-05,0.252989954,166.9170975,0.225498554,29.00635458,0.93759833
0.765125404,0.000349324,29.1197331,172.1636824,4853.858995,6.78977261,13.35544314,0.284684191,0.25072519,2.156697487,0.576617811,0.870866328,0.765575116,1.19556538,1.007689485,0.00042436,0.004942303,0.000195013,0.746588599,7.35E-06,0.256406464,166.6879743,0.223368346,28.70241999,0.93537038
0.759295709,0.001393364,29.20868268,173.3599072,4844.128956,6.811085064,13.39495794,0.28516091,0.251213266,2.155992775,0.577898579,0.869283368,0.764320915,1.183905841,1.000621634,0.000425658,0.004951474,0.000196473,0.746785076,2.06E-05,0.25404527,167.3474152,0.225607117,28.93138811,0.935700188
0.766309737,0.002483946,29.20897498,171.5581331,4860.853727,6.816317387,13.38349208,0.285620721,0.252810078,2.165634233,0.580805742,0.870804084,0.770305795,1.179663137,0.997541515,0.000425961,0.004977872,0.000196512,0.746222461,3.38E-05,0.253991703,166.3238177,0.224835233,29.0932984,0.932283301
0.765946405,0.003219591,29.14050587,170.5265756,4874.331683,6.85466194,13.52887938,0.28582789,0.254981322,2.160439367,0.582747579,0.872715677,0.768804053,1.184480018,0.996916885,0.000426755,0.004986578,0.000196384,0.750414057,2.46E-05,0.253089816,165.232257,0.223687758,29.08391834,0.935608723
0.767235508,0.00627092,29.05176207,170.4784265,4849.353054,6.854739599,13.4849203,0.283389688,0.255306156,2.167353173,0.580787269,0.866724544,0.768378239,1.185290159,0.984941261,0.000426835,0.00496599,0.000197384,0.75098555,1.26E-05,0.25075981,164.5300457,0.224150227,29.23616952,0.934106167
0.767158841,0.006575887,29.17924931,169.6452078,4869.561059,6.845392484,13.47779266,0.2832402,0.254852415,2.167323719,0.582019733,0.865904243,0.76878845,1.179057116,0.990529694,0.000423794,0.004967798,0.000196585,0.750387293,2.20E-05,0.250162743,163.2250672,0.222092438,29.37118656,0.937733839
0.770123538,0.004049542,29.23517188,168.7356926,4919.957144,6.83364064,13.54121492,0.282761894,0.255516635,2.160999835,0.575921478,0.862825701,0.77371452,1.180861804,0.986731319,0.000429155,0.004937163,0.000195099,0.747325055,5.50E-05,0.249146276,163.3627934,0.222905739,29.1104031,0.933542664
0.770594048,0.002530189,29.24442865,168.0470733,4929.263632,6.875243537,13.55008179,0.284475416,0.256951602,2.152710765,0.579581567,0.866861838,0.77306998,1.190603522,0.98186962,0.000430222,0.004941166,0.000195309,0.74533508,5.92E-05,0.250902602,163.6727897,0.22364742,29.18577901,0.923123317
0.764045109,0.002565925,29.39901267,169.6748839,4911.992135,6.862076551,13.52027721,0.285597274,0.256440947,2.150356601,0.579102282,0.867345873,0.772443639,1.198667766,0.979489983,0.000430602,0.004910725,0.000195746,0.744775978,2.77E-05,0.246864318,164.2963159,0.221281654,28.97710541,0.920393549
0.769489205,0.002582597,29.4443737,169.0716084,4973.915639,6.78835577,13.47016559,0.28572206,0.257537951,2.14487731,0.580086358,0.866780515,0.775604803,1.205399177,0.97901997,0.000432399,0.004922125,0.000195794,0.746952578,1.61E-06,0.250516406,163.9432064,0.222109183,29.09643369,0.925780068
0.773450312,0.00114507,29.67058637,169.1746963,4958.512245,6.788085385,13.40756829,0.284895112,0.256463465,2.157559303,0.583176482,0.864685044,0.773226762,1.204690801,0.978469391,0.000434261,0.004928295,0.000194181,0.747887352,2.45E-05,0.249888758,162.9383463,0.222163603,29.036145,0.933098656
0.776127766,0.002942814,29.79042615,168.5771149,4946.844801,6.808460129,13.42289172,0.285624455,0.25611912,2.169415726,0.584455916,0.866169111,0.775568604,1.198280416,0.977103634,0.000433822,0.004902083,0.000193969,0.747530149,1.95E-05,0.253136975,161.5848631,0.221020325,29.07485064,0.938082516
0.77531184,0.005875729,29.82051273,169.230058,4905.838298,6.762154053,13.53679639,0.284794413,0.255863728,2.157322876,0.586432862,0.864749404,0.780096658,1.200909035,0.968259456,0.000431114,0.004935473,0.000194506,0.750447747,2.49E-05,0.255739018,161.2998279,0.219334637,29.06012881,0.936399546
0.769215957,0.009466117,29.7976218,169.1332564,4925.102649,6.768967202,13.53813994,0.284930384,0.257983311,2.171173544,0.583669072,0.863066032,0.777659189,1.204264132,0.968279951,0.000435092,0.004981244,0.000194367,0.752663129,0.000100122,0.246758283,160.910725,0.222490909,29.11258208,0.932737596
0.770090795,0.010510432,29.91931367,167.7212061,4941.649233,6.793333986,13.51999051,0.284436686,0.257409624,2.163701859,0.579428648,0.859188524,0.779152091,1.198717744,0.961627822,0.000433047,0.00499478,0.000194342,0.752554445,5.46E-05,0.245338816,161.7749197,0.223886366,29.23164043,0.936072949
0.765341724,0.005029208,29.9650148,167.5457033,4946.066354,6.792357797,13.59424399,0.283936081,0.257019552,2.163288728,0.578795802,0.864370225,0.780033442,1.193246665,0.957823935,0.000432446,0.004982391,0.000192559,0.755042312,4.13E-05,0.244756735,162.7741828,0.22410767,29.08173924,0.924146158
0.763502969,0.006941262,29.81518977,167.0532646,4960.711058,6.812702266,13.57974459,0.283687294,0.257363917,2.162513328,0.573129394,0.869805212,0.779761491,1.189151172,0.962679455,0.000434891,0.004996023,0.000192945,0.755519774,3.43E-05,0.246880308,163.2884618,0.22430081,29.10135095,0.917920346
0.761661365,0.009271787,29.88063255,168.6826126,4963.471898,6.835693747,13.61856044,0.284157682,0.256483408,2.142828592,0.570002776,0.864649106,0.776186527,1.183898741,0.967473123,0.000435165,0.004997546,0.000192618,0.758933215,1.23E-05,0.241490833,163.1005409,0.22427474,29.10808718,0.913401254
0.766904928,0.00948107,29.9086529,168.3335235,4974.621341,6.811936263,13.64831109,0.283682371,0.25723145,2.128898998,0.570079191,0.863598134,0.773316147,1.178305978,0.968614277,0.000441458,0.00499698,0.000192036,0.758388615,2.96E-05,0.245147666,163.3751008,0.224437874,29.17507508,0.909997376
0.767529616,0.003835082,29.85157262,169.6690009,4958.103175,6.848339938,13.71555344,0.283841083,0.255964423,2.127304679,0.569331031,0.865562452,0.768154713,1.172923032,0.965089104,0.000441257,0.005012304,0.000191945,0.758239013,5.03E-07,0.246037907,163.8993164,0.223734859,29.18383914,0.905115374
0.767072391,0.004473467,29.91614112,168.9878046,4971.252434,6.788360143,13.79458592,0.283090488,0.257302012,2.114882603,0.570685113,0.863955572,0.768035352,1.172311354,0.971425866,0.000439283,0.005066029,0.000192448,0.761017888,2.76E-05,0.248699416,163.3080172,0.223775195,29.39224773,0.902461284
0.766795101,0.005879427,29.95722494,168.5466166,4945.68248,6.751643551,13.76507097,0.285804014,0.257418791,2.107278807,0.573227433,0.862034279,0.76407517,1.17909382,0.977603886,0.000439218,0.0049996,0.000189839,0.762930349,8.50E-05,0.245117921,162.1940343,0.223257616,29.60021023,0.917003861
0.767981309,0.003589608,29.99650939,169.583119,4950.253357,6.776566817,13.82537664,0.286859561,0.256146789,2.080112525,0.572715191,0.85991963,0.759219385,1.17553021,0.978677856,0.00044033,0.005034318,0.00019038,0.760452012,9.05E-05,0.245142821,162.4918477,0.225418614,29.74880117,0.923857175
0.772459004,0.000428781,29.87971729,168.6812493,4931.85121,6.763656263,13.83199829,0.285399865,0.257320221,2.070385901,0.572265628,0.857764739,0.765743131,1.179863846,0.978345062,0.000441089,0.005046284,0.000190193,0.760684116,0.000114372,0.250438622,161.7024465,0.225448374,29.54673633,0.924062076
0.773302025,0.007080711,29.81079865,168.7186636,4881.989809,6.751033582,13.75853675,0.288855125,0.256963114,2.079670535,0.566176355,0.859563604,0.764008706,1.179969121,0.980748262,0.000446201,0.005013794,0.000189993,0.768814922,3.62E-05,0.24942917,162.3066887,0.224143405,29.61932498,0.917954267
0.776332647,0.008057184,29.84287901,168.4229527,4839.987602,6.691560968,13.76913138,0.286908653,0.255400961,2.068717889,0.563753341,0.857264826,0.774338776,1.182305892,0.979631396,0.000447855,0.004970226,0.000189703,0.764331776,6.94E-06,0.250647527,161.3355921,0.222643873,29.65413544,0.924481551
0.772742985,0.004554691,29.86388193,166.952355,4869.347396,6.678881965,13.68396513,0.28515887,0.255998028,2.07368931,0.563802148,0.859751709,0.77261306,1.18393431,0.975757006,0.000447354,0.004992831,0.000188979,0.764418951,5.06E-05,0.247584073,161.4299936,0.222286677,29.52917593,0.930413227
0.777495554,0.003308285,29.70846964,165.865771,4835.290221,6.678599357,13.74330688,0.286886076,0.257164776,2.05931844,0.567247589,0.860962781,0.772325474,1.182312585,0.978989953,0.000448223,0.004990973,0.000188617,0.764962716,1.18E-05,0.2499505,161.405278,0.222334776,29.4879428,0.92821079
0.777711684,0.003242638,29.98734686,165.6991067,4819.155487,6.711582388,13.66123787,0.28929964,0.256388272,2.069218159,0.57087256,0.858468675,0.77076332,1.192186662,0.979010466,0.000449237,0.004993741,0.000188136,0.764447664,5.63E-05,0.250429981,161.220949,0.22270937,29.53872687,0.939229793
0.781047926,0.000875467,29.98819262,164.598813,4747.624833,6.722739576,13.64906245,0.290069951,0.258807089,2.054388152,0.564330834,0.857367849,0.774751868,1.183405424,0.980395403,0.000451464,0.005005482,0.00018958,0.758723402,4.93E-05,0.249162383,161.2386724,0.220978723,29.51985457,0.947154407
0.779446462,0.004298499,29.96358109,164.4158771,4767.369979,6.684642105,13.64765987,0.291605961,0.257832236,2.070528779,0.566944378,0.860866552,0.777364725,1.178053349,0.979284196,0.000453103,0.004991227,0.000188731,0.763809946,9.54E-05,0.249645498,161.1558452,0.222092674,29.74326702,0.948468492
0.779191164,0.000958225,29.99432934,163.2857393,4770.296184,6.689678948,13.68519184,0.292354409,0.257825356,2.075862908,0.572018599,0.86305489,0.770100004,1.184523604,0.979272324,0.000453213,0.004953755,0.000189864,0.764037373,4.77E-05,0.251237014,161.1545379,0.221204994,29.7640199,0.948752949
0.772390511,0.005250013,29.83949923,163.2693808,4790.984841,6.700593828,13.62326426,0.293865551,0.258583683,2.077318617,0.572835862,0.860639134,0.768126652,1.178602332,0.977303366,0.000453253,0.004966055,0.000189145,0.762421766,3.75E-05,0.245799472,162.1211909,0.222038149,29.50623022,0.943859227
0.771893047,0.002628524,29.82469985,162.8836568,4793.398086,6.727406559,13.62170512,0.294239688,0.259423759,2.085237443,0.569665165,0.861094945,0.77055835,1.174191862,0.984302433,0.000452062,0.004962664,0.000188052,0.756393924,1.57E-07,0.245558413,162.0078453,0.221922382,29.3092413,0.943349924
0.776340254,0.000323378,29.95340938,162.4661081,4820.152169,6.713568485,13.63006806,0.292622961,0.258692117,2.076768501,0.56710123,0.863434239,0.773781452,1.169237838,0.983060465,0.000453941,0.004930143,0.000187097,0.754488378,3.78E-05,0.246853774,161.9712827,0.222101713,29.15117657,0.94774348
0.773598768,0.002572249,29.97575308,163.8430943,4846.096164,6.75940818,13.73521393,0.288881302,0.256559222,2.065629852,0.566328457,0.861491665,0.774019171,1.175935638,0.984011355,0.000448712,0.004891651,0.000186157,0.757911294,3.70E-05,0.246117997,161.4512889,0.220766797,28.93949962,0.944011503
0.771758341,0.00175005,29.94411675,163.9944289,4839.869316,6.777415747,13.63084844,0.288669456,0.255673743,2.075004516,0.561714661,0.857035474,0.771363179,1.175418499,0.992387511,0.000450677,0.004880586,0.000185405,0.752871712,5.97E-06,0.241527171,160.281351,0.218560717,28.83891923,0.943705014
0.769839505,0.007458507,29.95717946,164.3418607,4839.737499,6.804739321,13.59763384,0.290361223,0.255151065,2.070086384,0.559924326,0.855336639,0.77387289,1.177825151,0.998105314,0.000450902,0.004864032,0.000184134,0.746298111,1.95E-05,0.241412744,160.1521198,0.22095463,29.12581573,0.952970913
0.77428264,0.006387621,29.89072756,163.0191575,4878.478993,6.834279779,13.67669924,0.289048547,0.255086808,2.087266233,0.558636392,0.856574011,0.773340695,1.17325697,0.996683665,0.000453709,0.004835232,0.000183987,0.747041918,5.13E-05,0.242838056,159.148453,0.219893026,29.01996631,0.956493224
0.775602133,0.005037783,29.6520022,164.8108173,4874.609782,6.823216953,13.70889891,0.290547369,0.257531683,2.078145732,0.55765039,0.852993866,0.767978264,1.162279623,0.989411997,0.000455539,0.004833375,0.000185105,0.753930248,2.75E-05,0.242900609,158.0512596,0.218898736,29.14274787,0.946729739
0.77540056,0.00233062,29.65608698,163.8066275,4858.184284,6.803143436,13.74916146,0.290337058,0.257843877,2.078007566,0.562547303,0.851525794,0.773659395,1.163260144,0.99114931,0.000456019,0.004803648,0.000183692,0.751941833,2.44E-05,0.244967425,157.6948864,0.217961973,29.10868887,0.949447692
0.778519146,0.006589475,29.74709136,163.8834528,4843.401177,6.786533996,13.69093607,0.292688951,0.257460009,2.089658561,0.563465429,0.853578969,0.775442818,1.158563731,0.993781153,0.000456477,0.004828988,0.000184789,0.754092951,2.97E-05,0.246600688,157.9213612,0.219888971,29.14030019,0.950218282
0.778019338,0.009128606,29.81404378,164.2546818,4855.886092,6.753957983,13.61825115,0.292455912,0.257870779,2.091314873,0.56638263,0.852967499,0.77498137,1.152763959,0.996102581,0.000455306,0.004820856,0.000184092,0.755050968,7.20E-06,0.245621913,158.4441181,0.220892398,29.28341094,0.947628186
0.774754571,0.010852097,29.6994543,164.7481751,4826.393525,6.746240158,13.65329442,0.292628386,0.256596772,2.104724965,0.565948514,0.854097658,0.774072991,1.150230858,0.992720542,0.000454227,0.004785618,0.000183448,0.756550283,3.02E-06,0.242692111,158.75007,0.219034948,29.14248878,0.945704868
0.772963104,0.009555543,29.87245261,165.0110263,4827.499375,6.721767746,13.46295946,0.295237152,0.257246392,2.093376845,0.564225086,0.857570476,0.777790921,1.152222918,0.982777985,0.000452586,0.004760294,0.000181956,0.757776839,3.58E-05,0.244110458,159.2820831,0.220409738,29.26001404,0.944984661
0.777890278,0.007291534,29.97421771,165.3974778,4830.576676,6.733392598,13.47373955,0.293398423,0.255913879,2.090981846,0.562246128,0.858735158,0.776258935,1.154840727,0.981989599,0.000447279,0.004718545,0.000181865,0.758110834,2.73E-05,0.248504392,159.8014844,0.219736003,29.11894641,0.957498886
0.77806307,0.004536747,29.84923758,165.9928224,4809.463875,6.737412614,13.47918825,0.292782454,0.255911881,2.098699314,0.556883496,0.861965462,0.776071402,1.157120742,0.983775842,0.000448831,0.004722576,0.00018137,0.754837058,3.89E-05,0.248804494,160.0472897,0.220059751,29.12428348,0.96233761
0.781097081,0.00611179,29.74185638,164.9500476,4802.898467,6.771369327,13.41390548,0.289535967,0.256542104,2.091728153,0.548313025,0.860303398,0.771807811,1.152566742,0.987825061,0.000448106,0.004701093,0.000179735,0.755311701,5.41E-05,0.248456453,159.7517634,0.220197439,29.15435407,0.961733455
0.77731378,0.009250209,29.81565653,164.5602789,4808.806198,6.772079167,13.29031713,0.286153016,0.256757862,2.088578017,0.546172645,0.861731896,0.773969249,1.153867836,1.001259978,0.000448732,0.004664516,0.00018026,0.762103776,9.18E-05,0.246886505,160.0309491,0.219298456,29.27802147,0.953010205
0.773938113,0.012043384,29.79641189,162.6116141,4811.510115,6.751588076,13.15016066,0.284621407,0.257202312,2.089827993,0.54494493,0.865664876,0.773197597,1.161070955,1.011929903,0.000448877,0.004658732,0.000179887,0.764183003,1.17E-05,0.248132265,160.4628009,0.220009041,29.15313051,0.950479771
0.778617999,0.005000624,29.88683459,162.8641256,4789.498281,6.752633119,13.09846893,0.284335618,0.258324806,2.094654591,0.544615106,0.862863095,0.772261916,1.164394481,1.005455277,0.000452493,0.004657749,0.000179837,0.766887135,6.84E-05,0.243785847,161.4325792,0.217072398,29.14691434,0.94962983
0.776856172,0.002069985,29.87155582,162.4080607,4820.010932,6.722217288,13.17079054,0.287553391,0.259952461,2.099861277,0.545208945,0.865929938,0.777416248,1.159331818,1.011663842,0.000458164,0.00467787,0.000178337,0.765511733,9.81E-06,0.246154799,161.4408116,0.216252287,29.08629401,0.953941622
0.778023184,0.001901467,29.88717728,159.5924517,4844.163253,6.729850563,13.06557587,0.287323531,0.261049486,2.105923399,0.541988378,0.865629208,0.779131359,1.162343703,1.009782257,0.000459414,0.004739679,0.000178444,0.764067506,2.64E-05,0.243267249,161.1301228,0.215883287,29.20112953,0.95491442
0.774820427,0.004986146,29.93054659,159.2363326,4848.935364,6.736267754,13.03736034,0.285279067,0.261193523,2.109657661,0.544921071,0.869337845,0.78056924,1.156271988,1.016454138,0.000459953,0.004717194,0.000179484,0.764565292,2.43E-05,0.243433077,160.5318776,0.216174966,29.26441338,0.957935134
0.776598701,0.004132253,29.88301371,158.7968168,4874.450835,6.755108755,12.95203879,0.284426277,0.26412459,2.118727734,0.546298591,0.869273452,0.782373711,1.160717123,1.019863976,0.000460404,0.004722535,0.000179847,0.762630335,4.12E-05,0.241595838,159.9051588,0.21434673,29.22552413,0.962555437
0.774263748,0.01111881,29.92959752,157.4673407,4880.017532,6.76700364,13.03543671,0.283770046,0.264450096,2.139207808,0.546813236,0.872813526,0.785658081,1.156611967,1.010221236,0.000458458,0.00471512,0.000179764,0.765259043,4.06E-06,0.239794009,160.1160416,0.213574142,29.04199368,0.962518234
0.77324617,0.009755748,29.94645472,158.1140211,4848.99542,6.787637738,13.05985424,0.281882739,0.266421763,2.138051137,0.544276759,0.872809355,0.780636243,1.159233149,0.998886349,0.000457889,0.004710544,0.000180716,0.76875684,9.79E-06,0.238533838,159.5247335,0.213215511,29.04872908,0.966931485
0.775521888,0.00945086,29.96177798,157.7836114,4830.944457,6.758474915,13.05617077,0.282884093,0.266273839,2.140135422,0.541814207,0.869962654,0.78216712,1.169021971,0.990888843,0.000456889,0.004721641,0.000180447,0.769837162,2.66E-06,0.23784965,159.5087644,0.211589247,29.03578252,0.968927199
0.771148086,0.008337384,29.92032007,158.8839493,4872.834521,6.715036756,13.11648599,0.284027798,0.265437548,2.139308788,0.541909998,0.869754971,0.782747343,1.171275901,0.989656182,0.000455783,0.004708628,0.000180329,0.772180299,1.45E-05,0.241313149,159.2650196,0.213869687,28.83146052,0.973355267
0.773632884,0.010128466,29.81569484,157.944886,4891.144476,6.712123697,13.09834351,0.283479735,0.265973067,2.128116359,0.54175443,0.868839661,0.779425919,1.180538808,0.985410724,0.000456021,0.004725268,0.000180353,0.772982415,3.38E-05,0.236970096,158.5607061,0.215337349,28.84024648,0.968843744
