0.6143610063023751,0.15015878623692544,58.27987812354763,0.014971728215685627,0.01119986445044314,68.92656602386735,35773.565255725836,5.6497561788826935,21.332501790979038,0.6384684946925896,0.33576196429621585,0.32880481907929066,1.6713294319071568,0.618920974645681,0.552605960878854,0.49448270244088205,0.9679888768826858,1.1297301329437255,0.000619883941221445,0.005262683294964677,0.0002250752058354333,0.08715201667634505,0.04673304322919408,0.8292729028141524,0.001675057007096116,0.7085238898358983,8.395434310940814,3.9636176782981503,214.65530470806894,0.6849441586486039,0.7971601926171101
0.6196783365076901,0.15172107912725546,58.416135678448455,0.014754734502534604,0.011782304157404515,73.5305435293575,36191.315805092236,5.67086518756274,21.272368889871775,0.638611678630721,0.3373251709718973,0.33156981440416927,1.6811087964075595,0.6203486868617245,0.5527263922962551,0.49265011558253363,0.9616449812484207,1.120654215004339,0.0006260981459518377,0.005309084326710969,0.0002289402274825278,0.08176447579087881,0.047168302505421,0.8417393486781906,0.001408625294556449,0.7087090429252715,8.39382689119055,3.962907723407898,215.6246528617952,0.6818200120080878,0.7943229049519283
0.6214930014377402,0.15222562529902806,58.080321620963204,0.014464212352198757,0.011819802397186292,64.45281212108173,36405.18916186037,5.668200089842352,21.501303640028045,0.6388110934200207,0.34066320634973635,0.3317726500538893,1.6976020024447769,0.6198798771381118,0.5566934108378588,0.5006886170448116,0.9739487537959933,1.1128640293677479,0.0006256241680417301,0.00528302561770036,0.00022827103728673048,0.08349887106786594,0.04612489799992844,0.8356076861576726,0.001081900458861135,0.7107948290085256,8.440143689177242,3.969784224089925,213.68511609011162,0.6813208242480281,0.7941772952253953
0.62104899961436,0.15325389120850025,57.38633471372701,0.013971049118620557,0.011005046156377535,57.87847297851259,36228.579433787105,5.7200997477917275,21.67194142497,0.6371696485036963,0.33896238203931023,0.3295715199803366,1.7029008769613074,0.6204832757173124,0.5574016757601468,0.5017617668728107,0.9773541579697728,1.1119462792909853,0.0006331441519352165,0.0052495686355755215,0.00023117328868131214,0.07906711861158021,0.04357098316139811,0.8361116859075491,0.0014484131898298246,0.7107139655648252,8.453550067325066,3.9540731995300464,215.15260218967245,0.6781248955806503,0.7942411777933734
0.6224302286341408,0.15408768338588896,57.450760402981615,0.013691733028482714,0.011090228827241623,82.51305055547654,36165.80818423637,5.726430209678785,21.434763616504075,0.6323313011428886,0.33767110002757156,0.32956883965000106,1.7111988855112648,0.625446980781268,0.558552455817006,0.5009615553215954,0.9777153567297113,1.1169449214501947,0.0006308446936286357,0.005229513610491629,0.00023008849687398733,0.0822399939830948,0.04765775617503085,0.8368118682561069,0.0024209903164688533,0.7080971425449158,8.424206033086692,3.9709368326970336,214.26692100443145,0.6786453379986863,0.7924240210062086
0.623754264898624,0.15623374719121058,57.8107330206533,0.01394400295223018,0.0110148293751734,98.60754000046276,35956.124113155936,5.7771294947076814,21.66370075284979,0.6251080979519335,0.34175899838365176,0.33358487705721523,1.6974728017799727,0.6264110035575637,0.5562726273802527,0.49843301557100417,0.9705390888980544,1.1040616411333326,0.0006319011120105361,0.005245918887809039,0.00023242783675809668,0.08245160064581955,0.050794268697249734,0.8395523713379706,4.797685218550264e-06,0.7061783623527045,8.397577004353737,3.99281288478332,214.8019881387738,0.6783890661695685,0.790461237064708
0.6268180730217593,0.1581223426946088,58.11104440869345,0.01487707253099912,0.011153389517006318,101.40354499294233,35843.5098767371,5.753904974168438,21.47142330173153,0.6234250400283029,0.33745031050503727,0.33271412637148556,1.6966116391946244,0.6272699325246233,0.5593203683653479,0.5012076078351039,0.9648825136922894,1.0948812991251096,0.0006353678496117344,0.005226823939734316,0.0002348600160902661,0.08354610595069503,0.04962251730516474,0.8365107080235737,0.0016582940100278217,0.7054865604103132,8.33330128276826,3.971938571176739,215.72585585612086,0.6787379256674783,0.7862182827870916
0.6315678295377064,0.15892052373188692,57.819040873336455,0.015042634480877271,0.011106747537203917,60.77941615941912,36119.30881149566,5.756051539009417,21.469294448795605,0.6152431377943823,0.3360047624616844,0.3320832960872408,1.7013961005692424,0.6335416108363335,0.5621811931637561,0.4999598002633019,0.9647327111700558,1.0957517195619104,0.000631486517348288,0.005208582286558207,0.00023279791846982296,0.08005004822559106,0.04470698705701675,0.8341799958221705,9.821430888814846e-05,0.7020169371106597,8.297825857200396,3.9498856033381546,216.45110360954638,0.683876757512681,0.7867528869294443
0.6300504937760713,0.15944235064535484,57.652838243203206,0.016096305831597418,0.011011575345498126,80.5408016576537,36042.831559858336,5.732323521439904,21.117798826291097,0.6181544900968463,0.33547975871238517,0.33126367269199286,1.7042500055867564,0.6346472160518428,0.5585094986489488,0.49901218478961445,0.9536462561627294,1.093690052485994,0.0006250652558074924,0.005179952572020759,0.00023415792748001196,0.08154709889695051,0.04477391674474756,0.8303084780505338,0.0044483874373870925,0.6999004174319344,8.259537560438732,3.912003723536855,217.04676981549463,0.6838840366502407,0.7898820909290257
0.627992125661165,0.15791073061427433,57.68856305140522,0.01543287718079356,0.011214128265391659,71.984882315097,35971.55447788639,5.71838073086142,20.91261988992272,0.6154629482106967,0.3333937676832433,0.3290676588323488,1.7161841524437578,0.6330616301546209,0.5594976651567456,0.4991641534268846,0.9505166083871691,1.1036719813994118,0.0006269252693261479,0.005147205768681025,0.00023358742803929473,0.08378578332628943,0.04647714990802073,0.8309397261172506,0.0016827089760888519,0.6996976324410932,8.24028963454901,3.9059486255108005,214.80888772126463,0.6867714946938491,0.7885409737694051
0.6309121571346338,0.1586530655865764,57.7627736950863,0.015744754281519963,0.011464062858975851,71.64846964972647,35879.53462799467,5.746670556627673,20.681774153245573,0.6125606732202121,0.3347514004256034,0.33327038743852194,1.7221377692899047,0.6363070957553353,0.5570053272659308,0.5020413455432631,0.9516356715309816,1.1068583860327326,0.0006239942255788223,0.005178952228895622,0.00023338576341055698,0.08390558189111973,0.04643516802153148,0.8394711174640005,0.0015585039987236053,0.6977368956006395,8.20138355215176,3.9186227947757026,215.56474064576506,0.6932954423497736,0.7877994813301992
0.6282937292215722,0.15910930788802932,57.97515599181548,0.01644895375739381,0.011468256282709281,59.719091931965856,35707.24929882833,5.699915065754791,20.663240195142734,0.612621738550149,0.3295432620495848,0.33832911874287547,1.7306304937679724,0.6402614361545276,0.5561292280664634,0.4987912334697225,0.9463845915140189,1.1153116989729113,0.0006289116232567213,0.005077538686767341,0.00023258121047831632,0.0792441818567068,0.0421284276507152,0.8400088129714353,0.004593622085411137,0.6987919249117609,8.11663021742341,3.9140546595791377,213.61338473786196,0.6923063037238254,0.7859438484940335
0.6290101957002173,0.1594926008743777,58.48999304993176,0.016875486789301845,0.011649027190876713,56.403293241756586,35804.972037624764,5.688516639900671,20.83464270945088,0.6216186200348096,0.3328078799686347,0.3371767418770413,1.7316855458887452,0.6402310494823158,0.5575035647380304,0.5009842421452917,0.9501890953938298,1.1186373924206212,0.0006275272289413528,0.0050743803015911556,0.00023612454853976918,0.07742805201928556,0.042218124534732455,0.8409033278466082,0.003824659591242955,0.7001240331435686,8.114617226208383,3.914709935377859,213.6445570147443,0.6972125556456253,0.7934084652802157
0.6287007539446751,0.15790898021176553,58.56395674003157,0.017420395960194176,0.011391923950520105,62.486451789464354,36114.0307921071,5.706819713974386,20.83200758037658,0.6298460191030353,0.33360518092617536,0.3369177622609553,1.736837219368224,0.6439126730345436,0.5548230826554583,0.49932782614360993,0.964288198570543,1.1172388363626335,0.0006286427314443559,0.0051244038244458966,0.00023391809008046786,0.07754719694621053,0.04440576253948615,0.845949707412739,0.002893509479802655,0.6983783805599236,8.120153682267397,3.9029951726092267,212.34157001913687,0.6997758530650403,0.7960869650238901
0.6309151897426036,0.15990995802210975,57.937742479545236,0.01782211018549271,0.011472704595475954,63.37763853075562,36319.123041801475,5.684122362047367,20.92930050478544,0.634418515208468,0.338673070026585,0.33476206772979333,1.7207089884564368,0.6439307335535729,0.551741428925623,0.49986205856845445,0.9695177937913116,1.108871985531341,0.0006298565422120366,0.005065240732510843,0.0002321086413108198,0.0715889025308262,0.046163241581654524,0.8487685206171839,0.0007779241892673346,0.6975912567299292,8.112524339701158,3.9048216816382504,212.16003505023846,0.7018079198088095,0.8022302756420783
0.6320052955988461,0.15725608393927895,58.25116931123054,0.01790986682034556,0.011345696634182471,58.696163572457934,36274.33367518695,5.704735032821722,20.947653488448534,0.6459508982666253,0.3445512796011135,0.33578468716517174,1.7243550486331651,0.6437003683169672,0.5564721774123835,0.5001078453689215,0.9705150652466183,1.1215472344918358,0.0006336694487407436,0.005161322486304353,0.00023531115583707947,0.07309730152379276,0.0454288216971317,0.848998409319567,9.155764330827257e-05,0.6985165617945045,8.063180681227106,3.9184690506074134,213.5184648196936,0.7001751767974532,0.8062747280102475
0.6334707807334656,0.15645928882911267,58.55633877194387,0.018188051758738895,0.01130212399303924,63.57734604417243,36454.29550378035,5.690252582875982,21.21159905339048,0.6467970492730554,0.34624450692702835,0.3339806378037743,1.730295642078664,0.6472345282701505,0.5574365696661734,0.5019219516389659,0.9665008228291341,1.1189909290163054,0.0006291001988434511,0.005168626363153593,0.00023780970263246438,0.07377707596935125,0.04565392297251815,0.8537778270203704,0.0007548968294090548,0.6965589705724091,8.159444961578425,3.9099011961233496,215.1912327535977,0.7032816303710515,0.8021394390610653
0.6335962213349127,0.15688499750669038,57.47180955546118,0.018348363976288737,0.011764501880847638,68.9897328346562,36237.25593240145,5.725973196433221,21.24004244017821,0.6340886737185393,0.35071912395381494,0.3328284302454591,1.7415203183027061,0.643660205365655,0.5522776276273378,0.5024111987800028,0.9596396493119953,1.1192559363398544,0.0006292961192985093,0.005238191414812901,0.00024049817309010083,0.058676585082995496,0.047020064786349805,0.851882686527314,0.0004946396089540001,0.6981662145251858,8.169438173988587,3.881882323276899,213.81905658896488,0.7012093483512283,0.8019701321952996
0.6305955570488011,0.15738147224452598,58.05406925901258,0.018809216296450274,0.011470862240181994,56.14600272372937,36279.67168568779,5.70918972439893,21.150315885418504,0.6329359658019715,0.35388793455976986,0.33344729588495964,1.7420257987528096,0.6393836208207577,0.5555568638917062,0.4976577452344036,0.9547774986656876,1.119244053153006,0.0006310675220861154,0.005315751173756644,0.0002420281772558655,0.054335157570147244,0.043242014459127426,0.868287511080089,0.0010439418239041175,0.7020103976946558,8.235382380404356,3.9154665940610522,214.60964297698143,0.698741588361041,0.7979024955623429
0.6311155930660123,0.15699271294804995,57.67899609772012,0.018944691471006185,0.01108237320623816,66.44158941631788,36249.292901886896,5.703127021260739,21.62986810153918,0.625282422353604,0.3593100477726709,0.3306128323596109,1.741591793660784,0.6390017174899622,0.560408887264757,0.4950229920477559,0.9615077494563063,1.1086051434191788,0.0006326738958334121,0.005313457168285871,0.00024104733311103754,0.06141112021187046,0.04665202219439145,0.8714529400514629,0.0006844643103062049,0.7024337210104598,8.201798877299703,3.9351532267410376,214.37534022946357,0.6992278967450304,0.7971365020163359
0.6263512161941384,0.15658706149651325,57.49412240502476,0.01857468488501099,0.011330350178967842,69.56062107656749,36154.73620484118,5.737907046983373,21.50678187531626,0.6242342190477912,0.36132583249339817,0.3287203595225332,1.7495794010866426,0.6436189638686461,0.55599970147522,0.4895846383629461,0.9577898915861912,1.1098356293621852,0.0006344018547993584,0.005309082006081073,0.00023898186843037628,0.06717391483773356,0.04457302285469975,0.8695600943558993,0.00329141182333858,0.7019562975770003,8.241813806944126,3.895580844915623,216.1098409685963,0.7010300490864297,0.7942829571569453
0.6289030695895796,0.1564055936750524,57.21220400251208,0.018644745166380945,0.011331383165232842,54.7114437108213,36230.93649044325,5.758879325020086,21.46762810314006,0.6196168994418401,0.3563691784470099,0.3308985994017533,1.745126964685066,0.6402452736459894,0.5548539450124822,0.49279780418642416,0.9622521774072964,1.114803947603629,0.000632156913131451,0.005340065890506229,0.0002374813929938164,0.06965279910726455,0.04354474409729927,0.870586944305379,2.1794462792706394e-06,0.7036105011677231,8.248452217888014,3.878566271941613,215.46486142162186,0.7003263301795769,0.7933948080445155
0.631667174580126,0.15486566100377522,57.38516183622265,0.01840334534805206,0.011447492611955871,78.14944956623482,36345.40953767884,5.757509831868049,21.12431369742552,0.6175966079353257,0.3614603218335642,0.3304809701119613,1.7441869577430642,0.6427608947098163,0.5551363918395121,0.4909276603682946,0.9654335110989916,1.1171042562573195,0.0006380766738551481,0.005341572770993866,0.00023858265729657582,0.06747870214884864,0.046149289068834136,0.86971205665463,0.0024775226272924123,0.7052294242057502,8.286901450587486,3.8731625234535616,217.51546650210554,0.6980549759895378,0.7948109344322918
0.6333684205941702,0.15223771581734044,57.67662154887671,0.019443934668988642,0.012206369240680918,72.84440585393894,36409.03376463057,5.744673879171632,21.372448618397307,0.6171535902005806,0.3716058957075181,0.3272089949108579,1.7332153177262215,0.6421888384140106,0.5545168847963713,0.49108807525079223,0.9600135215079173,1.111762089981565,0.0006379474995035294,0.005351282606795883,0.00023770150933961169,0.07955723045486301,0.046319707642892415,0.8669758725272746,0.0013335936392454783,0.7068132622381412,8.32621511026087,3.8861921810037825,217.89259909190923,0.694217577732469,0.793193992651469
0.6349294911729895,0.15243359121697775,57.306794520744155,0.01985484556961623,0.011612670696565752,61.54730415991486,36633.3600738815,5.6670519582746035,21.241576789667494,0.6230020933728002,0.36843613514461115,0.32648492680647717,1.7424360794640017,0.6415139733717415,0.5533674750348975,0.4943122497786894,0.9580899845922459,1.1233419191157397,0.0006415812515110891,0.005256871390964124,0.00023720711203267355,0.08243655462067326,0.04198847652396645,0.8670483302188209,0.003207277778708933,0.7063422007926272,8.341820354976644,3.8909634012391017,218.1306679265518,0.6960748890308743,0.7941193944175735
0.6356706622344631,0.15053733762041277,57.54297962794134,0.020386698356654784,0.012398286835711845,52.74476109941409,36623.184853145256,5.676150093307298,21.39200170994889,0.6225319581368938,0.37826755051304206,0.3232107985796315,1.7350899301062557,0.6423597282017219,0.5548841147417198,0.49362500349489846,0.9563093909548319,1.1200813383868158,0.0006485858029691848,0.0052369041708889424,0.0002369333483987269,0.0807353960358201,0.041797709093041736,0.8673962623276684,0.001205823727113713,0.7069169265950783,8.316541730617061,3.897237564825456,219.0417607159423,0.6925290280407304,0.7942623095282176
0.6403906431622294,0.15141354318921701,57.10249480785197,0.019535950126993,0.01188825817409694,65.63397893328654,36646.43165440464,5.6927277584399105,21.31394212117775,0.6198344330568802,0.37467108437310676,0.32194485262690953,1.7361163642608983,0.6444583079568318,0.5549073183060593,0.4929478579919116,0.9565127871014513,1.1217511369129696,0.0006507418433483131,0.005291993819867495,0.00023538219686541155,0.0697314797698006,0.045597963437782676,0.8651848242830315,0.00032141119377520873,0.7043392726584328,8.29498496744486,3.9216882259314927,217.40568508514858,0.6904320238878403,0.7954399702501784
0.6424351346405947,0.15000090738395722,57.07239275640626,0.01908772725724846,0.011822013984973463,68.73228429594474,36428.25185184084,5.696469930077973,21.272833415556725,0.6232315080395927,0.3802969542136714,0.32162957769938527,1.7355120488483864,0.6385402607615923,0.5577910790157486,0.49917777238289834,0.9624405440660735,1.1251703492764629,0.0006501202101352623,0.0053155846013536005,0.00023570817783821063,0.06715003787464202,0.044814187303903,0.8822369475927356,0.0023822679898203125,0.7039256109284598,8.27443284333764,3.892686277499035,216.5970087783939,0.6920009965905611,0.7897863820345512
0.6444940334579814,0.15010020448053396,56.83932337622244,0.018517464526927783,0.011698822837679928,53.03975327628777,36241.133546413475,5.739058217589801,21.32613281356327,0.6152670773220006,0.36767608211910213,0.32112430625078775,1.757894483500745,0.637432135518915,0.5593867882340674,0.49972851029268445,0.9582272447153829,1.1326748128642037,0.0006529001779866036,0.005336878134944009,0.0002361708797819877,0.07154412005097462,0.042143719091130634,0.8779124170358783,0.0006874608820080653,0.7005693628077855,8.314604037968191,3.9059405355436327,216.6557600532278,0.6959607627185116,0.7939546498288801
0.6391353149536846,0.1519649429087606,57.658972536061896,0.018497048947881796,0.011809940354037849,61.407381301908785,36376.86463941668,5.754982992401535,21.429983958676164,0.6214892366764385,0.3666193560852774,0.32047099332672974,1.756304007025511,0.6398193413480014,0.5554386542310261,0.49538522147033126,0.9507216525836862,1.1263981395338953,0.0006533310069671472,0.00536827881856933,0.00023604177655887104,0.07455192564450946,0.04523058932337273,0.873288156881827,0.00023510734213458875,0.7001887634761965,8.325311437776406,3.894694752016205,215.97213926969246,0.6954723042765969,0.7903299023059914
0.6394203696393752,0.1519635091193999,57.7636462725067,0.01967016091347518,0.011431918873263105,57.84836452758612,36252.92770706259,5.721520574089614,21.15140597188742,0.6250636145443724,0.3594262711287862,0.31885531919072274,1.7655639072740221,0.6436991758230297,0.5539879219907093,0.49092228665688753,0.9545981187746257,1.126816865633153,0.0006492002973655352,0.005386884697771467,0.00023802571637252648,0.07837126336915665,0.043748130720945584,0.8770008295244527,0.00029610382386050486,0.7006660747785042,8.324138272840857,3.8895951945550875,216.80895615742728,0.6968220578008942,0.7896930944799604
0.6353523034836014,0.1530563157554804,57.87649927374136,0.019858502223789872,0.011330101939539492,53.93647661895069,36278.04946005378,5.7164059930395625,21.48391908422581,0.621819868436019,0.3533508713018294,0.3184656772969393,1.7558350856923297,0.6421485983612151,0.5545329135494069,0.4943161074307983,0.9550884006498958,1.1087768504475735,0.0006426668193024901,0.005454230810899222,0.00023845736941035723,0.07982890350058092,0.04000479468829533,0.8847501442353496,0.004216060683207919,0.6993336928601532,8.393876992592268,3.909226842485011,216.0972040791533,0.6970510201475917,0.7898404049135768
0.6339508613253906,0.1519923037874258,57.657586796709765,0.018915755834970727,0.011194400170358412,50.90746358031633,35960.021315235535,5.718217272595416,21.67929662613975,0.6218448209512951,0.35143852544873866,0.320546826706102,1.7538459182776949,0.6417605952327786,0.5516389289281982,0.4916259034418694,0.9490198441513439,1.1011634949161335,0.0006393582409110097,0.005428452497560228,0.0002384157164626666,0.0769322382041536,0.0398306510799606,0.8881974203933028,0.0030375001121467314,0.7023016159740917,8.382526243506941,3.9052383876894825,216.05066772744004,0.6998564937773878,0.7852341405354024
0.6311055551799615,0.15246977768966646,58.003905376350254,0.01914330769576458,0.011267128419153904,56.20973462198301,36014.24646830435,5.712152106044727,21.646441601392485,0.6178783376634391,0.35740690119854607,0.3188161022569176,1.749952130117449,0.6424802978506052,0.549227936247002,0.4953749548132723,0.9533446627614722,1.0987355079827632,0.0006397340220818914,0.005472707941517849,0.00024108416141490878,0.06908798872306605,0.04154890207977256,0.886400056026012,0.0033710720526625546,0.7054381416265012,8.368762842341328,3.9507045432115286,214.76348012746277,0.7013261636541052,0.783493487692673
0.6307321807952144,0.15354691208926174,58.61252326934424,0.019931643315306526,0.01112843716544045,53.2475963045006,35941.379859713306,5.762328351129057,21.53817587402894,0.6176798235897804,0.3552076406477661,0.3209612529167248,1.747302104440396,0.6401524902205279,0.5503092762421837,0.4940805487927832,0.9479575488138778,1.101256030773629,0.0006423138990755701,0.005474112150086467,0.00023983776805232342,0.07311041205143606,0.03990636214638953,0.8888660926232687,0.003973153232276869,0.7057966112459182,8.366871571283726,4.006832083111622,213.8683269521898,0.7031231415503439,0.7837262769039072
0.6334693900022287,0.15324368762170745,59.25241612508749,0.020111157958377316,0.011413474785291951,69.7725782049083,35870.66225839113,5.781453299798971,21.423069202108096,0.6181681509644633,0.3612104753075112,0.32584890895024593,1.7414878815616202,0.6403151034817649,0.5520652401655862,0.4946767517656672,0.9508242188567648,1.0944142922853035,0.0006375110423136738,0.005552741344639629,0.00023719525099120495,0.07523153631923843,0.04337880869170843,0.8762439906385979,0.004944679582888706,0.7043386097007102,8.455291161478685,4.017460766151515,213.97004057399766,0.7022978798868328,0.7822450337732672
0.6315751720579852,0.15263915560662117,58.9431879232025,0.02019718831328214,0.011877495543377189,61.308957034966504,35951.74432549437,5.75475964208291,21.428665681107393,0.613417643014372,0.35736296941065315,0.32300517368578374,1.7353341163013647,0.6431648595373936,0.5511686490026448,0.48861414049900476,0.9500355834346611,1.0754315378527386,0.0006342467846757589,0.005552137029642367,0.00023548448032582992,0.07809620838250246,0.04436226676197361,0.8781739269841554,0.0021677463633392345,0.700449552480881,8.472735159588712,4.070341073322575,212.50031650327114,0.7021425498249552,0.7812788700818089
0.6297687426237992,0.15367731293424275,59.0618211754598,0.020498495369696744,0.01204444406562197,72.90503329267052,35809.60594340106,5.7534759688503465,21.18561124522564,0.6102789133416199,0.3567156862989471,0.32117159005219226,1.7241449109444493,0.6461649155647584,0.5527536947645515,0.4893815460237805,0.9503139839948096,1.062683035041113,0.0006333480617874518,0.0055838246818343635,0.0002353315746342869,0.07289136236126477,0.04805336115745095,0.8797296452718013,0.0010568436113882326,0.6991045145415226,8.509327484722546,4.0813005168387555,212.51161369953047,0.7075501478679216,0.7849091734176052
0.6317016757241323,0.1541618137400066,59.49112251564264,0.020584902836964583,0.012253057109254981,67.40523836032375,35924.45443601075,5.718181757062682,21.070417089471725,0.6112518032680484,0.35562207098861504,0.32485295735822284,1.7142333175777082,0.6483431944268164,0.5540388435644803,0.48288347244731394,0.9578854437609887,1.0602799355516987,0.0006330047968822818,0.005597467871679362,0.00023330518891248223,0.06552544956158773,0.04576073866957941,0.8754921858022443,0.0017237227650823855,0.7039221514908262,8.591035974306521,4.077224330627784,212.40825206102377,0.7096031627376665,0.7871626996971243
0.6335042341951472,0.15321470025873307,60.027567632173955,0.021379204226013696,0.012286706448953515,54.52098959144665,36218.220448708744,5.765606219182152,21.226685818370413,0.6116916633279733,0.356073202690573,0.32804007762718335,1.7164066808613319,0.6483858523106114,0.5542152700546622,0.48647716812652025,0.9533541422408821,1.0594040691687743,0.0006310863500316951,0.0056176709952137395,0.00023318687867689356,0.06261859122588095,0.04273232352299374,0.8788922505194972,0.001672749498263255,0.7074886866559894,8.652596920281308,4.081258899141626,211.46582006588966,0.7148536864910235,0.7847372929024904
0.6343442590082138,0.15615273811548536,60.097655562057625,0.021010346276706563,0.011043833997163148,55.549729039814636,35915.922847860325,5.7654776306372275,21.169406371749297,0.6072888873512378,0.3553469938326189,0.32757451938240273,1.702063693272862,0.6515432898991055,0.5490815594078777,0.48580468861399634,0.9547331576193017,1.0675382442666748,0.0006308966381412662,0.005650078928001963,0.00023494267957905286,0.06125554039690989,0.04068507763498981,0.886403700233672,0.004189856312850409,0.7111007144863396,8.676066541001129,4.085829031673533,210.3100142987766,0.7151652231528075,0.7839620766176721
0.6369716804634786,0.15749193088601085,58.904539001696605,0.021432203622144843,0.011345046551684222,53.040122457043914,35639.98223676299,5.772816623386292,21.288371550038633,0.6061495138693808,0.35372595601668605,0.3281072370857007,1.7092549270897617,0.655374539350568,0.5534452017120458,0.4891401201170463,0.9477665912832518,1.0631674787127854,0.0006348969027371691,0.005663103532294796,0.00023220154556503005,0.06668703813492384,0.04279482578443782,0.8866800077597268,3.0849674536567555e-05,0.7082965122317225,8.79698064419681,4.081866810393986,210.86013199118065,0.7174174165524595,0.777827832139161
0.6364566072381237,0.15751490452966696,59.677522717227916,0.02052987031926157,0.01134113138002752,64.8845316762187,35383.18924300954,5.758753508959534,21.217755387627307,0.614113682314552,0.35313365451552275,0.32885955095615693,1.720064781224334,0.6592994760263358,0.5547274845637108,0.4893879170723097,0.9421131919012412,1.0777861060749307,0.0006315410574361739,0.005607185956601324,0.0002307695281745003,0.06782555000524268,0.04570948503010712,0.8866493025612071,0.00036364839515561,0.7129386575629683,8.769388972434617,4.051539008724251,212.25330936473344,0.7191202408155021,0.7723846055070551
0.6371349555108611,0.1580298647419658,59.45131751917778,0.020054986740805785,0.011571489209257099,62.578429736602736,35541.11530899907,5.798586452498718,21.25635120862644,0.6133554312691961,0.35576469270504596,0.3269869289397723,1.7329997915593,0.6580729909392227,0.553248047927527,0.4802449528236558,0.9558084732396042,1.0769178940958062,0.0006336716940477963,0.005591977786449156,0.00023246293231586534,0.0729527032361529,0.043538959706759785,0.8785126397874775,0.0016784281187917582,0.7161867087781408,8.849649920784419,4.066925931758077,212.90581644315262,0.718703913331422,0.7754727625912332
0.6429314732343164,0.15767399377021138,59.55566827168727,0.021002146451710745,0.01119761920941099,57.83359808553713,35622.52055844317,5.830257596968838,21.059525393152843,0.6137791739752234,0.3508941066311825,0.3246072150194463,1.7369635600377202,0.6588116282443525,0.5574462837183125,0.47497355198088087,0.9511363553614672,1.0726831812429733,0.0006294994090317959,0.005577604465015496,0.00023088765241718095,0.07358253105637837,0.042465731884408005,0.8774692458586588,0.0006749165398380256,0.7178106585097167,8.823690646182058,4.033806204673304,212.7283151215931,0.7209907488211383,0.7776336418900599
0.6417702926544243,0.15737778707658254,59.17684110092725,0.02112398395206762,0.011840232069740055,58.98796139443813,35664.40551544198,5.842758181378042,21.023236205282863,0.6162190704100987,0.3497174031686358,0.32952660697751057,1.740267942413254,0.6624098179158375,0.5580737108672273,0.4719544711812588,0.9479767803319723,1.0754951748296255,0.0006299977038413065,0.005620090587859886,0.0002307562748237676,0.07933181539877425,0.04354734310800716,0.8698254013268899,0.0005138597664769335,0.7213055313449356,8.788357775273877,4.0139229446752624,211.61855248413858,0.7210325923468854,0.7763126249247543
0.6446175646552799,0.15860587724440967,60.503894550639856,0.02116901196118348,0.012036380371942046,50.05884380471145,35749.15780803417,5.838792879646431,20.93845719146749,0.612661804490486,0.339269964391409,0.3307365026568243,1.744967708781177,0.6626337910983687,0.5578034344428393,0.47512051524631715,0.9457964123002242,1.0789024522199884,0.0006312007197299243,0.005677933571376805,0.00023188769913922623,0.08784509510963134,0.03863424065308526,0.8698464100420976,0.003737921181974909,0.7222246732696226,8.834680729142779,4.009534833001451,208.89230360166732,0.7215539734378631,0.7750963969953223
0.6477662514165299,0.1589991212063645,60.87697345814243,0.02073936640705866,0.012004875353330752,58.225566157915104,35527.879785013305,5.857544305998319,21.11686011373864,0.6112319822319034,0.3386889291553474,0.3300312763166449,1.7389829887667676,0.6599397146687316,0.5606611724564937,0.47610300937952593,0.9420897678171659,1.0794915396647295,0.0006277666449370439,0.00565918735485068,0.00023332762242980588,0.08353388863167843,0.04267725543863325,0.8703981039829861,0.0014079767987715429,0.722766624233824,8.849276855239951,4.008767181278077,208.12732142777136,0.720603138692714,0.7781673476676454
0.6490338801260075,0.15794198888003316,61.10134263388414,0.020935806675864328,0.012147557998789159,52.20423508634765,35770.212488984966,5.859532405601007,21.07974278384005,0.6108575244154568,0.33713231541550037,0.3342503936889087,1.7459610385546993,0.6599295782291288,0.5601811246975946,0.47895407345592617,0.9423422145308037,1.0995146291956737,0.0006321641263532447,0.005643397994031998,0.00023198630449580964,0.08436022847568073,0.04149428790894889,0.8778020274302476,0.0008502201865374724,0.7233839299173127,8.870377713942458,4.006111106679995,208.17979101592312,0.719196726063475,0.7784454612222697
0.6538052763165598,0.1565449124756626,61.051248336031975,0.0208820958273461,0.012126098771374662,53.2078253888972,36030.79654936372,5.847217586270657,21.272444187102664,0.6136883311136205,0.34052642904391445,0.33334617950938444,1.7463830337684183,0.6625745368203351,0.5629159768672827,0.4807938240327035,0.9386555089609331,1.0982848004391565,0.0006370947703132782,0.005591122105187357,0.00023308528992224112,0.080813127752525,0.041058420338551414,0.8745868776499187,0.0014871631572956315,0.7212516899617881,8.832521565783582,4.036749290745425,210.22207385227406,0.715027061229593,0.7748794043899556
0.6561645550011467,0.15731601652070643,61.25391973434391,0.021549928825987056,0.011489603718897562,60.52025064864487,36093.064056805175,5.80543101958057,21.601265586143047,0.6115050765279952,0.33817852171661955,0.33257113676279815,1.7467697476237771,0.6649577732027513,0.5653821335916667,0.4856531236957505,0.9387489821565533,1.0799669305856854,0.0006401567493678214,0.0055570061916739855,0.00023406824978111982,0.07726787388878698,0.04309394399867681,0.8729620735103297,0.0011854584237372253,0.7214806422209933,8.82397964922906,4.009690725708671,209.85295837651032,0.7177951790506619,0.7729766753138443
0.6560769691154422,0.1577002349255818,61.61720803628908,0.021817549423553507,0.011638467267097151,64.98469281004303,36032.94118370129,5.793969169680465,21.7469121894097,0.6060024700850869,0.33216452651707307,0.3283613214581651,1.7451353208990628,0.665251897980202,0.5654314565359126,0.4883164977984031,0.9466058570647637,1.0820674934460497,0.0006350630013704646,0.0055139893776021,0.00023289639427614677,0.07778316313864121,0.04467609881164192,0.872552175463307,0.00011244058920714737,0.7245672634742906,8.85387042726986,4.023878813116471,210.74512789348535,0.7186729412294569,0.7729736692084935
0.660133729143053,0.15766905220086866,61.333145374856414,0.022155858795363022,0.011330867519522196,52.569360579314235,35895.91312056002,5.804947641864224,22.116861381229775,0.6084389051764588,0.3399193407161491,0.3308235434186561,1.741405030168282,0.6706129308004118,0.5685454702605267,0.4871436854202758,0.9531606933367478,1.0915301070360581,0.0006295077284915446,0.005514116109133859,0.00023424621704152738,0.0779292922285067,0.03953439274589013,0.8754897955921462,0.0022287208679926387,0.724750817078824,8.778525354043811,4.031854314511372,212.36890159807575,0.722852997330201,0.7662398724153523
0.6582238971231779,0.15832802629494633,61.22016158788564,0.021943210730699197,0.011204449247048673,58.22298625761151,35817.31894770981,5.850763148730765,22.28551541307093,0.6032913156090968,0.3389553556932214,0.3301148916683716,1.7388338422572274,0.6690349296189787,0.571921039784554,0.48962878997817233,0.9596963458264659,1.0839833285558937,0.0006247718422646358,0.005543328571108737,0.00023346793293502598,0.08146632859593017,0.04245838013082253,0.8778413574340688,0.0016233409188211195,0.7255722378970908,8.812739131218358,4.050260752343045,209.6957103879819,0.7259667844153135,0.7679811927564147
0.6646273392088757,0.15854454094159565,61.210440150745754,0.02191933450464352,0.011026767708458,57.86251678794109,35855.461377611806,5.913354259215531,21.947013352384563,0.6104942149961022,0.33941326204393557,0.32494717701498654,1.725538380781888,0.6697285224648062,0.5726745035091383,0.4941932691141198,0.9552400867809053,1.0889116704024762,0.0006276076748996002,0.005608712989816502,0.00023542017917611879,0.08535162955176032,0.04298181647242241,0.8754635648531928,2.728837536205924e-05,0.7304853328239078,8.795787854829657,4.010258453080208,208.715420601029,0.7197509971164578,0.7709899572811958
0.6608346570856882,0.15998276144170373,61.76090958819845,0.02270574425563507,0.011275045969113343,63.00818956140636,35827.27720940266,5.958634893381964,22.087091584183177,0.6102922998443445,0.3482872507059633,0.3225688208729023,1.7216468304906805,0.6684973292000714,0.568830120757866,0.49575058570891617,0.9608233162548427,1.0918554329996841,0.000626307302680674,0.005672505889955471,0.00023548266893997345,0.0816064122799202,0.04204231133044618,0.8924831971739633,0.0035056774374318603,0.7319047955434614,8.849668190862756,4.006221736889295,207.78881284044203,0.7157657095463712,0.7689037911788666
0.6581293928925973,0.16079210362090615,62.56810281106684,0.022367837947242186,0.011380203054540768,52.89813844734333,35816.328710159396,5.9981263551921575,22.279703774876946,0.6127767369708614,0.34779693251871274,0.3226451673632085,1.7291619747037252,0.6687679716491746,0.5753265157757437,0.49978032978296427,0.9635318158782779,1.083158233040679,0.0006234711300808106,0.005679826735044402,0.00023726018854659374,0.08979091012249368,0.04177873977948903,0.9005081857663051,0.000727119733616144,0.7317468544214372,8.858481918547678,3.98230826534223,206.3657926813245,0.7213594418947081,0.769880771500059
0.6586042064439145,0.1603197127929997,63.49636133704492,0.02295696966194761,0.011074737676821121,58.242911691833854,35929.053520460075,6.0111723581939005,22.28918895096431,0.6047793079740256,0.3506849695999522,0.32484842578357453,1.7221236115363623,0.674222010773551,0.5770648316532314,0.49842422106287315,0.9649385625528967,1.0928078785850683,0.0006187656424980256,0.005687920426087209,0.00023521337510229388,0.09289405736011316,0.04258037693224272,0.9093261443009726,0.0012041597444703946,0.7322148299764704,8.868903673204649,3.9336402710726177,206.4026373687004,0.720591927398923,0.7753951913394403
0.6624444262726,0.1627422282093651,63.347521103493534,0.022626630084015626,0.011245303736666955,63.28159807819663,35775.77337470188,5.980664726411763,22.295249678706607,0.6048222206986285,0.357758226610777,0.32433829045943796,1.7232161019189,0.6772798902019782,0.5792409486657165,0.4963433869714295,0.9638713202215687,1.1047582536964873,0.0006253445967531546,0.005829448413138117,0.00023498512619151728,0.09658639695423038,0.04515247200244825,0.9137710346444542,4.082810463286717e-05,0.7326056619751382,8.895325819426875,3.952560851572541,205.6179710250699,0.7215421646625576,0.775502636640731
0.6639445031581483,0.16462027935949322,63.26942267941313,0.022768928106434036,0.011034543129253793,53.76169870415663,35742.81166118197,5.948580749415499,22.125343967533425,0.5987350165937447,0.35328430492803,0.32441073213719357,1.7271117182720956,0.6790915378955795,0.5804671944022648,0.4961884962786519,0.9611132582390463,1.1051455063525228,0.0006183964777673133,0.005835764833294229,0.00023523702383869392,0.09913445494658821,0.04195002011074231,0.9178985568787655,0.0008342084981734364,0.7343875884175227,8.87798745426596,3.9504152454826698,204.80163441670453,0.7251929739882977,0.7745299731954564
0.6672537893234914,0.1665458818069916,62.50435192040188,0.02308229506015703,0.011430866407831612,60.00181932032023,35500.02400180271,5.986228314309187,22.045773769084345,0.5977129098036202,0.3579503224573869,0.3259158955212192,1.7091717811252083,0.6781932539884642,0.5796329941317819,0.4916803465944842,0.95359127509338,1.1044142227410494,0.000619273441961044,0.005890257159974881,0.00023497003394001566,0.09553219163512593,0.04094831929440839,0.9087161904866052,0.004404528441309289,0.7341360755098764,8.916910107261835,3.9251130259502944,203.47695841744874,0.7227041717199829,0.775394410630503
0.6670691837414156,0.16717659265601237,63.41452576069405,0.0233362210809884,0.011399436133729929,59.577529607477175,35548.42505909015,5.955713296848769,21.857071011530806,0.5994748786026809,0.3569119396568175,0.3262456136568229,1.7051860314162548,0.6772524521211233,0.5798251795647424,0.4957583042291925,0.9560560284053617,1.0964085760059523,0.000627978441158464,0.0058777055729873195,0.00023402558705456247,0.10218513443097962,0.03813591651934354,0.9018172630891419,0.007004418009964725,0.7385148657042492,8.943987387219153,3.9206340120585996,204.5494510259063,0.7258247663030115,0.7724185630343111
0.6681157985132355,0.16508446572577395,63.09012444984859,0.02264120351720934,0.011204517138561685,65.91848128088179,35137.81518559988,5.96637630314872,21.708993156643064,0.6079113833690534,0.3506073512561018,0.33086483688480683,1.7038411060426986,0.6760968359561593,0.578075795582793,0.4946679783981712,0.9567369190029327,1.0877961260383842,0.0006222358406758753,0.005860287238116384,0.00023305007052707986,0.09365464675561591,0.04199878328753825,0.8999594648150409,0.003279479327525146,0.7413558512756375,8.976860753007443,3.949374792702517,206.55080401738243,0.7258737407432694,0.7678345575636462
0.6656980806985531,0.1645780252129166,63.47181399149777,0.023414193137748666,0.011430787235289392,53.623857663030456,34861.451115407166,5.963304981445787,21.50824667847746,0.608657828324538,0.34724009792743094,0.32822489428397206,1.7006656576641168,0.6768500477076375,0.5770714324198516,0.4980779266948969,0.9507820272721463,1.0852837868557448,0.0006184517035908637,0.005952352716722483,0.0002300094755422308,0.09697431110567392,0.03939420069851788,0.895887753969919,0.0021286631977932677,0.7444648738303394,8.965388396654228,3.9295963077451996,206.38456553013737,0.7242216825927735,0.767362153619964
0.6693976685751116,0.16361213529525437,63.83709641408707,0.0241152412804663,0.011680177762664938,51.684594553822286,34938.90013977196,5.99873060510389,21.655042968050417,0.6053770966170556,0.34307004151047876,0.3299266022023628,1.695905470457636,0.6784749113239059,0.5780407855186623,0.5006637057664982,0.9523005902413909,1.0727604458812312,0.0006221051996360256,0.00595504303100722,0.00022876547404362694,0.09303224783706751,0.037222912933711924,0.896505322135071,0.004403053729595022,0.7420547189132733,8.960593293366816,3.8850281696161164,207.5864772136564,0.7261869790947322,0.7685571958329069
0.6686050546662669,0.16140746737453743,63.628820497246735,0.02314091536292671,0.012518129989814065,50.14947070554422,34972.60988867577,5.979455598629053,21.62351051894155,0.6094490372453483,0.3385119186366514,0.3275636197478206,1.6979351399255016,0.6758046644078831,0.5806129440297102,0.5001719820697356,0.9530237848506988,1.074550125616014,0.0006185427471948283,0.006001236566628421,0.00023093420470996536,0.09283462565649903,0.03997759215618936,0.9004377375762131,0.0006113363809922417,0.7423471822312009,8.996824386829656,3.8910749868313634,206.929411896876,0.7271212889281304,0.767832839756049
0.6654563380068758,0.16104060827114797,63.66499769373503,0.02369675004508376,0.012176568592971794,67.31828829380765,34454.164250971764,5.936483778363344,21.552127385819983,0.611184905686622,0.34599740018269115,0.325338559977133,1.6986821393747624,0.6738795057827852,0.5790412765466135,0.49817301655471297,0.950263420377433,1.0876916863174255,0.0006136600280504552,0.005952437574189509,0.00023131711401410204,0.08361653504986519,0.043804495676978326,0.901385167180656,0.0016033942148758408,0.7447591529589509,8.99477973891466,3.8535307859305656,208.4267523944431,0.7281419250241598,0.7669909201962654
0.667789354509949,0.1588295957642579,63.850745114463514,0.02345959667071975,0.01245310728454211,69.11688163516234,34552.16456378531,5.908032310454631,21.59251261447082,0.6136852176353772,0.3428642463764252,0.32462063504640926,1.7028324861199233,0.6730290753104269,0.5787477075669568,0.497504880667015,0.9451557432180588,1.0915230384367227,0.0006155243217696958,0.006001878431657742,0.0002343713695071365,0.08219449865979533,0.045686685300017994,0.8929267252035014,0.0003363879047786531,0.742706082325631,9.045830006734151,3.8358587887768536,206.26444371252106,0.7278913573333385,0.7713490398295885
0.6631523278540724,0.15830047706337025,64.12598947636874,0.023872523871504465,0.012391149372072844,54.95936720060939,34471.00317956193,5.957910327939717,21.657464618680834,0.6154849920023705,0.34687234808753725,0.3213711097385777,1.7080757522921064,0.6699113326612666,0.581056140410494,0.4953866141955629,0.942732372403943,1.0906788592006709,0.0006200492617595402,0.005947389209216289,0.0002336269515790311,0.08950254969697757,0.039959186637110275,0.8927389688801555,0.002875307163322848,0.7394435109697842,9.126790957871686,3.8345649892948144,206.78702655301007,0.7223112167005122,0.7743633705126683
0.6641307634818804,0.15962630902631403,64.7437055659796,0.022941500938250498,0.012259462236560756,51.05008355378296,34474.90369000747,5.933709642756148,21.538869124373285,0.6137544166091501,0.3404862382358682,0.3258348524606276,1.7089383356625374,0.6718067686706226,0.5789529111034155,0.496932025933353,0.9429251776378559,1.0839512403227312,0.0006237137829824896,0.005910697664478259,0.00023109389516531135,0.0915723955452396,0.039647000802792105,0.8907179858536681,0.0015103138799941185,0.7439251850289484,9.20521153636826,3.847064130513654,205.43467938704688,0.7264924797242577,0.7762283638453592
0.6637826036401615,0.16001182497580055,64.01260246183445,0.022858181871076105,0.012759338759324237,51.75720785942503,34489.57916889164,5.984800837883485,21.641489458895414,0.608891216098037,0.338117139280797,0.3254717051742726,1.7115395098299515,0.6710700545158507,0.578897269538623,0.49667664691791663,0.9362052949048498,1.0865194256311566,0.0006278070377989389,0.005889659835390771,0.00022945858680736795,0.08992827051324465,0.039871781673629654,0.9014295899129593,0.0011218197232930405,0.742737238314602,9.272869496200594,3.8570452245774662,207.48802470763033,0.7280439830470862,0.7728091500296759
0.6661828213254202,0.16277369097298466,63.57632782573896,0.022929234886501032,0.012474751942376476,55.9721501710234,34225.6345606063,6.003698079928857,21.641327070672283,0.6129033098000596,0.3432783447548445,0.3264872878053769,1.7137770380149007,0.6709841164335938,0.5770419824699182,0.4960706422643487,0.9383755292586123,1.0682154697848987,0.0006258609966958575,0.005954962977222873,0.0002306182523960684,0.08939920806940892,0.041611431681936636,0.8968317434395058,0.00044555968959323223,0.744214886774633,9.291344505093617,3.8130108125275353,208.00278124138066,0.7243470834486474,0.7753234661362873
0.6613316557142667,0.16161513884660939,63.547068726760926,0.022395308073468942,0.012002683665358494,55.42025395734505,34054.28611804065,6.007417823280971,22.025769853065118,0.6103770401043234,0.3433318800927632,0.3238816153270273,1.7030118311288034,0.6731630921785483,0.5750732452439056,0.5008107864751066,0.942309654545167,1.066979567952878,0.0006233559703668541,0.005983741144644412,0.00022948828571866712,0.0860742519176069,0.03964281820848921,0.896575074312638,0.0024763484505698308,0.7441244932440488,9.30127231584347,3.8446641949696923,208.85036102477932,0.7251125188335784,0.7790330261649829
0.6613766078954761,0.16000013070429397,63.351968251547234,0.022099968343138928,0.012265015936909053,65.81733514063274,33929.037198639555,6.000967165890565,22.055445003497884,0.6074971525685082,0.34399228198170184,0.3233192232112756,1.6981465500415474,0.6679588658741749,0.5743099931298553,0.5004865629651258,0.9384014263753725,1.0676518900908158,0.0006186215331404408,0.005982374668964353,0.0002310875756529446,0.07962805648247899,0.04322271454394162,0.8945103204684127,0.00041084514990451324,0.7419755337579013,9.382425326477662,3.875914442531855,212.63889324128942,0.7193987275725099,0.7793353848800703
0.6674368180229081,0.1609225995043482,63.72266907712076,0.022482696079093395,0.01169247279363063,67.8339299704577,33892.89259734882,6.013388398277355,21.945269799349045,0.6037068842964015,0.3519579575207794,0.3240684025853613,1.6912205336760402,0.6683757142907345,0.5736350588961102,0.4972039601210016,0.9410921465332921,1.07155537598546,0.0006231506125310078,0.005985712674372999,0.0002313871915905472,0.08361274292191348,0.04361415114536736,0.890460273192893,0.00044282873417922586,0.7427960067609862,9.374326074809002,3.879650255108564,212.55360079234669,0.715890355037463,0.7781425195740386
0.6707520746234721,0.1599905946410437,63.873064010781604,0.022237192802119835,0.011706716357432704,57.75705283584344,33918.159692281035,6.0294536145900315,21.663738859028932,0.608349572664732,0.3506395146904972,0.322016583151105,1.6803076645162316,0.6646031121309389,0.5762154111064824,0.4986692653253462,0.947643238720648,1.0725325290460517,0.0006254525374327038,0.005957642990923399,0.0002317133564509132,0.08350257409919483,0.040163833884023836,0.8879280778681301,0.000589053781774993,0.7422058124902722,9.436619188774113,3.8782537397278,211.7718107121563,0.7188507148557532,0.776529919657481
