treatmentID,treatment,temperature,tree,substrate,horizon,DOMinput,CN_DOMinput,CN_MAOMp,CN_POM,pH,fClay,fSilt,temp,MBini,FBini,CN_MAOMsini,CN_DOMini,DOMini,POMini,MAOMini,POMSoil155,MAOMSoil155,POMSubstrate155,MAOMSubstrate155,bactSoil155,fungiSoil155,bactSubstrate155,fungiSubstrate155,respSoil1,respSoil15,respSoil29,respSoil43,respSoil71,respSoil99,respSoil127,respSoil155,respSubstrate1,respSubstrate15,respSubstrate29,respSubstrate43,respSubstrate71,respSubstrate99,respSubstrate127,respSubstrate155,POM_error,MAOM_error,POM_sub_error,MAOM_sub_error,bactSoil155_error,fungiSoil155_error,bactSubstrate155_error,fungiSubstrate155_error,respSoil1_error,respSoil15_error,respSoil29_error,respSoil43_error,respSoil71_error,respSoil99_error,respSoil127_error,respSoil155_error,respSubstrate1_error,respSubstrate15_error,respSubstrate29_error,respSubstrate43_error,respSubstrate71_error,respSubstrate99_error,respSubstrate127_error,respSubstrate155_error
1,control,20,control,control,A,0,0,15,24,4.1,0.17,0.24,20,239,0.65,15,32,50,13032,25368,15.483884,32.08033515,0,0,,,,,0.292177902,0.382945461,0.304086424,0.173508003,0.381903371,0.316206386,0.25325055,0.240496274,0,0,0,0,0,0,0,0,0.92420248,1.692026052,0.001024828,0.001230132,127.03,61.96,0.32,28.48,0.05,0.05,0.05,0.05,0.05,0.05,0.05,0.05,0.01,0.01,0.01,0.01,0.01,0.01,0.01,0.01
2,control,20,control,control,A,0,0,15,24,4.1,0.17,0.24,20,239,0.65,15,32,50,13032,25368,14.58972089,30.29984919,0,0,,,,,0.292993451,0.407230691,0.204725398,0.32012555,0.457613482,0.380725356,0.267386729,0.311539634,0,0,0,0,0,0,0,0,0.92420248,1.692026052,0.001024828,0.001230132,127.03,61.96,0.32,28.48,0.05,0.05,0.05,0.05,0.05,0.05,0.05,0.05,0.01,0.01,0.01,0.01,0.01,0.01,0.01,0.01
3,control,20,control,control,A,0,0,15,24,4.1,0.17,0.24,20,239,0.65,15,32,50,13032,25368,16.02618408,32.74958481,0,0,,,,,0.37608881,0.427347561,0.392482851,0.458678227,0.470571646,0.329436399,0.272461255,0.300212568,0,0,0,0,0,0,0,0,0.92420248,1.692026052,0.001024828,0.001230132,127.03,61.96,0.32,28.48,0.05,0.05,0.05,0.05,0.05,0.05,0.05,0.05,0.01,0.01,0.01,0.01,0.01,0.01,0.01,0.01
4,control,20,control,control,A,0,0,15,24,4.1,0.17,0.24,20,239,0.65,15,32,50,13032,25368,,,,,,,,,0.337033085,0.385482724,0.338837864,0.18637555,0.390194783,0.29101499,0.26892721,0.262334858,0,0,0,0,0,0,0,0,,,,,127.03,61.96,0.32,28.48,0.05,0.05,0.05,0.05,0.05,0.05,0.05,0.05,0.01,0.01,0.01,0.01,0.01,0.01,0.01,0.01
5,control,20,control,control,A,0,0,15,24,4.1,0.17,0.24,20,239,0.65,15,32,50,13032,25368,,,,,,,,,0.272876581,0.426441396,0.280299585,0.21564469,0.20923357,0.331701812,0.305445672,0.278011518,0,0,0,0,0,0,0,0,,,,,127.03,61.96,0.32,28.48,0.05,0.05,0.05,0.05,0.05,0.05,0.05,0.05,0.01,0.01,0.01,0.01,0.01,0.01,0.01,0.01
6,leachates,20,spruce,leachates,A,9.76,40,15,24,4.1,0.17,0.24,20,239,0.65,15,32,50,13032,25368,14.19292723,31.46772786,0.007121687,0.026008685,,,,,0.507275043,0.440875464,0.404264299,0.458530651,0.42324694,0.357586661,0.255953702,0.349148486,0.080493983,0.066667727,0.079650631,0.079980739,0.082347996,0.079320944,0.071149321,0.10420602,0.92420248,1.692026052,0.001024828,0.001230132,127.03,61.96,0.32,28.48,0.05,0.05,0.05,0.05,0.05,0.05,0.05,0.05,0.01,0.01,0.01,0.01,0.01,0.01,0.01,0.01
7,leachates,20,spruce,leachates,A,9.76,40,15,24,4.1,0.17,0.24,20,239,0.65,15,32,50,13032,25368,16.02383342,30.41553123,0.008229305,0.025451068,,,,,0.373987194,0.507903007,0.419766728,0.433456947,0.369718021,0.406540774,0.284001634,0.339024988,0.072329427,0.099046519,0.081093494,0.078956882,0.083274018,0.085552298,0.072370529,0.113695201,0.92420248,1.692026052,0.001024828,0.001230132,127.03,61.96,0.32,28.48,0.05,0.05,0.05,0.05,0.05,0.05,0.05,0.05,0.01,0.01,0.01,0.01,0.01,0.01,0.01,0.01
8,leachates,20,spruce,leachates,A,9.76,40,15,24,4.1,0.17,0.24,20,239,0.65,15,32,50,13032,25368,14.40967689,30.82312284,0.007406552,0.025552293,,,,,0.413731473,0.416333647,0.32932755,0.365081767,0.426683787,0.400907329,0.309927813,0.369193264,0.074721836,0.070186509,0.062430369,0.070308012,0.076962893,0.084570737,0.085228226,0.123307583,0.92420248,1.692026052,0.001024828,0.001230132,127.03,61.96,0.32,28.48,0.05,0.05,0.05,0.05,0.05,0.05,0.05,0.05,0.01,0.01,0.01,0.01,0.01,0.01,0.01,0.01
9,leachates,20,spruce,leachates,A,9.76,40,15,24,4.1,0.17,0.24,20,239,0.65,15,32,50,13032,25368,,,,,,,,,0.34112241,0.468808872,0.434757445,0.443337846,0.445113868,0.420039054,0.385406014,0.363597468,0.053814638,0.077699428,0.078970324,0.07360681,0.080824479,0.080934439,0.098644841,0.107336644,,,,,127.03,61.96,0.32,28.48,0.05,0.05,0.05,0.05,0.05,0.05,0.05,0.05,0.01,0.01,0.01,0.01,0.01,0.01,0.01,0.01
10,leachates,20,spruce,leachates,A,9.76,40,15,24,4.1,0.17,0.24,20,239,0.65,15,32,50,13032,25368,,,,,,,,,0.458382997,0.413288409,0.388621212,0.471216742,0.451472084,0.36850261,0.35432943,0.351258151,0.081631117,0.076493942,0.075539315,0.082065143,0.088330593,0.083809806,0.096374542,0.115507601,,,,,127.03,61.96,0.32,28.48,0.05,0.05,0.05,0.05,0.05,0.05,0.05,0.05,0.01,0.01,0.01,0.01,0.01,0.01,0.01,0.01
11,exudates,20,spruce,exudates,A,9.76,6,15,24,4.1,0.17,0.24,20,239,0.65,15,32,50,13032,25368,15.89616047,31.91623292,0.0085651,0.025025083,,,,,0.34885988,0.387683838,0.36427239,0.426811811,0.295875967,0.284793399,0.301665765,0.304106541,0.087579539,0.105995024,0.09300128,0.09393874,0.092597102,0.094663325,0.10454549,0.11173272,0.92420248,1.692026052,0.001024828,0.001230132,127.03,61.96,0.32,28.48,0.05,0.05,0.05,0.05,0.05,0.05,0.05,0.05,0.01,0.01,0.01,0.01,0.01,0.01,0.01,0.01
12,exudates,20,spruce,exudates,A,9.76,6,15,24,4.1,0.17,0.24,20,239,0.65,15,32,50,13032,25368,14.70304575,31.60218158,0.006303432,0.022871048,,,,,0.384268309,0.360482485,0.324131138,0.398080411,0.208607807,0.427735403,0.323919352,0.305150348,0.083705663,0.087525646,0.098164551,0.095303947,0.093507708,0.127154926,0.113645223,0.131893182,0.92420248,1.692026052,0.001024828,0.001230132,127.03,61.96,0.32,28.48,0.05,0.05,0.05,0.05,0.05,0.05,0.05,0.05,0.01,0.01,0.01,0.01,0.01,0.01,0.01,0.01
13,exudates,20,spruce,exudates,A,9.76,6,15,24,4.1,0.17,0.24,20,239,0.65,15,32,50,13032,25368,17.57631204,26.92755083,0.006826525,0.022867701,,,,,0.287910643,0.433036791,0.383801878,0.351463518,0.240513626,0.409172735,0.313898926,0.316473076,0.058727794,0.104681705,0.091504482,0.093916733,0.05163407,0.11001468,0.115147695,0.133166151,0.92420248,1.692026052,0.001024828,0.001230132,127.03,61.96,0.32,28.48,0.05,0.05,0.05,0.05,0.05,0.05,0.05,0.05,0.01,0.01,0.01,0.01,0.01,0.01,0.01,0.01
14,exudates,20,spruce,exudates,A,9.76,6,15,24,4.1,0.17,0.24,20,239,0.65,15,32,50,13032,25368,,,,,,,,,0.420770095,0.390871621,0.296348752,0.300660777,0.184376642,0.312398855,0.315291142,0.322479717,0.104020443,0.099816896,0.090062791,0.094676494,0.102968378,0.095964543,0.125445011,0.141567539,,,,,127.03,61.96,0.32,28.48,0.05,0.05,0.05,0.05,0.05,0.05,0.05,0.05,0.01,0.01,0.01,0.01,0.01,0.01,0.01,0.01
15,exudates,20,spruce,exudates,A,9.76,6,15,24,4.1,0.17,0.24,20,239,0.65,15,32,50,13032,25368,,,,,,,,,0.413291564,0.383210792,0.22092419,0.280301071,0.40808787,0.455000059,0.271745666,0.322016543,0.104340267,0.09923162,0.08692282,0.091747752,0.114497666,0.166765269,0.102024871,0.118742265,,,,,127.03,61.96,0.32,28.48,0.05,0.05,0.05,0.05,0.05,0.05,0.05,0.05,0.01,0.01,0.01,0.01,0.01,0.01,0.01,0.01
16,exudates+leachates,20,spruce,exudates+leachates,A,9.76,23,15,24,4.1,0.17,0.24,20,239,0.65,15,32,50,13032,25368,13.54773589,32.10821684,0.005996403,0.02437898,,,,,0.37409777,0.417342023,0.350679801,0.425317772,0.372735472,0.399659915,0.328701282,0.325456388,0.074212415,0.09119795,0.079499527,0.094209455,0.093486581,0.100860495,0.10841021,0.12363914,0.92420248,1.692026052,0.001024828,0.001230132,127.03,61.96,0.32,28.48,0.05,0.05,0.05,0.05,0.05,0.05,0.05,0.05,0.01,0.01,0.01,0.01,0.01,0.01,0.01,0.01
17,exudates+leachates,20,spruce,exudates+leachates,A,9.76,23,15,24,4.1,0.17,0.24,20,239,0.65,15,32,50,13032,25368,14.0568575,28.70487694,0.006526474,0.022566761,,,,,0.3343953,0.403562098,0.254785848,0.365597404,0.413799765,0.24307605,0.326985999,0.328422784,0.069603401,0.086582719,0.053967328,0.084472252,0.097186854,0.066152862,0.10539078,0.111882941,0.92420248,1.692026052,0.001024828,0.001230132,127.03,61.96,0.32,28.48,0.05,0.05,0.05,0.05,0.05,0.05,0.05,0.05,0.01,0.01,0.01,0.01,0.01,0.01,0.01,0.01
18,exudates+leachates,20,spruce,exudates+leachates,A,9.76,23,15,24,4.1,0.17,0.24,20,239,0.65,15,32,50,13032,25368,14.16252711,31.12557817,0.008492876,0.026847492,,,,,0.382227299,0.459212659,0.364433677,0.498878228,0.493275827,0.444376959,0.348006974,0.367517791,0.080853381,0.095451128,0.084140806,0.095815411,0.093466213,0.111782001,0.113117899,0.134407175,0.92420248,1.692026052,0.001024828,0.001230132,127.03,61.96,0.32,28.48,0.05,0.05,0.05,0.05,0.05,0.05,0.05,0.05,0.01,0.01,0.01,0.01,0.01,0.01,0.01,0.01
19,exudates+leachates,20,spruce,exudates+leachates,A,9.76,23,15,24,4.1,0.17,0.24,20,239,0.65,15,32,50,13032,25368,,,,,,,,,0.379926117,0.426395356,0.253210132,0.426405277,0.439398036,0.220770079,0.291831939,0.309614341,0.082792097,0.094830932,0.068501208,0.095070206,0.095601964,0.076859918,0.093718747,0.121267265,,,,,127.03,61.96,0.32,28.48,0.05,0.05,0.05,0.05,0.05,0.05,0.05,0.05,0.01,0.01,0.01,0.01,0.01,0.01,0.01,0.01
20,exudates+leachates,20,spruce,exudates+leachates,A,9.76,23,15,24,4.1,0.17,0.24,20,239,0.65,15,32,50,13032,25368,,,,,,,,,0.390398873,0.425879916,0.274004947,0.410390179,0.411627149,0.305755091,0.3394038,0.421000815,0.080565445,0.089093831,0.077428615,0.101479952,0.103074748,0.08475685,0.106316262,0.147436685,,,,,127.03,61.96,0.32,28.48,0.05,0.05,0.05,0.05,0.05,0.05,0.05,0.05,0.01,0.01,0.01,0.01,0.01,0.01,0.01,0.01
