0.45051711428079794,0.11608764113935227,19.20017521794863,246.95813614210564,7808.396712282042,5.946330333532796,15.945724571524726,0.32718134251756337,0.2831582877406439,0.2980974712392306,2.3248177364000973,0.5898705076178831,0.8961713644888254,0.7428973573990122,1.1329296319284077,1.0205595319444343,0.0005016644753061569,0.004940329408641276,0.00021417192809980584,0.7151035626534008,4.838129004953196e-05,0.19068708369466508,153.76366270917137,0.36578140088290945,30.776565846002086,0.9379082940990566
0.45754559583356424,0.11921304991128526,19.27694170454188,242.24447087448507,7806.674421459266,5.985167488709756,15.942048791598259,0.33040992109317924,0.2800088917672164,0.2969868099152462,2.3295571012175897,0.5907201931847145,0.8894672330762164,0.7427997096572003,1.1403748493736934,1.0268259113141978,0.0004983386608419336,0.00494348043127385,0.0002153366318257897,0.719554741074977,2.2636399257887363e-05,0.18659642699812137,152.22025521258368,0.3679248441760211,30.70011268721779,0.9371640376267739
0.4564191247691399,0.12184945755842125,19.243668223836924,241.76128786691197,7861.602502459759,5.955980553740157,15.995250660434202,0.3288580373749019,0.28275989083946784,0.30173755891763643,2.3150193024780723,0.5935299278965527,0.8910298282901855,0.742492438865481,1.1329070212888381,1.0197399016868938,0.0004937925256646452,0.004955937308757679,0.00021528051022567704,0.720850172696044,6.152826983910847e-06,0.19130315117233831,153.22194864614454,0.3753861253999099,30.725928250995416,0.9350241170738972
0.45759329509001095,0.11824026212427179,19.167455297716288,243.58533336010376,7780.146500762405,5.995359495616685,15.994607184886465,0.32959511520755563,0.2826770904533875,0.30089055960656014,2.3154519565313825,0.5902684015285815,0.8951116481370627,0.7428127233550248,1.133823277792321,1.027602176314049,0.0004933387784670252,0.004902872959103758,0.00021281478326458104,0.7245862660479444,0.00010741841900157922,0.19111207018242457,152.46900977230868,0.3740624207194445,30.672952806504668,0.9330460492430368
0.4610946155354541,0.11606474422209115,19.181343914099934,244.690514544988,7711.283929835754,6.031593028929869,16.16766556356937,0.3307338002881761,0.28283786291553986,0.30173620398285933,2.302725325437349,0.5952165323044177,0.8956941029882882,0.7407792201091139,1.14114802707518,1.0307136260930454,0.0004926572499285934,0.0048151948853183725,0.00021151829070191748,0.7228160859161666,0.0001025948902632991,0.19681394705025335,153.65518643081617,0.3733904180772716,30.493474254141134,0.9373226819497646
0.4703591125469621,0.112918915482443,19.080551999968698,238.49012458577272,7776.250060380485,6.022692408208938,16.308586297604815,0.33177319449181797,0.28162788741649336,0.3050111803461237,2.2923363148349463,0.5948714286933943,0.8995282662230634,0.7449000478980479,1.1435652633313318,1.0322981161817177,0.0004930515741084977,0.0048626937343841745,0.0002122463143423829,0.7253508737291864,8.908654502185968e-05,0.19811563774659197,155.3440592110298,0.3759204698401565,30.517963761787364,0.9353775383339679
0.47061264163118116,0.11511962407187992,19.32829226876726,233.6853467115115,7802.669953401692,6.052558944221033,16.210512137691907,0.33101491724301446,0.27737693585732165,0.3031737683827339,2.2933824294110794,0.597468792849891,0.8998091478148429,0.7394199946499692,1.1347407843031783,1.0355002670885773,0.0004953905436444108,0.004829298458857741,0.00021121656354246139,0.7284395898885098,4.074009008764209e-06,0.19779532565279237,156.97540629868354,0.3773045141773222,30.410860136256957,0.9386250280333639
0.47281308416612383,0.10939894260924499,19.238351148686274,236.4997697227487,7622.724490411894,6.075498739770882,16.270046835327367,0.3282692458263582,0.2776290357858467,0.30343850209885825,2.2619789611517276,0.5946824458740014,0.8999572495579871,0.7414695857976085,1.1398248406885731,1.04213926137047,0.0004984163757531952,0.004802039238067971,0.00021119420092680628,0.7297622499034573,4.1118311183006e-05,0.19164464627936104,158.20885109095127,0.37991090513818776,30.6320000496301,0.943138465243854
0.47414786253046826,0.10861837162152439,19.236665842480917,236.1264909070992,7612.3188199753695,6.062990674847237,16.35089562775646,0.3274311672703743,0.2778074744409699,0.30323651088367226,2.254303098256886,0.5923045308905406,0.902722734628567,0.7373701406332758,1.133487675263148,1.0400748112193048,0.0004968959509114045,0.004838295077275149,0.0002124225551348891,0.7402091006641388,4.0661814085218334e-05,0.19825346830004376,157.47790592162437,0.38220490186410305,30.442668428844886,0.9395709654411363
0.47763048808953024,0.10882699390429285,19.318184602588165,235.31938844878405,7683.0787716583845,6.094236271352393,16.422720633378724,0.3288971852760433,0.2795307564873014,0.3034198460334182,2.2533696239583465,0.5896844566051743,0.9055395904654281,0.7362709026841572,1.1359507780462628,1.0431167633763658,0.0004972201646288968,0.004860958972659861,0.00021015715350308165,0.7423398841175562,1.8215538382182065e-05,0.1970108505024123,158.221233096883,0.3829633302235347,30.182219838040158,0.9358669618010677
0.47651072520284743,0.10849121226183953,19.35643610428692,237.1030477872531,7713.498465819069,6.137870741053973,16.329389355274092,0.3253825225297917,0.2793337403339064,0.30550236659451274,2.255356260632587,0.5882068573118855,0.9110309643183594,0.7352146964420687,1.1355623804596966,1.0374550606039967,0.0004876807900476583,0.00485670104577745,0.00020874385709581292,0.7425520987148373,6.68824529100185e-06,0.20558682360978223,159.45050964015195,0.38579270284246137,30.134838309149227,0.9344576452272579
0.4769967873292791,0.11002131819375234,19.267549326325543,238.76308321654363,7685.188135703633,6.171323575689448,16.243315898803807,0.32460500296505346,0.27806851979252056,0.3050606957674694,2.2620259581941116,0.5895837080021372,0.9079580996852736,0.7365139467726484,1.1345620784112374,1.0291002991180076,0.00048783564630671723,0.0048440897788530135,0.00020763288917905376,0.7425290035122187,2.2384417993580813e-05,0.20694721843842884,159.97068520267408,0.38663683402833987,30.151133117716647,0.9315994244192141
0.4803199540081632,0.10983837034544214,19.169239950508498,239.2356659039352,7659.9515901042705,6.160984239773162,16.318881307993347,0.323801160705391,0.2753345938212145,0.30530766484670807,2.263249557064187,0.588403810544389,0.9044102476551642,0.7371480444705976,1.132772273591666,1.0361399913504723,0.0004919248958179001,0.004879981833285767,0.00020848658026112232,0.7433340016754795,5.1892327888934195e-05,0.2031284496689653,160.89048668926714,0.386430097529509,30.174833377765268,0.9335785801892618
0.4850589204838087,0.11464588517638753,19.34271914433275,242.5059234427127,7491.853892082657,6.168576765794223,16.161933891801958,0.3235000020832189,0.28023484875891025,0.3046254634400139,2.270465130284307,0.5889749214378667,0.9057744191090079,0.7345117306226607,1.1336488332635815,1.0358553084408342,0.0004964508074620296,0.004886956721512257,0.00020898356211771066,0.7400985736668853,0.00017785565811642755,0.19990567054463904,160.5040860650824,0.3849562327610821,29.941947486081844,0.9315384358777271
0.4878007910269641,0.11295865435342912,19.47708706462926,243.09510514161482,7485.1730639273865,6.217526271152368,16.077261208210885,0.32409212135221926,0.280189874041744,0.29959961375763466,2.276004271831614,0.5880845614937856,0.9045483063334209,0.7366092364026732,1.128601016217806,1.034764771744006,0.0004990359363712802,0.004877089577013236,0.00020855193709430847,0.733915588206228,0.00018911966141583987,0.198256137375084,160.64421522377253,0.384166676475429,30.037414184708535,0.9348434891590492
0.4908432752047532,0.11286490262620405,19.524688526677103,243.8969592535353,7489.7990389493325,6.22792445064752,16.092591910675434,0.32741580383965774,0.27925688951984284,0.3010853893562797,2.2872249149457287,0.5936716584888554,0.9075473091736279,0.7437196930871847,1.1334662768087431,1.0346487990831714,0.0004977500869888461,0.004854104789916413,0.00020950984561165985,0.731817045289479,0.00021625081952372294,0.20432825476567573,160.69410551142045,0.3854710931959763,30.19862164362718,0.9316108186494064
0.49515157770871143,0.11588353071469452,19.648552125059,242.51189569138754,7406.677049072852,6.24234074369451,16.163100282057357,0.3286751816881542,0.2780032706778438,0.300035162206125,2.279948198823986,0.5942556738240965,0.9100749550728986,0.7380730699055434,1.1287471770003084,1.0415611656897796,0.0004989587088701225,0.0048175363754851454,0.00020958607892356768,0.7299512865177477,5.639894041415159e-05,0.19530112350150797,161.23515691942384,0.38717318127403416,30.443753899727273,0.936206120368977
0.4969298658253644,0.12134998215911265,19.775039933643583,241.10950556230515,7326.669014672415,6.300326139452644,16.142524426123877,0.327380929267584,0.27817818620312146,0.300787356492077,2.2945105071217933,0.5943935628142154,0.9114408496587514,0.7358794241032017,1.1274672120456473,1.0452463974824933,0.0004992749503584356,0.004830046196159639,0.00020932467522813812,0.7341008752843123,0.00012575303991772715,0.19271262840981743,160.85249626139571,0.3834433257588033,30.175758763526545,0.933684608468614
0.4975455125916142,0.1170442014356479,19.58698519705255,236.664087710118,7414.089729300414,6.316068755163664,16.25676317786018,0.33143393451611214,0.27758837338957765,0.29969210992871864,2.2848811912148146,0.5966701399510768,0.9059832192467998,0.7396134812872696,1.1287972771716932,1.0385985703702632,0.0005008266192188943,0.004815262047858654,0.00021026182693771183,0.7414225024916478,3.682754443467305e-05,0.19088024793896044,158.39708827048779,0.3849099351443505,30.145005246041336,0.9306110309547371
0.4931371855518705,0.1156623208329787,19.611945788713346,233.2859629739184,7443.5991256496745,6.334974890995161,16.32731126042253,0.3315323633407317,0.2773607703550153,0.29744711481992653,2.2855964706072496,0.5942191025017028,0.909080900634226,0.7403425287105827,1.1265126283320919,1.0502890148082744,0.0005059601043868818,0.004847264807891818,0.00021125740058907088,0.7377219380112654,3.820243740317871e-05,0.1957741240043931,158.85321817305518,0.38067785562519674,30.464647444770243,0.9229677044443858
0.49952961356703324,0.11664138121257629,19.550510207993458,235.91631447361087,7441.751976010184,6.287223381813638,16.239706269252817,0.3338527955473979,0.27692838814120446,0.2950582803165223,2.292938421322136,0.5935692414572532,0.911290118597317,0.7397593993650781,1.1279879464099567,1.0495338679863067,0.0005005098908995671,0.004835770095369897,0.0002107478229233901,0.7425642426273688,9.619466569438423e-06,0.19706326712199068,159.71192775282756,0.3918111075195795,30.340727206822883,0.9197666920371058
0.5042815656413803,0.11543238307941465,19.654186595741997,232.5506715473379,7361.767887454281,6.310133310334049,16.421854101984017,0.3312454640750756,0.27701377618024625,0.2931215496376409,2.272811503352464,0.5882447130991403,0.9031190461326958,0.7406685742594095,1.1278667305456636,1.058634099971148,0.0005014511052231768,0.004843388062755062,0.00021310562046325367,0.751338737318555,0.00015974485578131503,0.20198661425183118,159.04181117384513,0.3898900590055409,30.29610158022425,0.9253512515642324
0.5084277716038378,0.11440109914680176,19.626764147994606,226.98175902559444,7290.991863436906,6.335554968490037,16.451023277325973,0.33120383041789014,0.2771492963913858,0.29316171022612886,2.285542067876963,0.5883862839074016,0.9013538046192174,0.7337503372100903,1.128506461626732,1.0618159119379402,0.0005029902024579944,0.004821292719715616,0.0002132313736905325,0.7493806963070693,0.00014004825323959174,0.204795236384397,160.02879407471147,0.39258440608678574,30.23927819031911,0.9269373242044261
0.5077980501350863,0.11796119162011849,19.787131471356513,226.14607222331082,7152.555033600141,6.354621703249523,16.471502270927076,0.32846871152727414,0.27957003219499127,0.2954885686340692,2.290126556090191,0.5903983807704191,0.9041579508379262,0.7325483664031902,1.138137510475312,1.0641796305490634,0.0005031796412351476,0.004859326676225816,0.00021267776913966026,0.7475805684664124,0.0001299050865280184,0.19634501737921337,160.02163859895848,0.397246480761437,30.13155998462265,0.925913726966398
0.5029682551094588,0.11973995946102783,19.801543744444317,223.61210655823157,6992.576709760512,6.3759804792538075,16.370766952610552,0.3290493073339551,0.28021274214847197,0.29280942766911516,2.306377954321525,0.5899486209244131,0.9041318129725537,0.7307433258529614,1.1287374303612707,1.071290326493237,0.0005082454395374544,0.004910321342785783,0.00021337914958923515,0.7538317817997634,2.9518054457606553e-05,0.19899808526997728,159.8316593010399,0.3895345046053337,30.29940309868383,0.9288457211923978
0.5072106961558466,0.12050326015564118,19.679785359932804,224.8285558354249,7074.682282440902,6.360512081116617,16.26341381288028,0.33070798980439803,0.27997370238965336,0.29545802662578735,2.306447188381983,0.5926367189458367,0.9056207155701227,0.7347792191417606,1.1374237786228412,1.0767552748498703,0.0005057609869844363,0.004894670360019134,0.00021431935785634504,0.7507843622217568,1.7667027974897564e-05,0.2070405976248092,159.2101252760344,0.3914892146083435,30.38658083473269,0.9239990221284401
0.5186193896987088,0.11879151114023571,19.737878464426085,228.54440726852056,7094.252085211223,6.377389160403708,16.344876351238916,0.3288530418498914,0.28162100728638906,0.2901768741288084,2.316955591823889,0.5902970497080327,0.907383191425412,0.7318413638723656,1.1467828244722351,1.076344296996848,0.0005074563054241371,0.004828481193827252,0.00021356288035861485,0.7515149877179924,0.00010246007751631988,0.2033915885179813,159.665046668233,0.38893326412760904,30.438887874177702,0.9334066500660224
0.5227713255163446,0.12037160783332343,19.740759978559787,227.62100647003376,7057.157464921782,6.3931063733632145,16.199893395324725,0.3262680454214465,0.28323147088272294,0.29181412873338913,2.3240394242897855,0.5944741729846261,0.9065645836951876,0.7367450048389506,1.1439384114903708,1.079661749744803,0.0005042366107522525,0.004847306358297668,0.00021252055433655401,0.7504216688790736,9.721158439477254e-05,0.20971578605014785,158.6756633409673,0.3955300239436204,30.510286927535372,0.9397445880009272
0.5284074014977599,0.12011817420626043,19.53490262820982,224.85976996641426,7017.322096134453,6.389025365762453,16.192615649146983,0.3258082054677356,0.28313843866497973,0.29039901294641735,2.3168682790617,0.5943222837890141,0.9062419218472655,0.739943820911058,1.1479725353709196,1.081555113525987,0.0005062622062132939,0.004803012736228502,0.0002129574057316133,0.7495646648845183,8.442769150094954e-05,0.20949638523183578,159.59166032925938,0.39686296158582823,30.649896491402078,0.9482637687122331
0.5309820505405918,0.12349283634325267,19.466102020182863,224.5389754002507,6900.218071022584,6.425805681514276,16.137186265750085,0.32434932510362,0.28175991932700367,0.2895396468474409,2.3093766742240236,0.5910364140554513,0.9085565175391032,0.7416959737582236,1.1418657676275252,1.0846072802518536,0.0005096417803055318,0.0047952831634889845,0.00021337002065787618,0.7485578562842277,3.9756740694025066e-05,0.21472131585691942,160.90273764810385,0.4032000150793156,30.619774161818118,0.9562229316837544
0.5415534518261155,0.11927595335913732,19.578272006380818,227.04716078361977,6715.685295404628,6.399136028753071,16.11554168457635,0.32324011935954594,0.2824642407583444,0.29004275984066585,2.3022632078795824,0.5897197033303934,0.9107600524764135,0.7431201501646584,1.1437913050510562,1.0919897114488977,0.0005124029575797577,0.004787435097204948,0.00021564722694443941,0.744566970470652,0.000230027650492884,0.21420838806445577,162.18251454547462,0.40753322888727944,30.52756263796999,0.9562240295071164
0.5425601421775293,0.11987335045187672,19.620595629121755,226.49923556835563,6580.075469422966,6.355270913813671,16.21383964055841,0.3226394154562102,0.2817503802142503,0.29046378302527265,2.3105627068128545,0.5870271637753788,0.9077509320451658,0.7413577670352678,1.144243080733515,1.0921576287758352,0.0005076928378524915,0.004820149785893491,0.0002150795494836439,0.7435871658491968,0.00017624516929188862,0.214913477713137,163.14071990546034,0.42352687680901707,30.296163480785697,0.9571430997996936
0.5431673357138027,0.12039351684935118,19.546043643381992,225.07332869981167,6524.04554840996,6.39247665166111,16.173109790882084,0.3243949082664353,0.28122471642460967,0.2894925527401932,2.30857725169122,0.5902183732115246,0.9076006146288185,0.7442283620776321,1.140275709341299,1.096993575425069,0.0005092142174336695,0.004789800664319827,0.00021457018353112517,0.7451127036304958,4.3612908234993834e-05,0.21460977228475225,163.00562604905986,0.4235726758289132,30.005655594940137,0.9593856213714459
0.5463724042233421,0.12336206669496487,19.716844763791617,227.59735693574135,6394.038853920862,6.399259668602662,16.28289666056103,0.3244630671119204,0.28163182649605556,0.2923157953507964,2.3078820061566057,0.5923308710569405,0.9072664305330187,0.7457905125903578,1.1384655850615826,1.0894928535195172,0.0005096861961906606,0.004792952684403265,0.00021545624132272888,0.7415869180948915,2.09409337767756e-05,0.21201885625382091,164.11796231957126,0.41586829889173027,29.95758690174,0.9626403397638437
0.5497671103552437,0.12068518273567265,19.821027188951835,228.1649396661233,6233.350085312435,6.420068779604076,16.062318983139658,0.32330047919885213,0.28284590366348056,0.2935483688408738,2.305271378364968,0.5981431862262637,0.9021090437295028,0.7447155845639338,1.140084037714367,1.0866816725443587,0.0005126938860573908,0.004832452931244314,0.00021549579534793796,0.7500092659556885,7.131694232540825e-05,0.2191141878081003,163.40026563362147,0.4081952490471975,29.96361686617754,0.9626708591990529
0.5472498061147866,0.12484575920056909,19.8203217453607,223.2122306321993,6145.011029926867,6.427691686010974,16.173284088557335,0.3248550312817483,0.28156268598251216,0.29686564451792413,2.2929102274446933,0.5973012248102761,0.9007889453687491,0.7471581603380578,1.136676522294481,1.0908312941592968,0.0005104963181040326,0.004817678842972581,0.00021415059227242276,0.7541250493963794,4.0046600516880474e-05,0.21157932022839626,165.4829779107136,0.41140431372386,29.956988979342043,0.965271231522399
0.5475104526893242,0.1309156937211036,19.756845671036775,221.46432357073587,6029.431328214856,6.420734120389489,16.27209329941453,0.3244693489780776,0.2803892589399297,0.2939982497337631,2.2918316603342186,0.6001267010552699,0.9021367129761233,0.7426396110302073,1.1412672958231604,1.0820449578819111,0.0005126353397382777,0.004826314600984201,0.00021403177598844112,0.756589978253507,5.2245064867422935e-05,0.21265766091282812,164.85835197242363,0.4090352175729816,29.671037744386368,0.9707226492857813
0.5482551796513122,0.12963078697853253,19.737215042827877,220.93507633748115,5862.331416334109,6.480646135797376,16.374201493044716,0.32447128927528757,0.28345336177524055,0.29758358453065914,2.297812710617713,0.6034989059385668,0.9057583204783087,0.7419208929763923,1.1389804521905238,1.0806480680919472,0.000516337762032305,0.004858886575038418,0.00021481361325891726,0.7527541416147474,4.064457022177698e-05,0.2111810212215869,165.89694291088898,0.4053841842957131,29.525285381781128,0.9697313598820485
0.5569902432865201,0.1322160774213687,19.676540080617823,220.17746992093132,5939.103565380239,6.463185727109823,16.41540540878482,0.3211165093288027,0.28312920593540075,0.29958558136577823,2.290772465092152,0.602842537363963,0.9073009927797182,0.739994384616496,1.136662950699409,1.0717709042383559,0.0005152859156769654,0.004860833329783509,0.00021595344831505293,0.7522538542447176,8.950299986806874e-06,0.20534250271647866,167.92925339402098,0.4016114721839859,29.27898253218556,0.968361121184026
0.5644390959861996,0.12988242030356156,19.766907554263113,219.81594935958265,5982.908436200478,6.452571654886392,16.508142788484385,0.3232490276457334,0.282100854540577,0.2979643783726434,2.2935753741312817,0.6055153069467629,0.9061305301654452,0.7422684211343201,1.1389964359746216,1.0687108865969148,0.0005170598570708768,0.004870986964273686,0.0002155105224899997,0.7554322616716526,2.9762495753181322e-05,0.20349221937211104,167.8111421474952,0.4029392269329566,29.38914846663448,0.9680229778250031
0.5641247601457376,0.1283442882800581,19.654161850590356,220.1767212033415,6016.711358866008,6.440231090559954,16.471860921556313,0.3255065323577295,0.2863636092022772,0.297423246454169,2.3009218435529326,0.6053215158254258,0.9059766219161622,0.7420253818931378,1.142352328755768,1.0725066796037153,0.0005187351098018396,0.004868705810453398,0.00021621635717595697,0.7518747742333228,8.377808382451555e-05,0.2079298640210552,167.42803470882436,0.39694259320154446,29.5042995609839,0.9640193204754526
0.5648110174026215,0.13180951036994606,19.81102799185532,227.69641712104357,5970.067953634047,6.413158244142485,16.481654288442595,0.3252555490095306,0.28513591082872786,0.30004259726742033,2.28917115224642,0.6048220904318993,0.9027179815944043,0.7353395531581913,1.1452179480595306,1.0787289256128798,0.0005191329215446645,0.004804337978978614,0.00021608540776584467,0.7473448014750868,7.107496165939674e-05,0.2114648964181164,167.37092824353084,0.4017477508180987,29.23101670741817,0.9617116177049655
0.5669261335855131,0.13169371072128847,19.895715401242295,227.15815464660864,6069.458216383433,6.437901186196909,16.5396846313468,0.3243497669963347,0.28487759383182426,0.29715133175850633,2.3117792229055727,0.5984259468019919,0.9049939409456136,0.7315025401626496,1.1343273946051269,1.0739265294918072,0.0005212829719775606,0.004809270686741153,0.00021604294401159934,0.7527265113005263,8.904087145319726e-05,0.21792345453789302,167.1991219344617,0.40504017211519594,29.21401390505985,0.9615383271498322
0.5730404929276803,0.12907334431997297,19.708166249219403,226.29940306160705,5822.623786363599,6.457046789090381,16.549532549961828,0.32268598895219386,0.28402348402648536,0.29852432938584383,2.321763478764439,0.6001532983650703,0.9035560534967157,0.7275176973289528,1.1324775710927766,1.0705334675067837,0.000514907543674308,0.004777452595818679,0.00021730766685881727,0.7593029508713253,4.434247617284378e-05,0.22026231111597608,166.56510326780892,0.40627735486946215,29.21300988114104,0.9598861199284716
0.573148348776191,0.13075114310650574,19.800355663179705,219.71898911319118,5726.449206780555,6.4857373604631645,16.540377870317315,0.3245772985594413,0.28288879236659215,0.2985794218331174,2.3158520983284316,0.5979032817882596,0.9033683143254909,0.7287158036679692,1.1374000027202402,1.071905111206672,0.0005152485036581842,0.004767403569146892,0.0002159875317683946,0.7624817803442505,4.683715964728817e-05,0.21921777227521047,168.3200596772693,0.40788749525865403,29.145380006733106,0.9574718757339863
0.577721418510422,0.13318363550933093,19.93797522625382,218.3182586906554,5703.408078148259,6.451598320881831,16.367643860632008,0.3220990588187029,0.2849003807101201,0.2989549960936547,2.3137694442793584,0.593504129099979,0.9022508206066611,0.7303921861979122,1.1294700332927383,1.067846252256874,0.0005117962130339176,0.004698742561277499,0.00021576097848316573,0.7556310662097003,5.988531743391584e-05,0.21833106619898748,169.0948688632131,0.4136442097052539,29.404681112979254,0.9562736229165083
0.5793774601253544,0.13538985411658788,20.06757587841098,218.89445703040977,5750.84602602253,6.448672679833276,16.35757250395616,0.3227517202662664,0.2838696411850282,0.299191421468787,2.297412458997524,0.5880282636150342,0.9077444415678211,0.7323677876690053,1.1313193958254135,1.067297399048442,0.0005107227865096911,0.004676234864796673,0.00021739211160732116,0.7594785187649105,1.2104897574001531e-05,0.22024882639696988,169.21517858346485,0.41270767002633857,29.320310199486904,0.9552418930780588
0.5789220887250455,0.1339898847987877,20.04909398104754,218.60196923592125,5630.024545624811,6.515674402204582,16.336071402913745,0.32087520418411936,0.2836922728122088,0.2978942773089686,2.301856981860458,0.5899905466086363,0.9100771265505289,0.732125217720993,1.1290004649728536,1.0689973830919623,0.0005104455224146344,0.004678336770637547,0.00021786803258282773,0.7635581378453685,0.00010816270027008069,0.2267607033582696,169.24492940982,0.41611209452663117,29.289881647942316,0.9581203095398805
0.5850035513724057,0.1323384243118248,20.05295474848602,218.32990613494053,5528.214059556404,6.523722737504031,16.341610454056596,0.3181323121476953,0.28207449858715666,0.2970805691149181,2.3096540326884782,0.5907318901140495,0.9108017627910957,0.7244620844527444,1.1288748642826725,1.0642609623755843,0.000511725742413433,0.004677968175925591,0.00021836947991592392,0.7573386416464185,0.00025215129233224505,0.22867211218225614,168.00655933724707,0.4163589533499193,29.358711638602795,0.9555883723003166
0.5908123818170373,0.13223114181522086,19.98110530090358,211.5672446963711,5567.351013181578,6.534951674222041,16.39779706148024,0.3181859122259377,0.28030628204170827,0.2949921819519613,2.306224659512068,0.58646955507697,0.905979721657981,0.723571094705921,1.1283634558224183,1.0697859877758633,0.0005133230517391752,0.0046757356601754224,0.0002175620293603957,0.755042350572014,0.00014664793588437897,0.2295802208195734,168.41026995487925,0.41696773620438016,29.40559174561359,0.9569713049454932
0.5953454165913091,0.13371447222322483,19.88406205467574,212.78013614846927,5365.297688099742,6.551735142669831,16.443584302988388,0.31645831406434716,0.281847207432011,0.29565690376279813,2.3277030412073887,0.5854418022450475,0.9095424624223515,0.7236547966322989,1.12898200032505,1.0658811669257773,0.0005131583843675498,0.004664199875913931,0.00021748960782053126,0.762041914514227,0.00016061935777544092,0.2230697894357402,168.298389451727,0.4182957030787301,29.708293495279737,0.9601526822846229
0.5997955220475378,0.13252284999216807,19.98953643344523,211.6567887937373,5474.516827849783,6.6165826202364935,16.536094669154497,0.31554813141744836,0.28493091010356586,0.29832690232936454,2.346641092588723,0.5814094911438252,0.9112861638219961,0.7230607924447034,1.1274694462791988,1.0623213545697876,0.0005150172196297724,0.0046552365966501105,0.00021810501120694085,0.7623952516480389,2.12271929827906e-05,0.2205550167879977,169.3189921448455,0.41434352081556675,29.650299947424106,0.9567607858584879
0.6009508520613822,0.1293675144220361,19.864804846852653,216.24346814507547,5491.248795048154,6.617205117205346,16.336671744377874,0.3160953733109305,0.28392516892927105,0.29618131459787556,2.3593456947104867,0.5836083443645788,0.9074126012923501,0.7262595552176683,1.1279156059876567,1.06371052352129,0.0005154309741452983,0.0046446785380677945,0.00021915441646046003,0.7628932398071016,0.00023490761423730926,0.2288620404410584,168.99492293674953,0.41825402635916553,29.569417150862183,0.9485512092914615
0.604379418179412,0.12773684340149286,19.74826874809624,217.75387955496547,5687.605424151292,6.6122822919585165,16.29524414507004,0.31755050599629936,0.2865105185798098,0.29949189489464934,2.3616164069058145,0.5875913437847149,0.9034489488487769,0.7240169397963339,1.1273318325270927,1.06314446132653,0.0005140936798597295,0.004670865844027477,0.00021818600156747923,0.7614166637653333,0.00012242382350021624,0.22817344753729926,167.3251436130548,0.42004241078394156,29.545331831884155,0.9447650352261078
0.6039708220240682,0.12896431560700408,19.773687603898424,218.0073464588086,5674.631969139689,6.61273079420634,16.211328660169375,0.31741472418476774,0.2885193195956445,0.29940064646688497,2.3761231958051487,0.590353070377507,0.9072230576543417,0.7229292753045571,1.1185841548399478,1.066272722958107,0.0005117444727848962,0.004681861334778419,0.0002169792965401925,0.7601616776554729,2.177275602214057e-05,0.2324487666212352,166.53538422509087,0.42415447520049376,29.458032659763084,0.9372238436910699
0.6116093295058161,0.13050667540117558,19.731844567894093,216.1227494087911,5674.873414708626,6.5741113355780465,16.22685132721263,0.3175070553518556,0.288654470357035,0.29947774985237074,2.3794847222614335,0.5950909673078815,0.9091625170775337,0.7249887767699158,1.1191028803719283,1.0644998299867585,0.0005085770496169399,0.0047216027526607775,0.00021629817307576725,0.7660344305924118,9.895294747133628e-05,0.230504881544431,167.19854518226543,0.4176146969902637,29.219229896957252,0.937515815677571
0.6146748136235264,0.1303717516823755,19.729403804842583,212.80195341050566,5912.956444565736,6.5925642060756715,16.2800612707069,0.3202170550367964,0.2889018469446898,0.30056876733614596,2.3825235625296304,0.5986934839958502,0.9099390708243416,0.7236823779755707,1.122977844051807,1.058743101784771,0.0005097944930636162,0.004743620920542066,0.00021590906956029928,0.7677836306798811,0.00013970457080375598,0.23207728234934374,166.86625809056426,0.40966301124537396,29.235949214226054,0.9375373312628307
0.6137662779715478,0.13079341255368307,19.85929242121652,214.93443642802853,5775.595322583839,6.650457554954781,16.189891777983796,0.323855546367319,0.28760083544048587,0.29929877090883816,2.3511608588116095,0.594419033967891,0.9066350570054371,0.7231320652023737,1.1285111491674737,1.0536337031504666,0.0005073081932766039,0.004730826366367842,0.00021497852025775872,0.7700518910764019,1.2233479232680696e-05,0.2370546215580587,168.02051809876235,0.401493072062727,29.1580424064373,0.9355949917866628
0.6219556236455507,0.12646406979742336,19.783834255440947,217.89231218636903,5803.774053822135,6.608595423965864,16.120803254153504,0.325328209872833,0.28588809576052965,0.30014527273707853,2.3723809830427243,0.5908793410961787,0.907085477877483,0.7205353026052638,1.1291873707034519,1.0581085227887639,0.0005078478196618964,0.004748450301513858,0.00021455435462424668,0.7651362469028885,2.2728951039043826e-05,0.23846265146109347,171.09185716243874,0.40878596636372655,29.107205769801077,0.9307952335895056
0.6276604748136316,0.12556614001067554,19.853461617068522,216.60319802488448,5651.585073143965,6.576870642933869,16.178768683034654,0.32424891655657123,0.29016475230825484,0.2974685651173019,2.3515826272182543,0.5914062771311347,0.901282252932277,0.7142698294055947,1.1147314320596016,1.0529885605683447,0.0005061327212725445,0.0046934276286597475,0.0002139915888063392,0.7602990173111288,6.284563665057883e-05,0.2416606707308437,169.82580925071073,0.41465139634109366,28.886123985962453,0.9433832230316868
0.6311506629368581,0.12847775263536465,19.82785015897246,217.19323962596462,5676.266068681386,6.581878074813633,16.09667815548304,0.32430032287847393,0.28755279369407805,0.29337782971400966,2.3489800626926733,0.5904266815923179,0.9018397416297681,0.7090093685812293,1.111162129369993,1.0542130728797394,0.0005064372287804774,0.004660237565995295,0.0002127608209601084,0.7578416356398218,5.832008743782514e-05,0.24521523381255925,170.0102799960151,0.41902480078443666,28.90598362812911,0.9365403816437238
0.6356009824218289,0.12409141477695232,19.83562588208408,209.05671957142616,5419.914266541002,6.591408153659129,16.224885815704504,0.3247846369051313,0.29043077678015883,0.29107119222934663,2.3622251769271667,0.5883946932961038,0.9043058006894615,0.71147081752426,1.1129375336080842,1.0518069726902006,0.0005044510700153978,0.004676596564423106,0.00021227621665093757,0.7592514801587928,5.617077016560542e-05,0.24989733472977566,171.8110761699352,0.4211275030516116,28.940357920806584,0.9334701329086035
0.6363313347587886,0.12150896825093657,19.873290033517854,206.64637453378725,5562.209987001683,6.6600900987669736,16.440817763735627,0.3213552455259539,0.29104862583152913,0.28892499211416,2.3704996390783353,0.5870998832081705,0.8999946998681267,0.7074185838668791,1.1046666680472996,1.051375142636889,0.0005070299557786886,0.0047164291755446685,0.00021185989816760448,0.7611772220813321,2.4510778449410504e-05,0.24788518287088698,172.43687191098113,0.4278313187118132,29.128809825999834,0.9421783931850577
0.6391898740799028,0.1255538613665238,19.96874675325406,207.37479593852865,5379.88715413655,6.7007694728811025,16.31182320879877,0.31999974112332485,0.29352737938211554,0.28888328629779597,2.383842409581456,0.5887809382927689,0.9048407193607263,0.7070648950646347,1.102073977347518,1.0525655116238426,0.0005077530413034522,0.004752032624651887,0.00021241039287498963,0.7627605722330025,1.7218948032807765e-05,0.25030478015323476,170.66024611930914,0.4209848091318027,29.159375084662507,0.9371494703820676
0.6447306782984756,0.1262015130702342,20.147330749133346,212.75545967076437,5277.459496338868,6.724460845585182,16.30862624091526,0.3199606970112478,0.29225420743183594,0.2903832093054791,2.3858251239259904,0.5884355670967351,0.8965021677433321,0.7069703662501523,1.0929530679616681,1.0479675772167634,0.0005071761585996871,0.004748607991707533,0.000211668669368503,0.7680694284797212,5.0304687057550736e-05,0.2565144057186185,168.52497826435877,0.4173994459030136,28.739242328356706,0.9359192773370385
0.646594906441695,0.12739086845215683,20.297684090926623,214.42503194933008,5248.156647225528,6.747203837392874,16.255563374917013,0.3203046800064735,0.2900191290028037,0.29137429581960667,2.401960587940938,0.5895644460581203,0.8944158150055399,0.7066873870684321,1.0966296625371845,1.0475079482313456,0.0005070190755987612,0.004768350447726878,0.00021035243110036064,0.762449053570576,7.36074425731027e-05,0.2544236044651227,169.65855551679113,0.4177077745156187,28.77376691590533,0.9391961466353359
0.6495218491521539,0.1303712175564829,20.3783208177549,215.65636466479742,5310.355934191234,6.753210776133932,16.21057736333221,0.3228024504346834,0.2884587626936166,0.2893950921779598,2.389415971206375,0.5909931754969786,0.8956816719072836,0.706191011440488,1.0931819378606873,1.0449302404984957,0.0005076403094494658,0.004733670956170235,0.0002095499081901644,0.7603967433317937,6.598456729707455e-05,0.25596574513301956,171.98047647882794,0.4267080443638823,28.867710972190913,0.9462194355123493
0.6520007906027245,0.12956447351504893,20.461662140237575,214.1981362402841,5296.073033795129,6.764357919869225,16.04453828760615,0.32525259304085535,0.2928880802511988,0.2932132294553357,2.3938796307277324,0.5929597070204583,0.8967225599701603,0.706496997618414,1.0925422760298793,1.0399548488327317,0.0005061091472764467,0.004701760536780434,0.00021027845512843073,0.7572741637544068,0.00012094359725630738,0.2561816534311248,171.748581651309,0.4291084541847926,28.82245906103297,0.9500208674374209
0.6569372431873337,0.1257086189777768,20.365318907761004,215.91251004116384,5234.37964882804,6.781278709962089,16.224561240270116,0.32494755806409886,0.29629167557779174,0.29259614568430775,2.4041607447096647,0.5877790755183396,0.8979418532350274,0.7073984380697802,1.0884858171336178,1.0323383201024756,0.0005100908771537346,0.004728396914797916,0.00021003798192762544,0.7557386912165394,0.00014856562882125353,0.25364282144106554,172.27974380019032,0.42850372181281415,28.799774961278633,0.949750194047865
0.6590355039559012,0.12452220486924738,20.257488799490712,211.15887280445904,5160.582647417581,6.779632825457814,16.22967976878707,0.32514530510675754,0.29616937144462624,0.293474413456735,2.398908335548601,0.5844072580305508,0.8995712266639084,0.7085149263337647,1.0925869014744927,1.0414017302180572,0.000512185423856648,0.004692375990107609,0.00021162321171646468,0.7576588838820049,0.00023815467730343344,0.2567730391527644,171.6428644544141,0.43087883227637575,28.884994541361245,0.9460996521804725
0.6601077732352133,0.1239669995790719,20.230097978599087,212.88024449538946,5263.967854760899,6.740371724374312,16.148454292225278,0.32432261749113594,0.2947341360048514,0.29137179798156926,2.4110859122953454,0.5860925140393274,0.8942829555705493,0.7094415611688961,1.0991133392814991,1.040518500623326,0.0005161117566288448,0.004674968385318549,0.00021212514423426786,0.7583468289275818,0.0001090773969610464,0.2530633847290922,171.71597081260396,0.4276375720644321,29.041315692798822,0.9535117553252684
0.6630798423072602,0.1243665794325125,20.156942921258803,216.4684491494073,5151.836087990875,6.660341632974825,16.234950761589655,0.32205632545321977,0.29683657329589863,0.29129766400031326,2.4080389129964472,0.5922105437814958,0.8903702355084578,0.7111131362158665,1.0940947767552234,1.0331535742560094,0.0005143684423218928,0.004686988311595308,0.00021231546829731336,0.7615244261543852,4.2422502211776405e-05,0.25539041794844514,172.85872310302742,0.42802405884230926,29.021662506789724,0.9520524487626701
0.6613411471395694,0.12549968292266614,20.02377626491435,220.02178902274173,5181.159204811801,6.661257763703672,16.245354831503963,0.3228278972799163,0.2962841985768656,0.2877087821633902,2.420285664553294,0.5950277803715835,0.8870511402156996,0.7098911433951984,1.0955060962679308,1.0273779711628532,0.0005147471290158296,0.004650598870436926,0.00021114572297959805,0.7527265584716871,5.724249832043904e-05,0.26141944315576154,172.37459528117552,0.4274705172765435,28.903764590190526,0.9518888705695857
0.6637897775762858,0.12366952957404617,20.00594084314122,220.51686590919837,5169.411902711149,6.651822930754924,16.430644653817748,0.32723381353851233,0.29683377846637427,0.2867756678487735,2.3917154020985767,0.5961260325819256,0.889916701368708,0.7097134883443338,1.0922922883490933,1.0292827255747714,0.0005172950741135279,0.004615310831306096,0.00021132311631722828,0.7524877208373362,1.2389370743015883e-06,0.26021937119187644,173.45949840370702,0.42728245599461256,28.9240631964835,0.9535994634193864
0.660380434048929,0.12374411718001739,20.155201240895305,222.3821857544037,5218.3422852945605,6.69287383328031,16.42289369134343,0.3252473141723078,0.3002541346691671,0.28648461774675965,2.3846112812582336,0.594421775513492,0.8885388474947876,0.7084353363242849,1.094526102289485,1.0197151609921749,0.0005166160215236299,0.004618688606717489,0.00021178512124097666,0.7437038286068075,4.231725335751528e-05,0.2648266754145718,172.94380105798126,0.4250779700241948,28.859112931371794,0.9526595166628159
0.6680915633614615,0.12261187241083203,20.2800184004727,220.24947356016435,5102.60034740166,6.673664951253383,16.359165968891066,0.3257173772556637,0.3027625214486731,0.28874685730126504,2.3769069623835146,0.5912475420827389,0.8956314727351493,0.712353088408847,1.0916341099581477,1.0240573443602892,0.0005133367785826425,0.004610297832184378,0.00021095190897452024,0.749426280875739,1.8168235677850126e-05,0.2740428576545879,173.86937233534675,0.43527638851310496,28.73288803389922,0.9551687213661075
0.6702696520718666,0.125021950923913,20.244322743213594,215.16168811045245,5061.997687556197,6.719669390953508,16.199746857285948,0.32569716184820924,0.3048140173916217,0.2887512241698238,2.3865964559631534,0.5885912038588827,0.897110285532692,0.7091766236888328,1.0918590576958314,1.031003517224104,0.000513571664935689,0.004574947327560121,0.00021007788139438313,0.7467177955201243,0.00011892927094728745,0.2738583502160403,172.54346530713815,0.42953095081136444,28.678784467498467,0.9553990926155616
0.670974966757812,0.12361737934978062,20.34267702765436,213.72066159092074,4991.7765811104,6.735557403619135,16.167500968938327,0.3267947058311162,0.3049484735105922,0.2885114553387556,2.395214569202967,0.5906602646221746,0.891124630836647,0.7084143128207324,1.098129111846944,1.0274230342909139,0.0005147308405750354,0.004599690608286383,0.00021017031334930205,0.7463924774773067,5.2504211092848765e-05,0.2795522924603781,172.82878657617968,0.42733085202779664,28.62518073720894,0.9578294903214841
0.6729390414753069,0.1252983138937295,20.313109409583888,218.52751027750458,5064.925275024476,6.740336135494432,16.251241331959065,0.3298077415598248,0.3083024539400361,0.2881686514687022,2.3757354090760554,0.589117507945243,0.889141419660627,0.7075093015023232,1.1029233420475015,1.036280091952154,0.0005196371008242389,0.0045642207438961364,0.00021082483977115268,0.7455458723818954,4.0022623197829784e-05,0.2745511493404571,172.71833084970572,0.4225053674198531,28.63738642672384,0.9542205106540251
0.6715552497391072,0.12789499382240715,20.566059483610534,216.22440543992298,4921.635423460019,6.7003034375664665,16.36762822402547,0.3270480282452909,0.3067598226382548,0.2850651444758235,2.371292144711372,0.5880472989479932,0.8937107871554268,0.711509110613226,1.093122545898677,1.0365415731619323,0.0005203729283813598,0.0045431868186167025,0.00021111551920940876,0.7469512398447078,8.3184975692349e-05,0.2749504660309071,171.7077113696068,0.4273982985209449,28.622231512021298,0.94026667048285
0.6785347505422215,0.13068675737841523,20.756105092718872,219.79715148913525,5110.987840151901,6.7124924289101076,16.290397595103492,0.3249142953038758,0.3092092210750466,0.2830330266381684,2.3776065961928,0.5844753930620039,0.8932448635251623,0.7076379881617015,1.1043246762439165,1.038958802249437,0.0005228488968939916,0.0045184158535750574,0.00021076325067511474,0.7437707432099031,0.00017066249612710454,0.27610963802595795,172.07065670635802,0.43136018258105213,28.651584869811785,0.9467235421418629
0.676004193385154,0.13021651709685675,20.808497998706983,216.0987855508393,5024.681758360586,6.722845260645372,16.29341660992797,0.3287071278626419,0.30836276810457297,0.28182759911595245,2.3807482077708317,0.5904305321322594,0.8975474240496706,0.7096522872062491,1.110205662771227,1.0407137108066802,0.0005232800644136049,0.004509015116054471,0.00021212385139865,0.7472408504506883,0.00010107763861044055,0.2738010416719999,172.82152529822142,0.4378948523652248,28.73022655970913,0.9408405341252125
0.6760471837699118,0.13068058851543646,20.737151494319942,215.70832644936033,5084.2818818592805,6.699716263904455,16.18857890595074,0.331401776895694,0.3079698997725811,0.2820709124096257,2.3765103427035936,0.5933827869500087,0.9000985496497159,0.7083773722842773,1.117321931521698,1.0426571308211507,0.0005262122365677493,0.0044908486239607455,0.00020951255177762036,0.7480398523321844,8.463850758102455e-05,0.2819181159210137,173.30386518864785,0.4377739983654711,28.73705228414837,0.9456036671271887
0.673255402249652,0.12632593020495642,20.782827254648435,213.556431552541,5005.98233120295,6.697462148167476,16.319866761297533,0.3324354701928842,0.30553522408132977,0.28133600473274006,2.3775440306877726,0.5969727124861481,0.8953406075211616,0.7053054470273178,1.1204064729080656,1.043262219835422,0.0005240116062069046,0.004479946117210653,0.00021026264577840115,0.7492248861253539,1.1363787383304288e-05,0.2781942525343438,173.87645954017518,0.43892737243510366,28.65728691781501,0.9462016010920277
0.6768109511219709,0.12372463978405779,20.807580491268403,207.81188074601914,4975.42180243557,6.732778510781121,16.296210773502526,0.3297581441850808,0.30597937112895396,0.28086914344261316,2.3775591168419523,0.5957679717897194,0.8986525148350784,0.7002827874530129,1.1143051596254867,1.0396500564688875,0.0005244173379951275,0.004459279963228167,0.00020975423068238396,0.7475955386593819,1.118992555780235e-05,0.2825166571540732,174.71161841343098,0.4401063302856403,28.766101156321376,0.9430316763692038
0.6857670055102046,0.12392741238055902,20.755809291264484,205.0864898699851,5079.917365824844,6.721144226669166,16.33185393642062,0.3282950200983772,0.3044959177667515,0.2784825549807716,2.3901142564929034,0.6014373929554037,0.9027624795043555,0.7011034877594885,1.1141813064844193,1.0378632570069117,0.0005242660859123735,0.004452859079770209,0.0002095687272445294,0.750560979602364,9.779857455630206e-05,0.2830370181960996,174.70580150253025,0.4425493788936777,28.619785971721935,0.9408141998847689
0.686721829830228,0.12604448309554317,21.064441889334656,206.06728217823579,5073.977832028125,6.71962914799216,16.34116999975089,0.33037790089103036,0.29955308215483656,0.2783021068567786,2.3982667864329366,0.5981657468206941,0.9097697279935129,0.6991633581377777,1.1125666771614844,1.0455297484339978,0.0005234976658710848,0.004442687096273403,0.0002104529923594559,0.7573543262088624,0.00011089882307308821,0.2828747327875793,174.9105906360354,0.44394767107882105,28.648706511891998,0.9358873317453149
0.6948279416206439,0.12603112265977748,20.952894745197295,208.28463080195198,5199.258894986065,6.73475666709239,16.25231729014913,0.33052761214390736,0.2995720119153588,0.27429668535855317,2.399381564274057,0.6015288315774648,0.9125745319499102,0.6962999176033364,1.1202584113293834,1.0391740718303242,0.0005239007487998256,0.004443029606686554,0.00021047805395417189,0.7603182172455467,1.6624535644935655e-05,0.28255717085545584,173.65018244722123,0.441815118857889,28.582987099305434,0.9383277376997283
0.6938639562192149,0.12656101002565767,20.71197850126359,207.38822077024867,5154.088687184668,6.721616363442572,16.2363633914188,0.3336617440189593,0.30111363074176567,0.2718726301788354,2.406795231657788,0.5991112040924432,0.9064644570815046,0.6989945388967447,1.1183962884145502,1.0446242161685662,0.0005257008430312686,0.004473430048080586,0.00021121185269371113,0.7605773543441184,2.5110406956584576e-05,0.2874989506686708,172.43909595637035,0.43665081466305755,28.660135323692312,0.9421361336292893
0.696157329635806,0.12495537740402068,20.729401931742455,208.89385842129477,5165.869133666687,6.68830779533605,16.291771035595072,0.33477214089470325,0.30217342506934863,0.26924381430040106,2.403577532902019,0.6004727392262952,0.9114923762006477,0.6978798266082439,1.1192211508252052,1.0454957401838199,0.0005306237137832296,0.004496538413268879,0.00021147166025722815,0.7622343471573062,5.588852663627062e-05,0.2825630764571106,173.5094384796804,0.4319705070170295,28.563514889003507,0.9363988586898413
0.7009670324166312,0.12282170285320475,20.87698369810155,207.55985828662412,5360.28908735043,6.650042901996997,16.232118376444653,0.33781574842363393,0.30126396403834166,0.2713921303559488,2.410878463225245,0.6068426567761627,0.9125223814705035,0.7018218295568914,1.1188032269608692,1.0434605663201324,0.0005305584351234316,0.0045041090519130035,0.0002121593574429196,0.7635118053755473,4.269250936125126e-06,0.2864521623038934,174.77263849681057,0.43561257821565635,28.51655718457875,0.933858863189921
0.7057785170056764,0.12603194766291334,20.906954882559205,203.2156051285675,5189.69582036521,6.645996155303774,16.075462197568065,0.3369072662111195,0.3013093546934529,0.268238020559003,2.4164294464935088,0.6067246725140504,0.9160856248393404,0.7003187827448553,1.1270635055870772,1.0420453181124352,0.0005267101482864313,0.004493522394203626,0.00021120487568442384,0.7621604092493913,7.756479760860321e-07,0.29370062563498056,174.71917305481762,0.43061159935061777,28.767114561206863,0.9366498170492956
0.7115329778259908,0.12355715002531319,20.83317417002096,204.9435200177958,5276.876792643491,6.692175243708061,16.061034746755954,0.3369151822250839,0.2999772466984365,0.2639377145435835,2.4124508915662237,0.6052604514918697,0.9288592548090298,0.7052772655472375,1.131291472447706,1.0452119722556557,0.0005233098332676445,0.004499484434178864,0.00021163776628517708,0.7623245436344788,2.5682563797486e-05,0.3013234396797861,173.0330368751668,0.43881539055550406,28.84385669342308,0.9310053785319542
0.7184783044858564,0.12219598835140669,20.96673643782835,201.97274361921595,5208.541115213031,6.692425205515966,16.06145766018437,0.3389375345102799,0.3010930112874421,0.2627551733067536,2.4118770874130484,0.6052825984535094,0.9276084985549241,0.7042339435651883,1.1289967629988038,1.0466686042972604,0.0005239933709416462,0.0044675164381907185,0.00021197663585404496,0.7590405744343187,0.00022363801859079805,0.2988905095613262,174.71462333720135,0.43000846840915363,28.861443485989764,0.922985614263488
0.7188835157186361,0.11976499770527282,21.08844944272962,202.4949754891579,5306.0029355444185,6.745913312227416,16.05203127262961,0.3398198015163149,0.3011224502672858,0.2650613556434659,2.3990998409968216,0.6037285608273051,0.9274207349701268,0.703875253986643,1.124649512203567,1.0570797173938256,0.0005215504305241814,0.004500944197812811,0.00021225079040869724,0.7589297879563945,0.00016472371995938416,0.2984266616201329,175.52787817697234,0.434969897747308,28.691974658779923,0.9230372224327376
0.7181358748314336,0.11484336273627584,21.201122132972067,204.89098817431292,5414.673187859922,6.734330667737282,16.078308146028935,0.34404413397816636,0.3008841757709902,0.26308742081024605,2.3928026679810683,0.60122655856285,0.9237141951052923,0.6992740141786608,1.1160078942060527,1.0572184141523775,0.0005227805881788813,0.004493728807055994,0.00021103936775972615,0.7603575618660373,5.888498504504042e-06,0.3005870362546287,176.51205038138042,0.4426253946918579,28.633931197557473,0.9207602756015135
0.7189099369194918,0.11334738854206652,21.24328269687842,205.47301302540222,5436.099748564161,6.727669280563393,16.027491994240734,0.34526695156857384,0.3019364055206379,0.2636388304629309,2.3776904716324383,0.6045966994022491,0.9211140110561405,0.6985908923093206,1.114521824905518,1.0631803655403718,0.0005222884462234389,0.0044637600343859895,0.0002101852899180577,0.7595413197543227,2.9644660157135455e-05,0.30488696100253826,177.486977382308,0.443501200478868,28.659424813190853,0.9124319952927415
0.7182450178066296,0.1146530353394258,21.423590382338897,203.2932121423374,5338.786861220419,6.759269718938583,16.028978112949343,0.3463098127147061,0.29919608081755544,0.26065342942755715,2.3689997740021367,0.6043133394934539,0.9217917973761293,0.6952928917422377,1.1136961450040483,1.0661799644408845,0.0005231971663281496,0.004457813683811405,0.00020780259949092184,0.7633952523846084,5.886721023109408e-05,0.3018249794761154,177.0096541884056,0.4437332639012937,28.67186171709288,0.9168985109375067
0.7212391311606943,0.11331430242363552,21.518142202426684,199.68019597339497,5336.827759825989,6.74091921058118,16.009051972304267,0.3476812142827373,0.30305925898923647,0.26661114631120336,2.3727156680478267,0.604849762696819,0.9268016241455778,0.6956080535743644,1.1128226608627143,1.0653646105819363,0.0005242480272905319,0.004416080801841105,0.0002079069268173243,0.7609794658239454,3.819797248957843e-05,0.30148530185355266,177.66391404422959,0.4406866553418944,28.461028083833487,0.9153200055626473
0.7237055403314501,0.114037378615652,21.411708306405576,198.76876029376226,5402.46951405757,6.709588932120871,16.2376299001667,0.34821148410655767,0.30155380012614236,0.2665877775020031,2.377285279694143,0.6022742556172973,0.9245304950396198,0.689636818883726,1.1180204674291985,1.0727578588249815,0.0005272080964540268,0.004351659858506912,0.00020745764423532983,0.7626151011506453,6.110887694651813e-05,0.29986477357036107,176.00251291528426,0.43833591264524085,28.415832395651634,0.9234046156578126
0.7229851969901133,0.116346267801091,21.490370795534968,192.310401758727,5433.601898887113,6.710384792271108,16.30422742206934,0.3466745326066467,0.304641066806668,0.26905853961864323,2.3950720229906897,0.5998673639825574,0.9243956225131623,0.6899633873622592,1.1256768108785458,1.0731225085441247,0.0005229597009945033,0.004353359810551784,0.00020734465636512028,0.7649367420196876,8.269017360297117e-06,0.2911740296653865,175.60149591478725,0.4416983919222412,28.292815053752783,0.9256707603915287
0.7235852892584553,0.11177568269474954,21.55295470808748,194.71923671789764,5456.45271983332,6.708304523687414,16.29420134679603,0.3470777717697695,0.3035841048245998,0.26921724748545467,2.401051414507049,0.5998088702919536,0.9248420793385201,0.6913483380931487,1.1238355459266876,1.0651636226535655,0.0005247439098402354,0.004406957956553539,0.00020813213546327418,0.7689839580772874,1.4262510038235852e-05,0.28830898364900226,175.10980957733986,0.42697897115988204,28.066843033188917,0.9200251817601343
0.7280118557501403,0.10958699759092316,21.750456437481365,194.54354503983177,5428.659840619342,6.707108748572589,16.276168244975047,0.34818553584754686,0.3090007713703446,0.26613794785804945,2.403829584802028,0.5986812921374907,0.9265026694992416,0.6954148054698961,1.1249251827991533,1.0714239538844308,0.0005159478756803093,0.004377611810814738,0.00020750740129024924,0.7699140336350084,0.00010797590512397911,0.2929348334450693,175.66294942366684,0.42826277138026064,28.11338331715086,0.9379840665486613
0.7284105141925195,0.10761563948696952,21.743165123498446,189.56516726190225,5364.056661550922,6.732206898437947,16.234401918367865,0.3462055461550281,0.3108391741079313,0.2638589124759249,2.3986430950808755,0.5966064153118255,0.9266706760271015,0.6916395296464924,1.1260519840003258,1.0689006494531788,0.0005152484316174066,0.00435184136171375,0.000207816510183324,0.7700654627738737,8.2995539895461e-06,0.2936154695948973,176.55338346294783,0.42512714354304293,28.032901237211306,0.9425530555431582
0.7289337689059291,0.10977182920664073,21.633473887792697,190.40515617047254,5170.887784011575,6.769102571564159,16.160942752979782,0.3450468117242527,0.3111299914173878,0.2615934067501152,2.4069298854021755,0.6000451415681408,0.9246784298082651,0.687216864370188,1.1272193513576794,1.063930216498045,0.0005153312903094763,0.004383283186598733,0.00020678287236915836,0.7713146153434165,8.318915879740848e-05,0.29137655381093147,176.7817692667642,0.413890125973549,27.742196827417082,0.9544077745965531
0.7292880227419889,0.11137559576207805,21.56155935834322,192.28352714770557,5305.033021261418,6.778849142429884,16.178260952712694,0.3484392018058974,0.3098527784743395,0.2628541385427658,2.4056041367601337,0.5972329575539204,0.9273578717953752,0.6890301351467805,1.132949441507836,1.0615339889967272,0.0005192991578042904,0.004401743313447612,0.0002055697706672922,0.7699137508953351,2.0524062841065463e-05,0.29367585562640947,177.55126166414945,0.41482581118477596,27.737464389318436,0.9560692970558508
0.725829041681789,0.10752804475922882,21.67224385266845,192.56983909834736,5214.833524872033,6.834944370532871,16.32250686422801,0.35035797722177925,0.30877196621786684,0.26211970834829645,2.389263690981402,0.5952131064238226,0.92410440850553,0.6843847047315776,1.1366709712489373,1.0612335193279359,0.0005250281240314976,0.004418422615945939,0.00020557617854958163,0.7663882722955146,7.247832438024582e-05,0.29165706518419277,175.76798901019507,0.4100411398813424,27.887725405215853,0.9530604651845986
0.7340966054848119,0.10701614938711171,21.577307205444125,188.8193309195192,5240.051501765302,6.827632477201726,16.40089183914301,0.34852846744186283,0.30775469475702816,0.26197778014878553,2.395551360161102,0.5970879800183944,0.9229007497322698,0.6868906341933155,1.1369164024244194,1.0657614320203352,0.0005213182004511826,0.0044147189333033545,0.0002066078838827591,0.7663419252044312,6.982689838177367e-05,0.28707342339699105,176.24102536032007,0.40827132658856113,27.759448429309522,0.949384105092016
0.7328359605365949,0.10938772993194608,21.609313408774565,190.65446475971484,5144.671512976824,6.850135962009559,16.34634353642728,0.3489894169101407,0.3038303689491635,0.26011249252189944,2.381895582627951,0.6020987219619477,0.9207707301719448,0.6805641987521286,1.1319168469932275,1.0582373715492437,0.0005229834831330001,0.004434695320183129,0.0002066186810162992,0.7680633439394078,3.649307972790738e-05,0.2849189612781824,176.28419086368473,0.4081004850185372,27.726832980439184,0.9460962868196987
0.7370703226788513,0.10830667101731567,21.63230483146648,190.4627042421398,5203.87862206926,6.875328806301328,16.15187447919893,0.350398518289011,0.30152573595258353,0.2621685634859282,2.381759187199039,0.6024042249397397,0.9203155884846906,0.6815153508778982,1.1356039616794484,1.0619510130494891,0.0005210747898594538,0.004434372626210112,0.0002069257877904432,0.7601126667301835,8.496438924094049e-05,0.2886121221329227,175.33001662527363,0.41495372401901537,27.950386979088012,0.9440958399125828
0.7316190419428584,0.10944460944033857,21.649426305041963,186.5522147616847,5181.763890152092,6.885748158809462,16.085682138630162,0.35387636284585944,0.29815056390211786,0.26415629397458157,2.3793363393994276,0.6105660794361846,0.9244304928576887,0.683204746066481,1.1302905586708396,1.0574863611875878,0.0005238730174447619,0.004414212814706505,0.00020557698220653836,0.7599318845761319,0.00011011092107416595,0.28827038162142654,175.1442235620072,0.40713513371277543,27.99781964831748,0.9505033128124237
0.7306584533852131,0.10984040527658664,21.450817572786786,192.74272483214983,5073.1023189185635,6.908261190819808,16.079932695256502,0.3524544097361001,0.29688843138338955,0.2646478059653774,2.373270859156917,0.6094168776534149,0.929602438608647,0.6850316456236346,1.1313061587626885,1.070173786741939,0.0005272149092077961,0.004421261565533123,0.0002059203568800957,0.7588353793246986,0.00012690680673454164,0.2930234012830164,176.68913283774927,0.40379102276452605,27.804791515420305,0.9504240431181902
0.7374898385395363,0.11307629589706153,21.61170602295082,194.93116470380966,5043.430796575564,6.961457754728932,15.755841358650738,0.3543378032445499,0.29278318355620847,0.26538946185384693,2.3644549676024997,0.6056546323771951,0.9314893993709308,0.6844489884430611,1.130757325662088,1.0624240496804298,0.0005311150955749691,0.004395686132212445,0.0002064601392540004,0.7617421537313649,9.175809447560304e-05,0.2997103904741559,177.9525628051356,0.40199030208687886,27.821088804641594,0.9532967320422199
0.7426897860100947,0.10986054734876877,21.578201281659975,195.48317638957798,5137.6741191183455,6.913908114971465,15.760560745600845,0.3540710121701846,0.2940131986059992,0.26586767163805713,2.369082066109094,0.6064984363903745,0.9297046778212208,0.6883781110565347,1.1313328147468322,1.067395913482909,0.0005324823572320077,0.004393975655834359,0.0002071180426155282,0.7577569016772151,0.00012127234176977196,0.3024038961071144,177.14550130629044,0.4050391769713501,27.87371498394061,0.9606288630629274
0.7458354172370147,0.10808788412309776,21.50901689716209,191.9194623488638,5093.170052229736,6.9215387550992356,15.696670806831957,0.3543967744172112,0.2963694989602207,0.26382608926039425,2.374125127663696,0.6113129865272837,0.9274692036785473,0.6892714918331917,1.1345722444655848,1.0719568918192357,0.0005385587479845712,0.0043570283937241425,0.00020530054554497186,0.7639239288887353,9.83418698788313e-05,0.30362207466939806,176.63136370756285,0.41056753934436313,28.00983550784857,0.9567410125423106
0.7440970028121863,0.10810484805934466,21.573366147570326,194.2478444012122,5087.365816026924,6.907880627995532,15.78178171060648,0.3536597253130937,0.2933396422747833,0.26728664870688723,2.3663785908069044,0.6142760265420121,0.9261511645117455,0.6899278160190039,1.1363617910155346,1.0698435523233605,0.0005397623814475157,0.0043438560712733155,0.00020456766691661504,0.7626412954483802,7.485863287347553e-05,0.3063615901458729,176.2679098841917,0.4027887661433746,27.65631570631993,0.9569658281022526
0.7434251454777933,0.10396376271363314,21.549645060545426,200.74045856893906,4879.163263779649,6.884503340042139,15.794178686747992,0.35112679230995686,0.2911922697223538,0.27052090295843234,2.3741272054522793,0.6143984683366536,0.9220923482746096,0.6899775017981893,1.1359725137095835,1.0687233354709804,0.0005398904945530725,0.004346599447058947,0.00020354574384938648,0.765434594518559,1.8451512261533732e-05,0.3140365782236613,176.66220752393463,0.40213275879286337,27.920936633811376,0.9537800242851767
0.7500182111833515,0.10420681678246731,21.587639118536615,199.52635671840915,4976.0348100020165,6.86694407355655,15.701262836460904,0.35301549801923926,0.2908050288084449,0.2682103592754416,2.3701006104936195,0.6109553021200016,0.9179836583899521,0.6870663381169319,1.1442012771433117,1.0708451722051964,0.0005423945823868807,0.004312026344129428,0.0002036892664166289,0.7673448712120394,1.3427528254067874e-05,0.3216936684758055,176.1586123372597,0.39629004346590835,27.93257816752113,0.9482669976096804
0.7438719376168313,0.1035126442827696,21.57522262238481,202.0897013087684,4975.860987225955,6.866724445061491,15.64456197828306,0.35373827135033575,0.2904563778190211,0.26863825408468855,2.3774280992138226,0.6100073329810154,0.9169730186560405,0.6857142538857035,1.1458095403166215,1.0744747811151356,0.000540912156175918,0.004321817665694009,0.00020282100007486983,0.7713197545457242,2.6430195407836965e-05,0.31413104687118787,176.58556894562636,0.40011162732831473,28.02722818302007,0.949729745992619
0.7455098781974491,0.10476057931656195,21.668897564462085,201.59827504289123,4855.694555082307,6.87769936706473,15.692027963941197,0.3547145209242466,0.28723572151483984,0.2728983010223832,2.390581091421573,0.6119260571687938,0.9084891486732863,0.6885098942615872,1.1467712558107936,1.0679480004956212,0.0005408855511018474,0.004300812975449805,0.00020169905207402216,0.7826062219065246,1.8657872897071544e-05,0.30749045463934355,175.2936405445173,0.39858852855171517,28.033060067134453,0.9455808849706095
0.7416287192679764,0.10685189324022414,21.86947024022104,200.67664863293757,4963.262102930686,6.793879282779127,15.758563700330994,0.35414283346238795,0.2858080021515471,0.2714055669933404,2.4011359231826312,0.6065136117974633,0.9122973131526422,0.6861908815420014,1.151605777040303,1.0720381938223091,0.0005403172834279261,0.004268117765115803,0.00020172868301469307,0.7824322265106693,4.175588549635822e-06,0.3071903304469213,174.6599525556023,0.39638542824521533,28.001865054710372,0.9486417959902372
0.7468651933023136,0.10643946223194316,21.849923740099115,200.1109078011802,4879.639746118995,6.7538534960626935,15.706612916410334,0.3560788810106834,0.28784782672268977,0.2678970823215155,2.4012617080086227,0.607200603409757,0.9157178580598074,0.6873684843064478,1.1535063729989343,1.0790118914197113,0.0005422974309188142,0.004235903126836352,0.00019970414588710918,0.7881357536046306,2.986182677593471e-05,0.30624889168487607,175.09091536336797,0.3893513132876922,28.10870863533598,0.9511994245775016
0.7479120016166966,0.10401353880150031,22.194221363842562,198.38358220891618,4820.493774484212,6.749212999947399,15.856658095862617,0.3559819068213771,0.28540728482905525,0.26977746013110326,2.3978996496722704,0.6097276056631677,0.9126448452357423,0.691976046644461,1.152900922430257,1.073360069850678,0.0005457679350625506,0.004216295248292221,0.00020024417488021152,0.7957204322999807,0.00013944476754954962,0.30700696411961786,173.34883419567393,0.3813148823324922,28.33747370990974,0.9529024242324149
0.748112103136073,0.10257275087911091,22.337954745907634,195.08258128959707,4903.388522658476,6.766717126113515,16.020400969094688,0.3533819920020647,0.2880789089330599,0.2701888752776067,2.417682769014242,0.6124048976675385,0.9122531282541244,0.6950504484099604,1.1525269906445164,1.0771413812184336,0.0005494824481878886,0.004216292793764319,0.0002016294594358512,0.7883176296383407,0.00014262563444396967,0.29905788825038415,174.07256266596826,0.3781912692851965,28.48339774362026,0.9501610971486205
0.7500252450362055,0.1008199991886841,22.290159164227102,193.09710484068302,5081.548806607202,6.764395410313091,16.02100081498094,0.35642578344383197,0.28850392946189163,0.27162587619701944,2.4134213500202413,0.6101718988701615,0.9162482737336487,0.6944975761674801,1.1609678045944374,1.0822690905719274,0.0005527607230256793,0.004222470164343691,0.0002007372034984233,0.7854968145545794,5.433223599747198e-05,0.2998558644912273,172.06491797491782,0.37268510524516574,28.551241844064787,0.9488413794808732
0.753079002675257,0.0994762656983031,22.16795661230676,191.75412046139488,5006.312928920467,6.763733735914245,16.101417483231216,0.36057497471167127,0.2907788417131351,0.27564723619582576,2.409852735414216,0.6135118008994804,0.9156894316592673,0.6914093558521608,1.1661990075148816,1.0817964351294618,0.000554878447546427,0.0042340473212745845,0.00020170138540948215,0.7831024819525669,6.987658070715078e-05,0.29904460680468936,172.4922368990722,0.36882669978169075,28.404009871294075,0.9528176258002727
0.749654747137549,0.09759616284967101,22.046071077690215,192.3749288085773,4907.038257603648,6.75146935346211,16.0894126851283,0.36090955493074683,0.29050909959356214,0.27931189110270926,2.4085522706155658,0.6100861377512691,0.9116746861829728,0.6921105155711985,1.168309770394431,1.0806110581166395,0.0005503890546793238,0.004214775740403924,0.00020231965490984357,0.78308076604861,2.1041371968898232e-05,0.3050550109223521,172.81464054585493,0.3713377139843908,28.31562021359521,0.9632484356331904
0.7464566696735918,0.10088383226066866,22.049535017928267,193.35477172277353,4917.847620504055,6.756395028928978,16.125942224274592,0.3598320672882739,0.28982638644964165,0.2828557301607321,2.4025953256510424,0.6100497916438631,0.9133246297125386,0.6873022804898739,1.15874064675328,1.082358326825041,0.0005538524799364183,0.0042330532280535115,0.00020411547588921158,0.7829376087739325,3.89033810795993e-05,0.3004122904721553,170.80628510570781,0.37011577159743525,28.4175435440193,0.9637312770074719
0.7491042174545957,0.10066918495011626,22.118002675934477,194.76637793785056,4934.6898898900145,6.77212733362875,16.073565378173974,0.3594000617423425,0.2872395781006853,0.2844339068203599,2.414485016060595,0.6082465535235655,0.9122364626803299,0.6915755402763389,1.1608142690487186,1.074660911466591,0.000554424660236078,0.004199143586921612,0.00020415288658252818,0.782118187573092,4.6668846746808575e-05,0.3023613025737712,170.77784725390674,0.3660258438821795,28.463402296706693,0.9666073354343294
0.7547138873940767,0.10342574708148086,22.29940101803221,190.6105362287719,4880.490840049574,6.759444323809726,16.116594992456672,0.3577367794810258,0.2885948170896023,0.28125458850467483,2.4143888888357976,0.6081663813802742,0.913568851816973,0.693448664176164,1.1607218787298794,1.0759470964295046,0.0005539961622319134,0.004224396704556729,0.00020479329128642243,0.7821891259639646,1.3343935709019149e-05,0.30140358725919364,171.5013283765841,0.36884504394491896,28.313768532524307,0.9649285839508807
0.7489677306485789,0.10358401496464192,22.371655912677106,187.93130861699893,4859.881633021626,6.8040183488928445,16.03096302966652,0.36023364970403465,0.28771997962271634,0.28150317498964617,2.4171679091774894,0.602646288286384,0.9197149070935917,0.6956703266930556,1.1565804816504965,1.0670018021707106,0.0005544763821648165,0.004206361219058859,0.00020516350791879737,0.7847593676174616,3.0204914978892847e-05,0.29284336090412416,173.97816455639745,0.36544755024081965,28.443739694543304,0.9623594539468784
0.7471557048869402,0.10054377413541556,22.269495796894734,180.79304617929674,4776.452562046229,6.801579999624245,15.87776427148546,0.36594713521058175,0.2839498979192246,0.2804266851517344,2.4198055471419186,0.6005079017407672,0.917700826853787,0.6965423058263631,1.158490788992077,1.0667191091499852,0.0005527615487679863,0.004247233947413742,0.00020352295821827803,0.7833729119073105,6.828507208042626e-05,0.286096862594227,174.81743763713746,0.3697931830738358,28.496360500766315,0.955751651367359
0.7511652656186264,0.09851538807678514,22.23496112959828,178.41363092546055,4874.870506058354,6.747207996633413,15.92870081536222,0.36406438702005967,0.29040984231846,0.28029055363313765,2.436154662602679,0.5969643482918036,0.9150331528770214,0.6956687914075963,1.1587888953463314,1.0687742451299396,0.0005543139237228622,0.004251090843510904,0.0002031274724414288,0.7929858719292826,6.840212458483439e-05,0.28379740917650037,174.9980233258138,0.3735561763827057,28.528130261600456,0.9527622833127913
0.7540498924782599,0.1001321484509556,22.258512718829948,174.0570986558549,4739.373602571643,6.774102604902544,15.825454825336278,0.3653633824819774,0.28816039382267705,0.27946169983077923,2.4464696381272972,0.6003816300051756,0.9139255631284213,0.6991710879442682,1.1579712442545425,1.0686928086220844,0.0005521293516414852,0.004241679999748089,0.000201872715574118,0.7909673909787339,5.118521284865711e-06,0.284795100638044,173.64923687026553,0.3775364470249482,28.467747956868028,0.9560653971314916
0.7550346181834146,0.09822541418036292,22.29797372703976,175.49246323547075,4881.077003813155,6.789170143968724,15.76740396088353,0.3650146516784761,0.2860536669166678,0.28197407934622376,2.4490000317474157,0.6037908372723655,0.9161041534660852,0.6931657969003336,1.1519333384559516,1.0744836688647748,0.0005529582770691957,0.00420082154038315,0.00020220776070632978,0.7871508858417492,1.614968336912118e-05,0.2879935422035477,174.684827882483,0.382691771147671,28.35839432586706,0.9651425561422792
0.7535185983234162,0.09800195554961325,22.316391908762576,176.18369867443297,4860.556944047079,6.7458361239243185,15.809556211959906,0.3669140909780871,0.2841581600360803,0.27995736849834985,2.4444974316785606,0.6046380924601383,0.9222095930252436,0.6906873399966178,1.1539364912344143,1.0748739547604877,0.0005521260856707895,0.004236089477173143,0.00020066251110989177,0.7856352263340146,1.284776096772234e-05,0.2908349492355332,176.00884552737293,0.3789715830576354,28.304067081303046,0.9589927558347784
0.7504397387840015,0.10039690944634355,22.376996333225474,179.08182820569024,4755.383874057811,6.674172079184959,16.04354436784527,0.368831981087461,0.28579430800916683,0.2779002285002081,2.4352348991997697,0.605870838691253,0.9218488821461485,0.6928565570291937,1.1551252506496865,1.0866747793452465,0.0005477382610760345,0.004279584334932472,0.00019735191555612773,0.7830803062617342,5.9266643852277684e-05,0.288968748459877,177.33510861002654,0.37905605674677184,28.178027034860865,0.9606455205192109
0.7487830504024812,0.09856667412477421,22.397642016753082,179.84430555878748,4743.504769027626,6.672408324371785,15.916253396079888,0.36733994238686396,0.2842237053938221,0.27886719172325625,2.4366066080465925,0.6039908634040134,0.9155566412241775,0.7006291593930382,1.1445785362132928,1.0915610941880618,0.0005485563042435426,0.004295647537080872,0.00019663677232656555,0.7897408609866687,1.3701783355391658e-05,0.2846839951408501,178.43984908883354,0.37662491592223624,28.515528385205865,0.9654387651692469
0.7531936729576019,0.09738632718147182,22.469830909248028,172.8365173707481,4754.379528190828,6.654281714637809,15.846033188380362,0.36643781465400527,0.28313008122050776,0.27800372875220963,2.4309371357931697,0.6083525203757343,0.9171256863991305,0.6973259360135357,1.1457277734583131,1.0837104589036821,0.0005501713306726745,0.004276450778992424,0.0001962268527047558,0.7955271882094882,1.237165724316381e-05,0.2793010148362513,177.99391967403895,0.3739651717387282,28.638787572678655,0.9595082477548802
0.7486189662144175,0.09334033276458382,22.566361775944415,174.12391137254687,4852.807922235237,6.664000227959168,15.974561167237914,0.36708656131724077,0.2864841462335954,0.2801423747866431,2.433364023883785,0.6065313507831983,0.9203023234841076,0.6948630447282619,1.1403857149636965,1.0834606354590153,0.0005451033117412166,0.00430690608295189,0.00019577930144255447,0.7955564823948572,8.18702758819656e-06,0.2790375515458425,179.06713977850774,0.3722329084527725,28.57005562304676,0.9528562351238337
0.7532878360112498,0.09524606032758964,22.802137432353867,174.92452576682035,4719.03842051146,6.622625099247148,15.810970888285956,0.3703829983615625,0.2869960983471497,0.27729237222894076,2.432888252792872,0.6011380665591446,0.9225695037993457,0.6946953394387287,1.1396722917269293,1.0808721694915813,0.000543643965249775,0.0042498102529900245,0.0001972437233955798,0.7961507236146782,5.7671066961256686e-05,0.2860396900449779,178.37854036469227,0.37199607013933855,28.622036275065437,0.954743889148563
0.7498312756272144,0.09291425575706098,22.914687484404553,175.51778437908746,4815.785899492101,6.6544113538646075,15.748796628939889,0.37038075131313813,0.2872735266712367,0.27593801836790255,2.4345952301679965,0.596308613072715,0.9211430372140523,0.6966298381930831,1.1331767785062874,1.0762537634156608,0.0005462832035527178,0.0042153739206617896,0.0001985776903538556,0.7901785843511033,1.8193474093936045e-05,0.2858745550126458,178.87632076180657,0.36768263363759573,28.61845037768223,0.9600829671288642
0.752662190701713,0.09272535926087959,22.82078387202913,178.1327036590575,4903.843880030014,6.6438464629671055,15.681596436866304,0.36902267906130876,0.28609284619958686,0.2774917949345177,2.43847145996263,0.5968995988768118,0.9309951187311161,0.6921094597841738,1.1291677377510674,1.079932400301202,0.0005452764951730226,0.004185072401405172,0.0001986196285489486,0.7921456639221016,4.254554855365684e-05,0.2857616473358788,178.90992627908793,0.36534867476041905,28.706852879381902,0.9651214359422682
0.7503833715193041,0.09250106916072841,22.817414542623787,179.55076302024932,4863.865218649902,6.6245676816440575,15.766293796186133,0.368299398343859,0.28578448201925644,0.27930201698810037,2.4396060747714006,0.5962014020259406,0.9314639455078265,0.692389981694987,1.132654088058197,1.0838267435028774,0.0005478380543442072,0.004205364059306964,0.00019807854198770246,0.7893516243002293,9.454993869385114e-07,0.2919162084493005,178.43441155818522,0.36498138149923937,28.753375850245195,0.9685153341552167
0.7549124085825092,0.08979962107581153,22.99056810654404,179.92235902515645,4844.722882488229,6.67203333727882,15.680181519574026,0.36695085879945555,0.2873294991060779,0.27804833067863094,2.4499991139224377,0.5955738739268406,0.9301730697173499,0.6960036654552036,1.13615310493879,1.080775340678478,0.0005495266658669902,0.004128903607321198,0.0001996568414020371,0.7868968493493962,1.9131764456687727e-05,0.2932327669708058,179.89536024949714,0.36510828144651003,28.74613314302195,0.9675719500919535
0.7581790967347376,0.08925007724235001,22.86502435242117,175.2252202612445,4949.761634269733,6.675219682924515,15.697339564910221,0.3649372235954933,0.28893156422969435,0.2782755535297131,2.4556742779335536,0.5955037357053465,0.9276953209375546,0.6967405975228517,1.1406271120191473,1.0823464429216885,0.0005486682354320067,0.004065546732158656,0.0002013341851124752,0.7881132204162311,6.075683129075163e-07,0.28858821285994946,179.26276515748143,0.36707479924293346,28.72614181507006,0.97460149276963
0.754170308651049,0.08905960424219565,22.928079784834367,176.35141602161326,4947.854363667117,6.726315824166217,15.67137864723735,0.3650689611980516,0.2901100413014654,0.279138474805625,2.466746869844011,0.5929179308313494,0.9270273247540082,0.6947350038838783,1.149014562645019,1.0834022030653498,0.000546772290387003,0.00407979759741141,0.000199883139401919,0.7902324389247054,2.2197718329158493e-05,0.2822734111007365,179.54210179667976,0.36268304762723963,28.699301387946115,0.9715878920951284
0.7518530863802527,0.08822558280813093,23.099205834777354,175.51927101669125,4800.260395490677,6.727573222638733,15.887204321734911,0.36095861719779154,0.29006792479086885,0.2808647844797479,2.466723193873131,0.5875192530290786,0.9265874685143233,0.6995438288149946,1.1532035796567457,1.076972406153596,0.0005409797712006065,0.004098620917443354,0.00019966902968718612,0.7836865913966398,3.428516075245184e-05,0.2890230989203067,178.59445601125645,0.36078514981244114,28.789087955275022,0.9579013754381588
0.7503609127257126,0.08963795461549443,23.211945438095828,176.18618448826348,4877.26965358655,6.726383320395856,15.97767777915648,0.3587163662533959,0.28881430265737246,0.2817473884441419,2.460311325620347,0.5913121761082872,0.9273207919184572,0.6991494294595288,1.1540192154994529,1.0760293224252908,0.000540143633636511,0.004089001712377955,0.00019811112574276584,0.7836932915875863,4.055121887443949e-05,0.2856772397871863,178.75050910383004,0.35363163218839117,28.97159823642323,0.9582077673257823
0.7595853327493698,0.09212310957195446,23.30618999103354,174.61399518108777,4763.913078212368,6.6915837008964685,16.001081824966004,0.35930026715415114,0.2895344244983069,0.2804276122073413,2.451592577627158,0.5912339635632252,0.9285982680662893,0.6959653228128724,1.1528433274424585,1.072268600870161,0.0005414200957900568,0.004091508627348253,0.00019914529464820752,0.7819100976485193,3.321231997142758e-05,0.28678610648755526,177.69788262823016,0.35041164084468407,28.875420498676245,0.9562525920351399
0.7575934725368062,0.09143788449960431,23.459353500785454,170.73951270893477,4871.303477130815,6.671119269764544,16.032136859669638,0.3590213385377499,0.29019259164936506,0.2773180569705524,2.4579379106473187,0.5901796384025932,0.9360551969835048,0.6920821299740686,1.1483999726828422,1.0753802286955947,0.0005372232233849696,0.004137233514875825,0.00020028883176901542,0.7874685619683158,4.0004206290871875e-05,0.2848719803060478,175.85832047339517,0.3465951765413312,28.895082771635227,0.9516739960139879
0.7634707017429826,0.09022144743672844,23.38029006675711,170.42756773935213,4868.503900710673,6.681293426759592,16.054924451423048,0.3572659533766004,0.28886553915416086,0.28054218858117713,2.457588499751635,0.5891114334531006,0.9352150194421258,0.6899285946730092,1.1513663861830825,1.0623201953399986,0.0005377092910549321,0.0041137105145998155,0.00019959125041030495,0.7896873293140261,2.8279228007769266e-05,0.2878601666751187,174.4384133536404,0.34108634301231405,28.72907448906143,0.9574304747864839
0.7642340009381484,0.08879476938337215,23.246512589930752,168.29368465958123,4891.573685535243,6.700351690523507,16.05250263061995,0.3564109745552511,0.289089289955939,0.2817813812102222,2.4644941423392517,0.5873924862566197,0.9343533139370214,0.6841966338083613,1.1475471451368864,1.0690635784889597,0.000544417687751121,0.004088779739104828,0.00019923171528524408,0.7975400492972643,5.784374969624279e-05,0.28288221010619297,174.79063485231285,0.3433373190059205,28.75291506232476,0.9593002382711209
0.7627707350072781,0.08641829717423989,23.23637326082385,168.75853498066695,4907.644947674719,6.7088605031866235,16.11390297784516,0.3562144979639102,0.2902320572590446,0.2793383230404132,2.4748842164038876,0.5895905254717788,0.9290420031402913,0.6820301121866599,1.1508602050597148,1.0642209108285685,0.000547307589703563,0.004093213540463923,0.00019850691420386657,0.799464300806393,0.00010914704215293756,0.2804101998909508,175.0180226697461,0.34526310110635255,28.86631620395996,0.9556686201409631
0.7563590963646347,0.0882601677214196,23.23707659378892,167.73905776305295,4858.845733047565,6.715473803812332,15.996019862086698,0.3545248153351863,0.2920757959729606,0.27640062387319947,2.4703071131103123,0.5836065756147394,0.9255223525046501,0.6899979426384285,1.1581531116323849,1.0662696913794785,0.0005480046989622243,0.004081750960332512,0.00020027008948596595,0.8027055885852856,2.2807647287452588e-05,0.2764468227028678,176.73881610062645,0.3455138957100271,29.003748176582715,0.9572758161905028
0.7572561848687943,0.08400337863548538,23.230515515114377,171.1265408006916,4816.999921452779,6.699014296404189,16.032285420740784,0.35699555550354134,0.2913607668198274,0.2783117624762568,2.473648920272319,0.5822093661794674,0.9248057263807982,0.6892975735870437,1.159878295253514,1.0681596096739119,0.000547457831040259,0.004030245367481268,0.00020003455690522788,0.8067951155078456,4.384774426367829e-05,0.28131534914895456,176.71795996382428,0.34189267807664103,28.95787252621063,0.9613347116231197
0.761345271330185,0.08246071310188945,23.310243066611882,167.87559291068416,4806.734129019859,6.711487244997932,15.866066668369019,0.3585312244098484,0.2901347235409078,0.27652718756843003,2.4907452536647408,0.5819785161842959,0.9248565148268558,0.6864408050853305,1.155167123231544,1.069391803953121,0.000550888898324424,0.004022889209841195,0.00019957394746273938,0.804191261182634,2.943008304095754e-05,0.2788578093583679,177.3584109974637,0.34275505860934735,28.92737373292715,0.9665989238720121
0.7560686328968645,0.07920117702585164,23.26394070998374,165.6522730171352,4880.809339069773,6.664122247472081,15.956300544789025,0.35753340943592127,0.28814061225876436,0.2748831884414128,2.4694840076402502,0.5815189432666334,0.9199497692060641,0.6844817299837821,1.1481217355190136,1.066484621052579,0.0005533851662060084,0.004077657472396399,0.00019858447791777975,0.8081078261806243,1.0832455665398467e-05,0.2723439832344149,176.27385017638332,0.34456000195836867,28.727964358250873,0.9657768021980861
0.76130302367617,0.08120427484287711,23.382161742457598,158.93314356896005,4752.8673648561435,6.664431680085281,16.01792694964932,0.3528420632662467,0.2867880528825545,0.2755907445096479,2.469513139109466,0.5801400506581016,0.9243411438378029,0.681944150591968,1.1581080565642434,1.0656024945966802,0.0005483462830458129,0.004112333250313663,0.0001971732830811939,0.8024316165231885,3.8074781087219496e-05,0.26587202870264887,175.79279819766953,0.33737225959303724,28.340450285582847,0.9629986872764401
0.7617152872683789,0.0833732280724393,23.379263204319855,158.21892392497946,4771.4269813003275,6.642706090704469,16.019026297242533,0.35136887242750997,0.28923713333489703,0.27628367011073857,2.468676620975629,0.5829214620285547,0.9208791580217232,0.6856336486687776,1.1638105037676512,1.0665729307775742,0.0005453715326378904,0.004077408052721517,0.00019734830542104712,0.7989995284470037,4.716559242884905e-05,0.2676403788476707,175.17598960945966,0.33943434713498577,28.280685431699535,0.960509091018655
0.7632288895348324,0.08197648101644947,23.368440934575176,161.26909209741112,4838.96819773352,6.683112754499193,16.072738438864928,0.3506644536735756,0.28889804015713627,0.2762431248418585,2.460806257823537,0.5829184596715331,0.919033508362785,0.6854937205523044,1.1671423042188287,1.0654393897081582,0.0005480353073320524,0.0040696246126444065,0.00019725192877720192,0.7994537934768426,1.5295748935584646e-05,0.26860812547758406,174.6872028782827,0.3460984572919232,28.32411991121635,0.9624625893265868
0.7636866603490584,0.07953777833575372,23.450170183238725,160.78686897417612,4957.0425509539255,6.684199544194654,16.024572714714303,0.3507523658349731,0.2878003245183191,0.27972785830948904,2.4492703267188407,0.579641499703315,0.917243636461727,0.6866949621768471,1.1666186747677427,1.0634353499827423,0.0005498149935859451,0.004072599188844606,0.00019765352071578524,0.7924762772818973,1.986009936536151e-05,0.2675637505602923,174.46922161324267,0.34691775805444025,28.22243025990833,0.9567416723662598
0.7673250012676759,0.07660678060323568,23.458099785991898,162.98476168871386,4861.4257744075485,6.705663912232803,15.974171475150406,0.35126753925816717,0.2883726938129558,0.27841081018230207,2.4457221686161734,0.5728630267560495,0.9144301492364046,0.6855925310803509,1.1682585205844458,1.0610514840012852,0.0005478440488262394,0.004094326965416509,0.00019742422181421684,0.7892574225522929,1.4770689201231546e-05,0.273142353864475,174.10152008264808,0.3416846723540257,28.478635621527886,0.9526878070423782
0.7640384396139874,0.07411781418720245,23.57622733194252,161.14987014340636,4903.166276756223,6.713018567987466,16.026405763902847,0.3469281926016067,0.2905057286105657,0.28187697173464027,2.4295633305467508,0.5734512609617596,0.9101511605398195,0.6838947335216797,1.1685015548324404,1.0607586541528469,0.0005513176353283745,0.004106750097952126,0.0001987917984272584,0.7854282425982193,4.3822127712718386e-05,0.26966097469899847,174.05998099204675,0.3423643563240639,28.21557103526095,0.9514633929499013
0.765790996767655,0.07630033012149127,23.512981787763827,162.07357403945494,4980.436157247542,6.700592900959059,16.06714752388247,0.3447351097802535,0.28995340951148174,0.2827551743172225,2.423386676735345,0.5730298001430577,0.9134460549469969,0.6856140090813723,1.1679956722546514,1.0585418291799629,0.0005538312052010077,0.004049179492922159,0.00019824585912786306,0.783668286994847,1.7351408997543614e-05,0.26725180173271756,174.50866505275403,0.34153478175053636,28.217835225864647,0.9604986996275814
0.7622156991983824,0.07441937739468593,23.559552440631684,160.23203819065427,5031.6418045553255,6.709826355495399,16.095025385077985,0.3447327291835308,0.2904011274458378,0.2830430532021912,2.4248752452477516,0.5720421266974364,0.9147757051495918,0.6845649453896712,1.1680248995708589,1.0569830226685122,0.0005547161504509987,0.0040918788283258395,0.0001964479646217003,0.779408644817819,5.2693933788699785e-05,0.26505837244861247,173.64050942636132,0.3418354988915735,28.31679634370431,0.9570949183576473
