treatment,day,DOMaddition,DOM,bact_DOM,bact,fungi,respSubstrate,baselineResp,respSoil,POM,MAOMs,MAOMp,MAOM
control,0,0.00,23.43,106.50,391.39,102.32,0.00,0.65,0.65,16.29,21.14,10.57,31.71
control,1,0.00,46.41,101.74,359.60,98.53,0.00,0.74,64.92,15.05,20.86,10.55,31.41
control,2,0.00,63.94,100.88,330.39,94.88,0.00,0.69,104.43,13.08,20.37,10.52,30.89
control,3,0.00,77.36,102.59,303.56,91.35,0.00,0.64,126.39,10.75,19.72,10.48,30.20
control,4,0.00,87.58,105.99,278.90,87.95,0.00,0.61,136.52,8.33,18.93,10.43,29.36
control,5,0.00,95.22,110.51,256.25,84.66,0.00,0.58,138.65,6.03,17.98,10.36,28.34
control,6,0.00,100.75,115.72,235.43,81.49,0.00,0.55,135.37,3.99,16.86,10.28,27.15
control,7,0.00,104.57,121.31,216.30,78.42,0.00,0.53,128.54,2.33,15.55,10.18,25.73
control,8,0.00,106.96,127.03,198.72,75.46,0.00,0.51,119.53,1.13,14.02,10.06,24.08
control,9,0.00,108.19,132.70,182.56,72.60,0.00,0.49,109.34,0.42,12.28,9.90,22.18
control,10,0.00,108.48,138.17,167.71,69.84,0.00,0.47,98.72,0.11,10.42,9.71,20.13
control,11,0.00,108.01,143.31,154.06,67.17,0.00,0.46,88.19,0.02,8.61,9.50,18.11
control,12,0.00,106.95,148.06,141.52,64.60,0.00,0.44,78.14,0.00,6.99,9.28,16.27
control,13,0.00,105.45,152.35,130.00,62.12,0.00,0.43,68.79,0.00,5.59,9.05,14.63
control,14,0.00,103.61,156.14,119.41,59.72,0.00,0.42,60.28,0.00,4.39,8.80,13.20
control,15,0.00,101.54,159.43,109.68,57.42,0.00,0.41,52.65,0.00,3.39,8.55,11.94
control,16,0.00,99.30,162.20,100.74,55.20,0.00,0.40,45.89,0.00,2.56,8.29,10.85
control,17,0.00,96.95,164.46,92.53,53.06,0.00,0.39,39.93,0.00,1.89,8.02,9.91
control,18,0.00,94.54,166.23,84.98,51.00,0.00,0.38,34.73,0.00,1.35,7.73,9.08
control,19,0.00,92.11,167.54,78.05,49.02,0.00,0.37,30.19,0.00,0.93,7.43,8.37
control,20,0.00,89.68,168.41,71.68,47.11,0.00,0.36,26.23,0.00,0.62,7.13,7.75
control,21,0.00,87.27,168.87,65.83,45.28,0.00,0.35,22.80,0.00,0.40,6.81,7.21
control,22,0.00,84.90,168.95,60.46,43.51,0.00,0.35,19.81,0.00,0.25,6.49,6.74
control,23,0.00,82.57,168.68,55.53,41.82,0.00,0.34,17.20,0.00,0.16,6.18,6.34
control,24,0.00,80.29,168.10,51.00,40.19,0.00,0.33,14.94,0.00,0.10,5.89,5.99
control,25,0.00,78.07,167.23,46.83,38.62,0.00,0.32,12.97,0.00,0.06,5.62,5.69
control,26,0.00,75.92,166.10,43.01,37.12,0.00,0.31,11.26,0.00,0.04,5.38,5.43
control,27,0.00,73.82,164.73,39.50,35.67,0.00,0.30,9.77,0.00,0.03,5.17,5.20
control,28,0.00,71.79,163.17,36.28,34.28,0.00,0.30,8.48,0.00,0.02,4.98,5.01
control,29,0.00,69.81,161.42,33.32,32.95,0.00,0.29,7.36,0.00,0.02,4.82,4.84
control,30,0.00,67.90,159.51,30.60,31.66,0.00,0.28,6.38,0.00,0.01,4.68,4.69
control,31,0.00,66.05,157.46,28.10,30.43,0.00,0.28,5.53,0.00,0.01,4.55,4.57
control,32,0.00,64.25,155.29,25.81,29.24,0.00,0.27,4.79,0.00,0.01,4.45,4.46
control,33,0.00,62.51,153.02,23.70,28.10,0.00,0.26,4.14,0.00,0.01,4.36,4.37
control,34,0.00,60.82,150.67,21.77,27.01,0.00,0.26,3.58,0.00,0.01,4.28,4.29
control,35,0.00,59.18,148.24,19.99,25.96,0.00,0.25,3.08,0.00,0.01,4.21,4.22
control,36,0.00,57.59,145.75,18.36,24.94,0.00,0.24,2.64,0.00,0.01,4.16,4.16
control,37,0.00,56.05,143.21,16.86,23.97,0.00,0.24,2.26,0.00,0.01,4.11,4.12
control,38,0.00,54.55,140.64,15.48,23.04,0.00,0.23,1.92,0.00,0.01,4.07,4.08
control,39,0.00,53.10,138.04,14.22,22.14,0.00,0.22,1.61,0.00,0.01,4.04,4.04
control,40,0.00,51.68,135.41,13.06,21.28,0.00,0.22,1.35,0.00,0.01,4.01,4.02
control,41,0.00,50.31,132.78,11.99,20.45,0.00,0.21,1.11,0.00,0.01,3.99,4.00
control,42,0.00,48.98,130.14,11.01,19.65,0.00,0.21,0.90,0.00,0.01,3.97,3.98
control,43,0.00,47.68,127.51,10.12,18.89,0.00,0.20,0.72,0.00,0.01,3.96,3.97
control,44,0.00,46.42,124.88,9.29,18.15,0.00,0.20,0.55,0.00,0.01,3.95,3.96
control,45,0.00,45.19,122.26,8.53,17.44,0.00,0.19,0.40,0.00,0.01,3.95,3.96
control,46,0.00,44.00,119.66,7.84,16.76,0.00,0.19,0.27,0.00,0.01,3.95,3.96
control,47,0.00,42.84,117.09,7.20,16.11,0.00,0.18,0.18,0.00,0.01,3.95,3.96
control,48,0.00,41.71,114.53,6.61,15.48,0.00,0.18,0.18,0.00,0.01,3.95,3.96
control,49,0.00,40.61,112.00,6.07,14.88,0.00,0.17,0.17,0.00,0.01,3.95,3.96
control,50,0.00,39.55,109.50,5.57,14.30,0.00,0.17,0.17,0.00,0.01,3.95,3.96
control,51,0.00,38.51,107.03,5.12,13.74,0.00,0.16,0.16,0.00,0.01,3.95,3.96
control,52,0.00,37.49,104.59,4.70,13.21,0.00,0.16,0.16,0.00,0.01,3.95,3.96
control,53,0.00,36.51,102.19,4.32,12.69,0.00,0.15,0.15,0.00,0.01,3.95,3.96
control,54,0.00,35.55,99.82,3.97,12.20,0.00,0.15,0.15,0.00,0.01,3.95,3.96
control,55,0.00,34.62,97.50,3.64,11.72,0.00,0.15,0.15,0.00,0.01,3.95,3.96
control,56,0.00,33.71,95.21,3.34,11.26,0.00,0.14,0.14,0.00,0.01,3.95,3.96
control,57,0.00,32.82,92.95,3.07,10.83,0.00,0.14,0.14,0.00,0.01,3.95,3.96
control,58,0.00,31.96,90.74,2.82,10.40,0.00,0.14,0.14,0.00,0.01,3.95,3.96
control,59,0.00,31.12,88.57,2.59,10.00,0.00,0.13,0.13,0.00,0.01,3.95,3.96
control,60,0.00,30.30,86.44,2.38,9.61,0.00,0.13,0.13,0.00,0.01,3.95,3.96
control,61,0.00,29.50,84.35,2.19,9.23,0.00,0.12,0.12,0.00,0.01,3.95,3.97
control,62,0.00,28.73,82.30,2.01,8.88,0.00,0.12,0.12,0.00,0.01,3.95,3.97
control,63,0.00,27.97,80.29,1.84,8.53,0.00,0.12,0.12,0.00,0.02,3.95,3.97
control,64,0.00,27.24,78.33,1.69,8.20,0.00,0.11,0.11,0.00,0.02,3.95,3.97
control,65,0.00,26.52,76.40,1.56,7.88,0.00,0.11,0.11,0.00,0.02,3.95,3.97
control,66,0.00,25.83,74.51,1.43,7.57,0.00,0.11,0.11,0.00,0.02,3.95,3.97
control,67,0.00,25.15,72.67,1.31,7.28,0.00,0.11,0.11,0.00,0.02,3.95,3.97
control,68,0.00,24.49,70.86,1.21,6.99,0.00,0.10,0.10,0.00,0.02,3.95,3.97
control,69,0.00,23.84,69.09,1.11,6.72,0.00,0.10,0.10,0.00,0.02,3.95,3.97
control,70,0.00,23.22,67.36,1.02,6.46,0.00,0.10,0.10,0.00,0.02,3.95,3.97
control,71,0.00,22.61,65.67,0.93,6.21,0.00,0.10,0.10,0.00,0.02,3.95,3.97
control,72,0.00,22.01,64.02,0.86,5.97,0.00,0.09,0.09,0.00,0.02,3.95,3.97
control,73,0.00,21.43,62.41,0.79,5.73,0.00,0.09,0.09,0.00,0.02,3.95,3.97
control,74,0.00,20.87,60.83,0.72,5.51,0.00,0.09,0.09,0.00,0.02,3.95,3.97
control,75,0.00,20.32,59.29,0.67,5.30,0.00,0.09,0.09,0.00,0.02,3.95,3.97
control,76,0.00,19.79,57.79,0.61,5.09,0.00,0.08,0.08,0.00,0.02,3.95,3.97
control,77,0.00,19.27,56.32,0.56,4.89,0.00,0.08,0.08,0.00,0.02,3.95,3.97
control,78,0.00,18.76,54.88,0.52,4.70,0.00,0.08,0.08,0.00,0.02,3.95,3.97
control,79,0.00,18.27,53.48,0.47,4.52,0.00,0.08,0.08,0.00,0.02,3.95,3.97
control,80,0.00,17.79,52.12,0.44,4.34,0.00,0.07,0.07,0.00,0.02,3.95,3.97
control,81,0.00,17.32,50.78,0.40,4.17,0.00,0.07,0.07,0.00,0.02,3.95,3.97
control,82,0.00,16.86,49.48,0.37,4.01,0.00,0.07,0.07,0.00,0.02,3.95,3.97
control,83,0.00,16.42,48.21,0.34,3.85,0.00,0.07,0.07,0.00,0.02,3.95,3.97
control,84,0.00,15.99,46.97,0.31,3.70,0.00,0.07,0.07,0.00,0.02,3.95,3.97
control,85,0.00,15.57,45.76,0.29,3.56,0.00,0.07,0.07,0.00,0.02,3.95,3.97
control,86,0.00,15.16,44.58,0.26,3.42,0.00,0.06,0.06,0.00,0.02,3.95,3.97
control,87,0.00,14.76,43.43,0.24,3.29,0.00,0.06,0.06,0.00,0.02,3.95,3.97
control,88,0.00,14.37,42.31,0.22,3.16,0.00,0.06,0.06,0.00,0.02,3.95,3.97
control,89,0.00,13.99,41.22,0.20,3.04,0.00,0.06,0.06,0.00,0.02,3.95,3.97
control,90,0.00,13.63,40.15,0.19,2.92,0.00,0.06,0.06,0.00,0.02,3.95,3.97
control,91,0.00,13.27,39.11,0.17,2.81,0.00,0.06,0.06,0.00,0.02,3.95,3.97
control,92,0.00,12.92,38.10,0.16,2.70,0.00,0.05,0.05,0.00,0.02,3.95,3.97
control,93,0.00,12.58,37.11,0.15,2.59,0.00,0.05,0.05,0.00,0.02,3.95,3.97
control,94,0.00,12.25,36.15,0.13,2.49,0.00,0.05,0.05,0.00,0.02,3.95,3.97
control,95,0.00,11.93,35.21,0.12,2.39,0.00,0.05,0.05,0.00,0.02,3.95,3.98
control,96,0.00,11.61,34.29,0.11,2.30,0.00,0.05,0.05,0.00,0.02,3.95,3.98
control,97,0.00,11.31,33.40,0.11,2.21,0.00,0.05,0.05,0.00,0.02,3.95,3.98
control,98,0.00,11.01,32.53,0.10,2.13,0.00,0.05,0.05,0.00,0.02,3.95,3.98
control,99,0.00,10.72,31.69,0.09,2.04,0.00,0.04,0.04,0.00,0.02,3.95,3.98
control,100,0.00,10.44,30.86,0.08,1.96,0.00,0.04,0.04,0.00,0.02,3.95,3.98
control,101,0.00,10.17,30.06,0.08,1.89,0.00,0.04,0.04,0.00,0.02,3.95,3.98
control,102,0.00,9.90,29.27,0.07,1.81,0.00,0.04,0.04,0.00,0.02,3.95,3.98
control,103,0.00,9.64,28.51,0.06,1.74,0.00,0.04,0.04,0.00,0.02,3.95,3.98
control,104,0.00,9.39,27.77,0.06,1.68,0.00,0.04,0.04,0.00,0.02,3.95,3.98
control,105,0.00,9.14,27.04,0.05,1.61,0.00,0.04,0.04,0.00,0.02,3.95,3.98
control,106,0.00,8.90,26.34,0.05,1.55,0.00,0.04,0.04,0.00,0.02,3.95,3.98
control,107,0.00,8.67,25.65,0.05,1.49,0.00,0.04,0.04,0.00,0.02,3.95,3.98
control,108,0.00,8.44,24.98,0.04,1.43,0.00,0.04,0.04,0.00,0.02,3.95,3.98
control,109,0.00,8.22,24.33,0.04,1.37,0.00,0.03,0.03,0.00,0.02,3.95,3.98
control,110,0.00,8.01,23.69,0.04,1.32,0.00,0.03,0.03,0.00,0.02,3.95,3.98
control,111,0.00,7.80,23.07,0.03,1.27,0.00,0.03,0.03,0.00,0.02,3.95,3.98
control,112,0.00,7.59,22.47,0.03,1.22,0.00,0.03,0.03,0.00,0.02,3.95,3.98
control,113,0.00,7.39,21.88,0.03,1.17,0.00,0.03,0.03,0.00,0.02,3.95,3.98
control,114,0.00,7.20,21.31,0.03,1.13,0.00,0.03,0.03,0.00,0.02,3.95,3.98
control,115,0.00,7.01,20.75,0.03,1.08,0.00,0.03,0.03,0.00,0.02,3.95,3.98
control,116,0.00,6.83,20.21,0.02,1.04,0.00,0.03,0.03,0.00,0.02,3.95,3.98
control,117,0.00,6.65,19.68,0.02,1.00,0.00,0.03,0.03,0.00,0.02,3.95,3.98
control,118,0.00,6.48,19.17,0.02,0.96,0.00,0.03,0.03,0.00,0.02,3.95,3.98
control,119,0.00,6.31,18.67,0.02,0.93,0.00,0.03,0.03,0.00,0.02,3.95,3.98
control,120,0.00,6.14,18.18,0.02,0.89,0.00,0.03,0.03,0.00,0.02,3.95,3.98
control,121,0.00,5.98,17.71,0.02,0.86,0.00,0.02,0.02,0.00,0.02,3.95,3.98
control,122,0.00,5.83,17.24,0.02,0.82,0.00,0.02,0.02,0.00,0.02,3.95,3.98
control,123,0.00,5.67,16.79,0.01,0.79,0.00,0.02,0.02,0.00,0.02,3.95,3.98
control,124,0.00,5.53,16.36,0.01,0.76,0.00,0.02,0.02,0.00,0.02,3.96,3.98
control,125,0.00,5.38,15.93,0.01,0.73,0.00,0.02,0.02,0.00,0.02,3.96,3.98
control,126,0.00,5.24,15.51,0.01,0.70,0.00,0.02,0.02,0.00,0.02,3.96,3.98
control,127,0.00,5.11,15.11,0.01,0.68,0.00,0.02,0.02,0.00,0.02,3.96,3.98
control,128,0.00,4.97,14.71,0.01,0.65,0.00,0.02,0.02,0.00,0.02,3.96,3.98
control,129,0.00,4.84,14.33,0.01,0.62,0.00,0.02,0.02,0.00,0.02,3.96,3.98
control,130,0.00,4.72,13.96,0.01,0.60,0.00,0.02,0.02,0.00,0.02,3.96,3.98
control,131,0.00,4.60,13.59,0.01,0.58,0.00,0.02,0.02,0.00,0.02,3.96,3.98
control,132,0.00,4.48,13.24,0.01,0.55,0.00,0.02,0.02,0.00,0.02,3.96,3.98
control,133,0.00,4.36,12.89,0.01,0.53,0.00,0.02,0.02,0.00,0.02,3.96,3.98
control,134,0.00,4.25,12.56,0.01,0.51,0.00,0.02,0.02,0.00,0.02,3.96,3.98
control,135,0.00,4.14,12.23,0.01,0.49,0.00,0.02,0.02,0.00,0.02,3.96,3.98
control,136,0.00,4.03,11.91,0.01,0.47,0.00,0.02,0.02,0.00,0.02,3.96,3.98
control,137,0.00,3.93,11.60,0.01,0.46,0.00,0.02,0.02,0.00,0.02,3.96,3.98
control,138,0.00,3.82,11.30,0.01,0.44,0.00,0.02,0.02,0.00,0.02,3.96,3.98
control,139,0.00,3.73,11.00,0.01,0.42,0.00,0.02,0.02,0.00,0.02,3.96,3.98
control,140,0.00,3.63,10.72,0.01,0.41,0.00,0.01,0.01,0.00,0.02,3.96,3.98
control,141,0.00,3.54,10.44,0.01,0.39,0.00,0.01,0.01,0.00,0.02,3.96,3.98
control,142,0.00,3.44,10.17,0.01,0.37,0.00,0.01,0.01,0.00,0.02,3.96,3.98
control,143,0.00,3.36,9.90,0.01,0.36,0.00,0.01,0.01,0.00,0.02,3.96,3.98
control,144,0.00,3.27,9.65,0.01,0.35,0.00,0.01,0.01,0.00,0.02,3.96,3.98
control,145,0.00,3.18,9.40,0.01,0.33,0.00,0.01,0.01,0.00,0.02,3.96,3.98
control,146,0.00,3.10,9.15,0.01,0.32,0.00,0.01,0.01,0.00,0.02,3.96,3.98
control,147,0.00,3.02,8.91,0.01,0.31,0.00,0.01,0.01,0.00,0.02,3.96,3.98
control,148,0.00,2.94,8.68,0.00,0.30,0.00,0.01,0.01,0.00,0.02,3.96,3.98
control,149,0.00,2.87,8.46,0.00,0.29,0.00,0.01,0.01,0.00,0.02,3.96,3.98
control,150,0.00,2.80,8.24,0.00,0.27,0.00,0.01,0.01,0.00,0.02,3.96,3.98
control,151,0.00,2.72,8.03,0.00,0.26,0.00,0.01,0.01,0.00,0.02,3.96,3.98
control,152,0.00,2.65,7.82,0.00,0.25,0.00,0.01,0.01,0.00,0.02,3.96,3.98
control,153,0.00,2.59,7.62,0.00,0.24,0.00,0.01,0.01,0.00,0.02,3.96,3.98
control,154,0.00,2.52,7.42,0.00,0.24,0.00,0.01,0.01,0.00,0.02,3.96,3.98
control,155,0.00,2.45,7.23,0.00,0.23,0.00,0.01,0.01,0.00,0.02,3.96,3.98
control,156,0.00,2.39,7.04,0.00,0.22,0.00,0.01,0.01,0.00,0.02,3.96,3.98
control,157,0.00,2.33,6.86,0.00,0.21,0.00,0.01,0.01,0.00,0.02,3.96,3.98
control,158,0.00,2.27,6.68,0.00,0.20,0.00,0.01,0.01,0.00,0.02,3.96,3.98
control,159,0.00,2.21,6.51,0.00,0.19,0.00,0.01,0.01,0.00,0.02,3.96,3.98
control,160,0.00,2.16,6.34,0.00,0.19,0.00,0.01,0.01,0.00,0.02,3.96,3.98
exudates,0,12.50,39.25,99.78,391.37,102.29,0.00,0.79,186.87,12.70,20.32,10.52,30.84
exudates,1,0.00,59.46,97.97,359.55,98.47,0.00,0.73,209.08,8.86,19.22,10.45,29.67
exudates,2,0.00,74.91,99.23,330.31,94.77,0.00,0.68,192.24,5.62,17.95,10.36,28.31
exudates,3,0.00,86.68,102.51,303.44,91.20,0.01,0.64,172.65,3.09,16.47,10.25,26.72
exudates,4,0.00,95.50,107.11,278.75,87.74,0.01,0.61,153.49,1.32,14.70,10.12,24.81
exudates,5,0.00,101.91,112.56,256.07,84.41,0.01,0.58,135.43,0.36,12.61,9.94,22.55
exudates,6,0.00,106.32,118.48,235.22,81.18,0.01,0.55,118.69,0.04,10.32,9.71,20.03
exudates,7,0.00,109.11,124.59,216.06,78.07,0.01,0.53,103.35,0.00,8.14,9.46,17.60
exudates,8,0.00,110.57,130.68,198.45,75.07,0.01,0.51,89.48,0.00,6.28,9.19,15.46
exudates,9,0.00,110.98,136.58,182.28,72.17,0.01,0.49,77.10,0.00,4.73,8.90,13.63
exudates,10,0.00,110.57,142.15,167.42,69.38,0.01,0.48,66.19,0.00,3.45,8.60,12.05
exudates,11,0.00,109.52,147.31,153.76,66.69,0.01,0.46,56.68,0.00,2.42,8.28,10.70
exudates,12,0.00,107.98,151.99,141.22,64.10,0.01,0.45,48.43,0.00,1.62,7.94,9.55
exudates,13,0.00,106.09,156.15,129.70,61.61,0.01,0.44,41.34,0.00,1.01,7.56,8.57
exudates,14,12.50,114.61,161.41,119.11,59.21,0.01,0.43,64.11,0.00,0.22,6.82,7.04
exudates,15,0.00,110.71,165.79,109.39,56.91,0.01,0.42,48.01,0.00,0.19,5.72,5.90
exudates,16,0.00,106.93,169.35,100.46,54.69,0.02,0.41,36.26,0.00,0.01,5.03,5.04
exudates,17,0.00,103.31,172.15,92.26,52.56,0.02,0.40,27.70,0.00,0.01,4.38,4.39
exudates,18,0.00,99.86,174.25,84.73,50.51,0.02,0.39,21.35,0.00,0.00,3.89,3.89
exudates,19,0.00,96.57,175.73,77.82,48.54,0.02,0.38,16.62,0.00,0.00,3.50,3.50
exudates,20,0.00,93.44,176.63,71.47,46.65,0.02,0.37,13.04,0.00,0.00,3.19,3.20
exudates,21,0.00,90.47,177.02,65.63,44.83,0.02,0.36,10.31,0.00,0.00,2.96,2.96
exudates,22,0.00,87.64,176.96,60.28,43.08,0.02,0.36,8.20,0.00,0.00,2.77,2.77
exudates,23,0.00,84.95,176.50,55.36,41.40,0.02,0.35,6.55,0.00,0.00,2.62,2.62
exudates,24,0.00,82.39,175.68,50.84,39.79,0.02,0.34,5.24,0.00,0.00,2.50,2.51
exudates,25,0.00,79.94,174.55,46.69,38.24,0.02,0.33,4.20,0.00,0.00,2.41,2.41
exudates,26,0.00,77.59,173.14,42.88,36.75,0.02,0.32,3.36,0.00,0.00,2.34,2.34
exudates,27,0.00,75.34,171.49,39.38,35.32,0.02,0.31,2.67,0.00,0.00,2.28,2.29
exudates,28,12.50,83.67,171.44,36.16,33.94,0.02,0.31,11.98,0.00,0.00,2.01,2.01
exudates,29,0.00,79.96,170.80,33.21,32.62,0.02,0.30,8.87,0.00,0.00,1.80,1.80
exudates,30,0.00,76.64,169.67,30.50,31.35,0.03,0.29,6.63,0.00,0.00,1.65,1.65
exudates,31,0.00,73.63,168.14,28.01,30.13,0.03,0.29,5.00,0.00,0.00,1.54,1.54
exudates,32,0.00,70.89,166.28,25.72,28.95,0.03,0.28,3.78,0.00,0.00,1.45,1.46
exudates,33,0.00,68.38,164.16,23.63,27.82,0.02,0.28,2.86,0.00,0.00,1.39,1.39
exudates,34,0.00,66.07,161.83,21.70,26.74,0.02,0.27,2.14,0.00,0.00,1.35,1.35
exudates,35,0.00,63.91,159.33,19.93,25.70,0.02,0.26,1.58,0.00,0.00,1.32,1.32
exudates,36,0.00,61.89,156.70,18.30,24.69,0.02,0.26,1.14,0.00,0.00,1.30,1.30
exudates,37,0.00,59.98,153.97,16.81,23.73,0.02,0.25,0.78,0.00,0.00,1.28,1.29
exudates,38,0.00,58.18,151.16,15.43,22.81,0.02,0.24,0.49,0.00,0.00,1.28,1.28
exudates,39,0.00,56.47,148.29,14.17,21.92,0.02,0.24,0.25,0.00,0.00,1.28,1.28
exudates,40,0.00,54.83,145.39,13.02,21.06,0.02,0.23,0.21,0.00,0.00,1.28,1.28
exudates,41,0.00,53.27,142.46,11.96,20.24,0.02,0.23,0.21,0.00,0.00,1.28,1.28
exudates,42,12.50,62.21,141.37,10.98,19.45,0.04,0.22,5.68,0.00,0.00,1.15,1.15
exudates,43,0.00,59.12,139.84,10.08,18.70,0.03,0.22,4.20,0.00,0.00,1.06,1.06
exudates,44,0.00,56.40,137.98,9.26,17.97,0.03,0.21,3.12,0.00,0.00,0.99,0.99
exudates,45,0.00,53.98,135.85,8.50,17.27,0.03,0.21,2.32,0.00,0.00,0.94,0.94
exudates,46,0.00,51.82,133.53,7.81,16.59,0.03,0.20,1.72,0.00,0.00,0.90,0.90
exudates,47,0.00,49.87,131.06,7.17,15.95,0.03,0.20,1.25,0.00,0.00,0.87,0.88
exudates,48,0.00,48.08,128.49,6.59,15.33,0.03,0.19,0.89,0.00,0.00,0.86,0.86
exudates,49,0.00,46.44,125.85,6.05,14.73,0.03,0.19,0.60,0.00,0.00,0.85,0.85
exudates,50,0.00,44.92,123.16,5.56,14.15,0.03,0.19,0.38,0.00,0.00,0.84,0.85
exudates,51,0.00,43.49,120.45,5.10,13.60,0.02,0.18,0.19,0.00,0.00,0.84,0.85
exudates,52,0.00,42.15,117.73,4.69,13.07,0.02,0.18,0.15,0.00,0.00,0.84,0.85
exudates,53,0.00,40.88,115.02,4.30,12.56,0.02,0.17,0.15,0.00,0.00,0.84,0.85
exudates,54,0.00,39.68,112.32,3.95,12.07,0.02,0.17,0.14,0.00,0.00,0.84,0.85
exudates,55,0.00,38.53,109.65,3.63,11.60,0.02,0.16,0.14,0.00,0.00,0.84,0.85
exudates,56,12.50,47.88,108.86,3.33,11.15,0.05,0.16,3.59,0.00,0.00,0.76,0.77
exudates,57,0.00,45.17,107.67,3.06,10.72,0.04,0.16,2.67,0.00,0.00,0.70,0.71
exudates,58,0.00,42.83,106.18,2.81,10.30,0.03,0.15,1.99,0.00,0.00,0.66,0.66
exudates,59,0.00,40.78,104.46,2.58,9.90,0.03,0.15,1.48,0.00,0.00,0.63,0.63
exudates,60,0.00,38.98,102.56,2.37,9.51,0.03,0.15,1.10,0.00,0.00,0.61,0.61
exudates,61,0.00,37.37,100.54,2.18,9.14,0.03,0.15,0.80,0.00,0.00,0.59,0.59
exudates,62,0.00,35.93,98.43,2.00,8.79,0.03,0.14,0.57,0.00,0.00,0.58,0.58
exudates,63,0.00,34.61,96.27,1.84,8.44,0.03,0.14,0.39,0.00,0.00,0.57,0.57
exudates,64,0.00,33.41,94.07,1.69,8.11,0.03,0.14,0.25,0.00,0.00,0.57,0.57
exudates,65,0.00,32.29,91.86,1.55,7.80,0.03,0.13,0.13,0.00,0.00,0.57,0.57
exudates,66,0.00,31.25,89.66,1.42,7.49,0.03,0.13,0.10,0.00,0.00,0.57,0.57
exudates,67,0.00,30.28,87.46,1.31,7.20,0.02,0.13,0.10,0.00,0.00,0.57,0.57
exudates,68,0.00,29.36,85.29,1.20,6.92,0.02,0.12,0.10,0.00,0.00,0.57,0.57
exudates,69,0.00,28.48,83.14,1.10,6.65,0.02,0.12,0.10,0.00,0.00,0.57,0.57
exudates,70,12.50,38.11,82.86,1.01,6.39,0.06,0.12,2.39,0.00,0.00,0.52,0.52
exudates,71,0.00,35.68,82.20,0.93,6.14,0.04,0.12,1.80,0.00,0.00,0.48,0.48
exudates,72,0.00,33.59,81.23,0.85,5.90,0.04,0.11,1.35,0.00,0.00,0.45,0.45
exudates,73,0.00,31.80,80.03,0.78,5.67,0.04,0.11,1.02,0.00,0.00,0.42,0.43
exudates,74,0.00,30.23,78.66,0.72,5.45,0.03,0.11,0.77,0.00,0.00,0.41,0.41
exudates,75,0.00,28.86,77.16,0.66,5.24,0.03,0.11,0.57,0.00,0.00,0.40,0.40
exudates,76,0.00,27.64,75.56,0.61,5.04,0.03,0.11,0.42,0.00,0.00,0.39,0.39
exudates,77,0.00,26.55,73.91,0.56,4.84,0.03,0.10,0.30,0.00,0.00,0.38,0.39
exudates,78,0.00,25.56,72.22,0.51,4.65,0.03,0.10,0.21,0.00,0.00,0.38,0.38
exudates,79,0.00,24.65,70.51,0.47,4.47,0.03,0.10,0.13,0.00,0.00,0.38,0.38
exudates,80,0.00,23.82,68.80,0.43,4.30,0.03,0.10,0.07,0.00,0.00,0.38,0.38
exudates,81,0.00,23.04,67.09,0.40,4.13,0.03,0.09,0.07,0.00,0.00,0.38,0.38
exudates,82,0.00,22.31,65.39,0.36,3.97,0.03,0.09,0.07,0.00,0.00,0.38,0.38
exudates,83,0.00,21.63,63.72,0.33,3.81,0.02,0.09,0.07,0.00,0.00,0.38,0.38
exudates,84,12.50,31.47,63.88,0.31,3.66,0.06,0.09,1.59,0.00,0.00,0.35,0.35
exudates,85,0.00,29.22,63.66,0.28,3.52,0.04,0.09,1.21,0.00,0.00,0.32,0.32
exudates,86,0.00,27.31,63.13,0.26,3.38,0.04,0.09,0.92,0.00,0.00,0.30,0.30
exudates,87,0.00,25.69,62.37,0.24,3.25,0.04,0.09,0.70,0.00,0.00,0.28,0.28
exudates,88,0.00,24.29,61.44,0.22,3.13,0.04,0.09,0.54,0.00,0.00,0.27,0.27
exudates,89,0.00,23.07,60.36,0.20,3.00,0.03,0.08,0.41,0.00,0.00,0.26,0.26
exudates,90,0.00,22.00,59.19,0.18,2.89,0.03,0.08,0.31,0.00,0.00,0.26,0.26
exudates,91,0.00,21.06,57.95,0.17,2.77,0.03,0.08,0.23,0.00,0.00,0.25,0.25
exudates,92,0.00,20.22,56.66,0.16,2.67,0.03,0.08,0.17,0.00,0.00,0.25,0.25
exudates,93,0.00,19.45,55.35,0.14,2.56,0.03,0.08,0.12,0.00,0.00,0.25,0.25
exudates,94,0.00,18.76,54.02,0.13,2.46,0.03,0.08,0.08,0.00,0.00,0.25,0.25
exudates,95,0.00,18.11,52.68,0.12,2.37,0.03,0.07,0.05,0.00,0.00,0.25,0.25
exudates,96,0.00,17.52,51.35,0.11,2.27,0.03,0.07,0.05,0.00,0.00,0.25,0.25
exudates,97,0.00,16.96,50.04,0.10,2.19,0.03,0.07,0.04,0.00,0.00,0.25,0.25
exudates,98,12.50,26.95,50.52,0.09,2.10,0.06,0.07,1.03,0.00,0.00,0.23,0.23
exudates,99,0.00,24.84,50.63,0.09,2.02,0.04,0.07,0.79,0.00,0.00,0.21,0.21
exudates,100,0.00,23.06,50.44,0.08,1.94,0.04,0.07,0.61,0.00,0.00,0.20,0.20
exudates,101,0.00,21.55,50.01,0.07,1.86,0.04,0.07,0.47,0.00,0.00,0.18,0.19
exudates,102,0.00,20.26,49.39,0.07,1.79,0.04,0.07,0.37,0.00,0.00,0.18,0.18
exudates,103,0.00,19.15,48.64,0.06,1.72,0.04,0.07,0.28,0.00,0.00,0.17,0.17
exudates,104,0.00,18.19,47.78,0.06,1.65,0.03,0.07,0.22,0.00,0.00,0.17,0.17
exudates,105,0.00,17.34,46.84,0.05,1.59,0.03,0.06,0.17,0.00,0.00,0.16,0.16
exudates,106,0.00,16.60,45.85,0.05,1.53,0.03,0.06,0.13,0.00,0.00,0.16,0.16
exudates,107,0.00,15.93,44.82,0.04,1.47,0.03,0.06,0.09,0.00,0.00,0.16,0.16
exudates,108,0.00,15.32,43.77,0.04,1.41,0.03,0.06,0.07,0.00,0.00,0.16,0.16
exudates,109,0.00,14.77,42.71,0.04,1.36,0.03,0.06,0.05,0.00,0.00,0.16,0.16
exudates,110,0.00,14.27,41.64,0.03,1.30,0.03,0.06,0.03,0.00,0.00,0.16,0.16
exudates,111,0.00,13.80,40.58,0.03,1.25,0.03,0.06,0.03,0.00,0.00,0.16,0.16
exudates,112,12.50,23.90,41.29,0.03,1.20,0.06,0.05,0.65,0.00,0.00,0.15,0.15
exudates,113,0.00,21.89,41.63,0.03,1.16,0.05,0.06,0.51,0.00,0.00,0.13,0.13
exudates,114,0.00,20.19,41.67,0.02,1.11,0.04,0.06,0.40,0.00,0.00,0.13,0.13
exudates,115,0.00,18.76,41.48,0.02,1.07,0.04,0.06,0.31,0.00,0.00,0.12,0.12
exudates,116,0.00,17.55,41.10,0.02,1.03,0.04,0.06,0.24,0.00,0.00,0.11,0.11
exudates,117,0.00,16.51,40.57,0.02,0.99,0.04,0.05,0.19,0.00,0.00,0.11,0.11
exudates,118,0.00,15.61,39.93,0.02,0.95,0.04,0.05,0.15,0.00,0.00,0.11,0.11
exudates,119,0.00,14.83,39.20,0.02,0.91,0.03,0.05,0.12,0.00,0.00,0.10,0.11
exudates,120,0.00,14.15,38.42,0.01,0.88,0.03,0.05,0.09,0.00,0.00,0.10,0.10
exudates,121,0.00,13.55,37.59,0.01,0.84,0.03,0.05,0.07,0.00,0.00,0.10,0.10
exudates,122,0.00,13.01,36.74,0.01,0.81,0.03,0.05,0.05,0.00,0.00,0.10,0.10
exudates,123,0.00,12.52,35.87,0.01,0.78,0.03,0.05,0.04,0.00,0.00,0.10,0.10
exudates,124,0.00,12.07,35.00,0.01,0.75,0.03,0.05,0.03,0.00,0.00,0.10,0.10
exudates,125,0.00,11.66,34.12,0.01,0.72,0.03,0.05,0.02,0.00,0.00,0.10,0.10
exudates,126,12.50,21.85,34.97,0.01,0.69,0.06,0.05,0.40,0.00,0.00,0.09,0.09
exudates,127,0.00,19.91,35.47,0.01,0.66,0.05,0.05,0.32,0.00,0.00,0.09,0.09
exudates,128,0.00,18.27,35.68,0.01,0.64,0.04,0.05,0.25,0.00,0.00,0.08,0.08
exudates,129,0.00,16.89,35.65,0.01,0.61,0.04,0.05,0.20,0.00,0.00,0.08,0.08
exudates,130,0.00,15.73,35.42,0.01,0.59,0.04,0.05,0.16,0.00,0.00,0.07,0.07
exudates,131,0.00,14.73,35.05,0.01,0.57,0.04,0.05,0.12,0.00,0.00,0.07,0.07
exudates,132,0.00,13.88,34.57,0.01,0.54,0.04,0.05,0.10,0.00,0.00,0.07,0.07
exudates,133,0.00,13.15,33.99,0.00,0.52,0.03,0.05,0.08,0.00,0.00,0.07,0.07
exudates,134,0.00,12.51,33.36,0.00,0.50,0.03,0.05,0.06,0.00,0.00,0.07,0.07
exudates,135,0.00,11.95,32.67,0.00,0.48,0.03,0.04,0.05,0.00,0.00,0.06,0.07
exudates,136,0.00,11.44,31.96,0.00,0.46,0.03,0.04,0.04,0.00,0.00,0.06,0.07
exudates,137,0.00,10.99,31.22,0.00,0.45,0.03,0.04,0.03,0.00,0.00,0.06,0.06
exudates,138,0.00,10.59,30.47,0.00,0.43,0.03,0.04,0.02,0.00,0.00,0.06,0.06
exudates,139,0.00,10.21,29.72,0.00,0.41,0.03,0.04,0.02,0.00,0.00,0.06,0.07
exudates,140,12.50,20.47,30.68,0.00,0.40,0.05,0.04,0.24,0.00,0.00,0.06,0.06
exudates,141,0.00,18.58,31.28,0.00,0.38,0.05,0.04,0.20,0.00,0.00,0.05,0.05
exudates,142,0.00,16.98,31.60,0.00,0.37,0.04,0.04,0.16,0.00,0.00,0.05,0.05
exudates,143,0.00,15.64,31.68,0.00,0.35,0.04,0.04,0.12,0.00,0.00,0.05,0.05
exudates,144,0.00,14.51,31.57,0.00,0.34,0.04,0.04,0.10,0.00,0.00,0.05,0.05
exudates,145,0.00,13.55,31.31,0.00,0.32,0.04,0.04,0.08,0.00,0.00,0.04,0.04
exudates,146,0.00,12.72,30.93,0.00,0.31,0.04,0.04,0.06,0.00,0.00,0.04,0.04
exudates,147,0.00,12.02,30.46,0.00,0.30,0.03,0.04,0.05,0.00,0.00,0.04,0.04
exudates,148,0.00,11.41,29.92,0.00,0.29,0.03,0.04,0.04,0.00,0.00,0.04,0.04
exudates,149,0.00,10.87,29.34,0.00,0.28,0.03,0.04,0.03,0.00,0.00,0.04,0.04
exudates,150,0.00,10.40,28.72,0.00,0.27,0.03,0.04,0.03,0.00,0.00,0.04,0.04
exudates,151,0.00,9.97,28.07,0.00,0.26,0.03,0.04,0.02,0.00,0.00,0.04,0.04
exudates,152,0.00,9.59,27.41,0.00,0.25,0.03,0.04,0.02,0.00,0.00,0.04,0.04
exudates,153,0.00,9.25,26.75,0.00,0.24,0.03,0.04,0.01,0.00,0.00,0.04,0.04
exudates,154,12.50,19.55,27.76,0.00,0.23,0.05,0.04,0.15,0.00,0.00,0.04,0.04
exudates,155,0.00,17.69,28.44,0.00,0.22,0.05,0.04,0.12,0.00,0.00,0.03,0.04
exudates,156,0.00,16.13,28.83,0.00,0.21,0.04,0.04,0.10,0.00,0.00,0.03,0.03
exudates,157,0.00,14.81,28.99,0.00,0.20,0.04,0.04,0.08,0.00,0.00,0.03,0.03
exudates,158,0.00,13.70,28.96,0.00,0.19,0.04,0.04,0.06,0.00,0.00,0.03,0.03
exudates,159,0.00,12.75,28.77,0.00,0.19,0.04,0.04,0.05,0.00,0.00,0.03,0.03
exudates,160,0.00,11.95,28.47,0.00,0.18,0.04,0.04,0.04,0.00,0.00,0.03,0.03
leachates,0,12.50,40.61,98.43,391.38,102.30,0.00,0.79,128.91,13.82,20.57,10.53,31.11
leachates,1,0.00,60.86,96.60,359.55,98.46,0.00,0.73,409.53,6.16,18.55,10.41,28.95
leachates,2,0.00,76.16,97.99,330.28,94.73,0.00,0.68,317.95,1.36,15.91,10.22,26.14
leachates,3,0.00,87.61,101.42,303.38,91.11,0.01,0.64,238.42,1.08,10.89,9.82,20.71
leachates,4,0.00,96.02,106.14,278.66,87.61,0.01,0.61,179.84,0.87,7.22,9.40,16.62
leachates,5,0.00,101.97,111.65,255.94,84.23,0.01,0.58,137.24,0.70,4.54,8.97,13.51
leachates,6,0.00,105.94,117.60,235.06,80.97,0.01,0.55,105.92,0.58,2.61,8.49,11.10
leachates,7,0.00,108.32,123.69,215.88,77.82,0.01,0.53,82.54,0.48,1.28,7.95,9.23
leachates,8,0.00,109.44,129.71,198.27,74.79,0.01,0.51,64.84,0.03,0.67,7.48,8.15
leachates,9,0.00,109.56,135.51,182.08,71.88,0.01,0.49,51.34,0.02,0.16,6.77,6.93
leachates,10,0.00,108.90,140.96,167.22,69.08,0.01,0.48,40.85,0.02,0.01,5.96,5.97
leachates,11,0.00,107.65,145.97,153.57,66.39,0.01,0.46,32.64,0.02,0.01,5.19,5.20
leachates,12,0.00,105.96,150.48,141.04,63.80,0.01,0.45,26.16,0.00,0.00,4.60,4.60
leachates,13,0.00,103.96,154.47,129.53,61.31,0.01,0.43,21.07,0.00,0.00,4.10,4.11
leachates,14,12.50,112.50,159.42,118.95,58.92,0.01,0.42,47.37,0.00,0.00,2.98,2.98
leachates,15,0.00,108.62,163.55,109.24,56.63,0.01,0.41,31.25,0.00,0.00,2.24,2.24
leachates,16,0.00,104.87,166.91,100.33,54.42,0.02,0.40,21.14,0.00,0.00,1.74,1.75
leachates,17,0.00,101.27,169.55,92.14,52.30,0.02,0.40,14.66,0.00,0.00,1.40,1.40
leachates,18,0.00,97.85,171.52,84.62,50.26,0.02,0.39,10.41,0.00,0.00,1.16,1.17
leachates,19,0.00,94.59,172.88,77.71,48.30,0.02,0.38,7.56,0.00,0.00,0.99,0.99
leachates,20,0.00,91.50,173.69,71.37,46.42,0.03,0.37,5.58,0.00,0.00,0.87,0.87
leachates,21,0.00,88.57,174.01,65.54,44.61,0.02,0.36,4.22,0.00,0.00,0.78,0.78
leachates,22,0.00,85.78,173.89,60.19,42.87,0.02,0.35,3.23,0.00,0.00,0.71,0.71
leachates,23,0.00,83.13,173.38,55.28,41.20,0.02,0.34,2.50,0.00,0.00,0.66,0.66
leachates,24,0.00,80.60,172.53,50.77,39.59,0.02,0.33,1.96,0.00,0.00,0.62,0.62
leachates,25,0.00,78.19,171.37,46.62,38.05,0.02,0.33,1.54,0.00,0.00,0.59,0.59
leachates,26,0.00,75.88,169.94,42.82,36.57,0.02,0.32,1.22,0.00,0.00,0.57,0.57
leachates,27,0.00,73.66,168.29,39.32,35.14,0.02,0.31,0.96,0.00,0.00,0.56,0.56
leachates,28,12.50,82.17,168.08,36.11,33.77,0.02,0.30,5.88,0.00,0.00,0.42,0.43
leachates,29,0.00,78.57,167.37,33.17,32.46,0.02,0.30,4.01,0.00,0.00,0.33,0.34
leachates,30,0.00,75.31,166.22,30.46,31.19,0.02,0.29,2.83,0.00,0.00,0.27,0.28
leachates,31,0.00,72.35,164.70,27.97,29.98,0.03,0.28,2.06,0.00,0.00,0.23,0.24
leachates,32,0.00,69.63,162.88,25.69,28.81,0.04,0.28,1.53,0.00,0.00,0.20,0.21
leachates,33,0.00,67.14,160.81,23.59,27.69,0.03,0.27,1.18,0.00,0.00,0.18,0.18
leachates,34,0.00,64.83,158.53,21.67,26.61,0.03,0.26,0.93,0.00,0.00,0.17,0.17
leachates,35,0.00,62.68,156.09,19.90,25.57,0.03,0.26,0.74,0.00,0.00,0.16,0.16
leachates,36,0.00,60.67,153.52,18.27,24.57,0.02,0.25,0.60,0.00,0.00,0.15,0.15
leachates,37,0.00,58.78,150.84,16.78,23.62,0.02,0.25,0.50,0.00,0.00,0.14,0.14
leachates,38,0.00,56.99,148.09,15.41,22.70,0.02,0.24,0.41,0.00,0.00,0.14,0.14
leachates,39,0.00,55.29,145.28,14.16,21.81,0.02,0.23,0.35,0.00,0.00,0.14,0.14
leachates,40,0.00,53.67,142.43,13.00,20.96,0.02,0.23,0.29,0.00,0.00,0.14,0.14
leachates,41,0.00,52.12,139.56,11.94,20.14,0.02,0.22,0.25,0.00,0.00,0.14,0.14
leachates,42,12.50,61.27,138.33,10.96,19.36,0.03,0.22,1.50,0.00,0.00,0.11,0.11
leachates,43,0.00,58.29,136.76,10.07,18.60,0.03,0.21,1.08,0.00,0.00,0.08,0.09
leachates,44,0.00,55.63,134.91,9.25,17.88,0.03,0.21,0.80,0.00,0.00,0.07,0.07
leachates,45,0.00,53.23,132.84,8.49,17.18,0.04,0.20,0.61,0.00,0.00,0.06,0.06
leachates,46,0.00,51.07,130.59,7.80,16.51,0.03,0.20,0.49,0.00,0.00,0.06,0.06
leachates,47,0.00,49.11,128.21,7.16,15.87,0.03,0.20,0.41,0.00,0.00,0.05,0.05
leachates,48,0.00,47.31,125.72,6.58,15.25,0.03,0.19,0.34,0.00,0.00,0.05,0.05
leachates,49,0.00,45.66,123.17,6.04,14.66,0.03,0.19,0.29,0.00,0.00,0.05,0.05
leachates,50,0.00,44.13,120.56,5.55,14.09,0.03,0.18,0.25,0.00,0.00,0.04,0.04
leachates,51,0.00,42.70,117.93,5.10,13.54,0.03,0.18,0.22,0.00,0.00,0.04,0.04
leachates,52,0.00,41.36,115.28,4.68,13.01,0.03,0.17,0.20,0.00,0.00,0.04,0.04
leachates,53,0.00,40.09,112.64,4.30,12.50,0.02,0.17,0.18,0.00,0.00,0.04,0.04
leachates,54,0.00,38.90,110.01,3.95,12.01,0.02,0.16,0.16,0.00,0.00,0.04,0.04
leachates,55,0.00,37.76,107.40,3.62,11.55,0.02,0.16,0.15,0.00,0.00,0.04,0.04
leachates,56,12.50,47.36,106.42,3.33,11.10,0.03,0.16,0.52,0.00,0.00,0.03,0.03
leachates,57,0.00,44.80,105.16,3.06,10.66,0.03,0.15,0.40,0.00,0.00,0.03,0.03
leachates,58,0.00,42.51,103.68,2.81,10.25,0.05,0.15,0.31,0.00,0.00,0.02,0.02
leachates,59,0.00,40.48,102.01,2.58,9.85,0.04,0.15,0.26,0.00,0.00,0.02,0.02
leachates,60,0.00,38.66,100.20,2.37,9.47,0.03,0.15,0.22,0.00,0.00,0.02,0.02
leachates,61,0.00,37.03,98.27,2.17,9.10,0.03,0.14,0.19,0.00,0.00,0.02,0.02
leachates,62,0.00,35.55,96.26,2.00,8.74,0.03,0.14,0.17,0.00,0.00,0.02,0.02
leachates,63,0.00,34.21,94.19,1.83,8.40,0.03,0.14,0.16,0.00,0.00,0.02,0.02
leachates,64,0.00,32.98,92.09,1.68,8.07,0.03,0.13,0.14,0.00,0.00,0.02,0.02
leachates,65,0.00,31.85,89.96,1.55,7.76,0.03,0.13,0.13,0.00,0.00,0.02,0.02
leachates,66,0.00,30.80,87.83,1.42,7.46,0.03,0.13,0.12,0.00,0.00,0.02,0.02
leachates,67,0.00,29.81,85.70,1.30,7.17,0.03,0.12,0.11,0.00,0.00,0.02,0.02
leachates,68,0.00,28.89,83.60,1.20,6.89,0.03,0.12,0.11,0.00,0.00,0.02,0.02
leachates,69,0.00,28.02,81.51,1.10,6.62,0.02,0.12,0.10,0.00,0.00,0.02,0.02
leachates,70,12.50,37.97,80.97,1.01,6.36,0.04,0.11,0.23,0.00,0.00,0.01,0.01
leachates,71,0.00,35.70,80.20,0.93,6.11,0.04,0.11,0.18,0.00,0.00,0.01,0.01
leachates,72,0.00,33.68,79.22,0.85,5.87,0.04,0.11,0.16,0.00,0.00,0.01,0.01
leachates,73,0.00,31.89,77.96,0.78,5.65,0.04,0.11,0.14,0.00,0.00,0.01,0.01
leachates,74,0.00,30.29,76.57,0.72,5.43,0.04,0.11,0.13,0.00,0.00,0.01,0.01
leachates,75,0.00,28.87,75.10,0.66,5.21,0.04,0.11,0.11,0.00,0.00,0.01,0.01
leachates,76,0.00,27.59,73.58,0.61,5.01,0.03,0.10,0.10,0.00,0.00,0.01,0.01
leachates,77,0.00,26.44,72.01,0.56,4.82,0.03,0.10,0.10,0.00,0.00,0.01,0.01
leachates,78,0.00,25.40,70.42,0.51,4.63,0.03,0.10,0.09,0.00,0.00,0.01,0.01
leachates,79,0.00,24.45,68.82,0.47,4.45,0.03,0.10,0.08,0.00,0.00,0.01,0.01
leachates,80,0.00,23.58,67.20,0.43,4.27,0.03,0.09,0.08,0.00,0.00,0.01,0.01
leachates,81,0.00,22.78,65.57,0.40,4.11,0.03,0.09,0.07,0.00,0.00,0.01,0.01
leachates,82,0.00,22.04,63.96,0.36,3.95,0.03,0.09,0.07,0.00,0.00,0.01,0.01
leachates,83,0.00,21.34,62.35,0.33,3.79,0.03,0.09,0.07,0.00,0.00,0.01,0.01
leachates,84,12.50,31.55,62.18,0.31,3.65,0.04,0.09,0.12,0.00,0.00,0.01,0.01
leachates,85,0.00,29.51,61.30,0.28,3.50,0.05,0.09,0.12,0.00,0.00,0.01,0.01
leachates,86,0.00,27.67,60.53,0.26,3.37,0.05,0.08,0.10,0.00,0.00,0.01,0.01
leachates,87,0.00,26.02,59.58,0.24,3.24,0.04,0.08,0.09,0.00,0.00,0.01,0.01
leachates,88,0.00,24.56,58.53,0.22,3.11,0.04,0.08,0.08,0.00,0.00,0.01,0.01
leachates,89,0.00,23.25,57.42,0.20,2.99,0.04,0.08,0.07,0.00,0.00,0.01,0.01
leachates,90,0.00,22.08,56.28,0.18,2.87,0.04,0.08,0.07,0.00,0.00,0.01,0.01
leachates,91,0.00,21.03,55.10,0.17,2.76,0.03,0.08,0.06,0.00,0.00,0.00,0.01
leachates,92,0.00,20.09,53.90,0.16,2.65,0.03,0.08,0.06,0.00,0.00,0.00,0.01
leachates,93,0.00,19.25,52.70,0.14,2.55,0.03,0.07,0.06,0.00,0.00,0.00,0.01
leachates,94,0.00,18.48,51.48,0.13,2.45,0.03,0.07,0.05,0.00,0.00,0.00,0.01
leachates,95,0.00,17.79,50.27,0.12,2.35,0.03,0.07,0.05,0.00,0.00,0.01,0.01
leachates,96,0.00,17.15,49.05,0.11,2.26,0.03,0.07,0.05,0.00,0.00,0.01,0.01
leachates,97,0.00,16.56,47.85,0.10,2.17,0.03,0.07,0.05,0.00,0.00,0.01,0.01
leachates,98,12.50,27.00,47.72,0.09,2.09,0.05,0.06,0.08,0.00,0.00,0.00,0.01
leachates,99,0.00,25.12,47.25,0.09,2.01,0.05,0.06,0.07,0.00,0.00,0.00,0.00
leachates,100,0.00,23.42,46.62,0.08,1.93,0.05,0.06,0.06,0.00,0.00,0.00,0.00
leachates,101,0.00,21.89,45.91,0.07,1.85,0.05,0.06,0.06,0.00,0.00,0.00,0.00
leachates,102,0.00,20.52,45.15,0.07,1.78,0.04,0.06,0.05,0.00,0.00,0.00,0.00
leachates,103,0.00,19.29,44.35,0.06,1.71,0.04,0.06,0.05,0.00,0.00,0.00,0.00
leachates,104,0.00,18.20,43.52,0.06,1.65,0.04,0.06,0.05,0.00,0.00,0.00,0.00
leachates,105,0.00,17.22,42.66,0.05,1.58,0.04,0.06,0.04,0.00,0.00,0.00,0.00
leachates,106,0.00,16.35,41.78,0.05,1.52,0.03,0.06,0.04,0.00,0.00,0.00,0.00
leachates,107,0.00,15.57,40.88,0.04,1.46,0.03,0.06,0.04,0.00,0.00,0.00,0.00
leachates,108,0.00,14.88,39.98,0.04,1.40,0.03,0.06,0.04,0.00,0.00,0.00,0.00
leachates,109,0.00,14.25,39.06,0.04,1.35,0.03,0.05,0.03,0.00,0.00,0.00,0.00
leachates,110,0.00,13.68,38.15,0.03,1.30,0.03,0.05,0.03,0.00,0.00,0.00,0.00
leachates,111,0.00,13.17,37.24,0.03,1.25,0.03,0.05,0.03,0.00,0.00,0.00,0.00
leachates,112,12.50,23.79,37.14,0.03,1.20,0.05,0.05,0.05,0.00,0.00,0.00,0.00
leachates,113,0.00,22.06,36.83,0.03,1.15,0.05,0.05,0.05,0.00,0.00,0.00,0.00
leachates,114,0.00,20.48,36.41,0.02,1.11,0.05,0.05,0.04,0.00,0.00,0.00,0.00
leachates,115,0.00,19.04,35.93,0.02,1.06,0.05,0.05,0.04,0.00,0.00,0.00,0.00
leachates,116,0.00,17.74,35.41,0.02,1.02,0.05,0.05,0.04,0.00,0.00,0.00,0.00
leachates,117,0.00,16.57,34.86,0.02,0.98,0.04,0.05,0.03,0.00,0.00,0.00,0.00
leachates,118,0.00,15.52,34.27,0.02,0.94,0.04,0.05,0.03,0.00,0.00,0.00,0.00
leachates,119,0.00,14.59,33.65,0.02,0.91,0.04,0.05,0.03,0.00,0.00,0.00,0.00
leachates,120,0.00,13.77,33.01,0.01,0.87,0.03,0.05,0.03,0.00,0.00,0.00,0.00
leachates,121,0.00,13.03,32.35,0.01,0.84,0.03,0.04,0.03,0.00,0.00,0.00,0.00
leachates,122,0.00,12.37,31.68,0.01,0.80,0.03,0.04,0.02,0.00,0.00,0.00,0.00
leachates,123,0.00,11.79,30.99,0.01,0.77,0.03,0.04,0.02,0.00,0.00,0.00,0.00
leachates,124,0.00,11.26,30.30,0.01,0.74,0.03,0.04,0.02,0.00,0.00,0.00,0.00
leachates,125,0.00,10.79,29.60,0.01,0.71,0.03,0.04,0.02,0.00,0.00,0.00,0.00
leachates,126,12.50,21.57,29.54,0.01,0.69,0.05,0.04,0.03,0.00,0.00,0.00,0.00
leachates,127,0.00,19.97,29.35,0.01,0.66,0.05,0.04,0.03,0.00,0.00,0.00,0.00
leachates,128,0.00,18.48,29.09,0.01,0.63,0.05,0.04,0.03,0.00,0.00,0.00,0.00
leachates,129,0.00,17.12,28.78,0.01,0.61,0.05,0.04,0.03,0.00,0.00,0.00,0.00
leachates,130,0.00,15.88,28.44,0.01,0.59,0.05,0.04,0.02,0.00,0.00,0.00,0.00
leachates,131,0.00,14.75,28.06,0.01,0.56,0.04,0.04,0.02,0.00,0.00,0.00,0.00
leachates,132,0.00,13.74,27.65,0.01,0.54,0.04,0.04,0.02,0.00,0.00,0.00,0.00
leachates,133,0.00,12.84,27.21,0.00,0.52,0.04,0.04,0.02,0.00,0.00,0.00,0.00
leachates,134,0.00,12.04,26.75,0.00,0.50,0.04,0.04,0.02,0.00,0.00,0.00,0.00
leachates,135,0.00,11.32,26.26,0.00,0.48,0.03,0.04,0.02,0.00,0.00,0.00,0.00
leachates,136,0.00,10.69,25.76,0.00,0.46,0.03,0.03,0.02,0.00,0.00,0.00,0.00
leachates,137,0.00,10.12,25.24,0.00,0.44,0.03,0.03,0.01,0.00,0.00,0.00,0.00
leachates,138,0.00,9.62,24.71,0.00,0.43,0.03,0.03,0.01,0.00,0.00,0.00,0.00
leachates,139,0.00,9.17,24.16,0.00,0.41,0.03,0.03,0.01,0.00,0.00,0.00,0.00
leachates,140,12.50,20.08,24.15,0.00,0.39,0.05,0.03,0.02,0.00,0.00,0.00,0.00
leachates,141,0.00,18.58,24.05,0.00,0.38,0.05,0.03,0.02,0.00,0.00,0.00,0.00
leachates,142,0.00,17.17,23.89,0.00,0.36,0.05,0.03,0.02,0.00,0.00,0.00,0.00
leachates,143,0.00,15.87,23.70,0.00,0.35,0.05,0.03,0.02,0.00,0.00,0.00,0.00
leachates,144,0.00,14.68,23.48,0.00,0.34,0.05,0.03,0.02,0.00,0.00,0.00,0.00
leachates,145,0.00,13.59,23.23,0.00,0.32,0.04,0.03,0.01,0.00,0.00,0.00,0.00
leachates,146,0.00,12.60,22.95,0.00,0.31,0.04,0.03,0.01,0.00,0.00,0.00,0.00
leachates,147,0.00,11.71,22.65,0.00,0.30,0.04,0.03,0.01,0.00,0.00,0.00,0.00
leachates,148,0.00,10.92,22.31,0.00,0.29,0.04,0.03,0.01,0.00,0.00,0.00,0.00
leachates,149,0.00,10.21,21.95,0.00,0.28,0.03,0.03,0.01,0.00,0.00,0.00,0.00
leachates,150,0.00,9.58,21.57,0.00,0.26,0.03,0.03,0.01,0.00,0.00,0.00,0.00
leachates,151,0.00,9.02,21.17,0.00,0.25,0.03,0.03,0.01,0.00,0.00,0.00,0.00
leachates,152,0.00,8.53,20.76,0.00,0.24,0.03,0.03,0.01,0.00,0.00,0.00,0.00
leachates,153,0.00,8.08,20.33,0.00,0.23,0.03,0.03,0.01,0.00,0.00,0.00,0.00
leachates,154,12.50,19.10,20.35,0.00,0.23,0.05,0.03,0.01,0.00,0.00,0.00,0.00
leachates,155,0.00,17.68,20.31,0.00,0.22,0.05,0.03,0.01,0.00,0.00,0.00,0.00
leachates,156,0.00,16.34,20.23,0.00,0.21,0.05,0.03,0.01,0.00,0.00,0.00,0.00
leachates,157,0.00,15.09,20.12,0.00,0.20,0.05,0.03,0.01,0.00,0.00,0.00,0.00
leachates,158,0.00,13.93,19.99,0.00,0.19,0.05,0.03,0.01,0.00,0.00,0.00,0.00
leachates,159,0.00,12.87,19.83,0.00,0.18,0.04,0.03,0.01,0.00,0.00,0.00,0.00
leachates,160,0.00,11.89,19.64,0.00,0.18,0.04,0.03,0.01,0.00,0.00,0.00,0.00
