0.1516118049559353,0.04046622558638881,6.591424150507399,0.005048695321826176,0.005001652022183051,251.0564989779668,8016.78089206216,3.021399995138293,10.094849186433349,0.20393102726603496,0.20074671265529778,0.2001668071929876,1.0207168040391748,0.3011870118203125,0.3012421800318836,0.3007544728245132,0.5007307025885575,0.5163076930047334,0.0003042715131564987,0.0030103685903453115,0.00010162683190349025,0.03535159471614162,0.015055739872782702,0.4008517600284318,0.00017712591219029572,0.0012423581615724599,4.0821022928640724,2.00499463591318,100.2604238153082,0.3523724907713346,0.3539479562173847,7.5123529086632646,15.173776631817526
0.15321712164597293,0.04002622928600371,6.529397781100788,0.005093949357331054,0.0050866118054399695,251.61099368895614,8109.655602810838,3.0122259041962876,10.002059435387993,0.2013813802791579,0.20091274271364737,0.20137005136148245,1.0408603484078287,0.30136798359580363,0.3009464984817198,0.3013931058150311,0.5033541223489876,0.512171563140206,0.0003042953197108242,0.0030371790270921884,0.00010066309590096406,0.03576829704748231,0.015221181320556778,0.40022265793341516,0.0003755166686203041,0.002092008789650648,4.08534211409209,2.0154653980952646,100.20181415092378,0.35002127212223577,0.35032800257714997,7.54217971343575,15.18599511675577
0.15153981742914874,0.040214296199371134,6.548898139710397,0.0050839608688588184,0.005004904261977894,250.0001771485253,8096.369668524704,3.0342813080508324,10.008817836413963,0.20245207122608583,0.20189451119479876,0.20010877817054012,1.0555951281824028,0.30350274947696565,0.30236260335466375,0.30347964825433,0.5118636017758846,0.5092870778393311,0.0003035618779048039,0.003062497731385151,0.0001003800936287884,0.03598048652008083,0.01518773652952001,0.4037465721426885,0.00012870991966900546,0.0013751591219426707,4.059915315473458,2.0242844923754917,100.39405181586154,0.3502932032760824,0.3545092021150572,7.568990615727561,15.0476885264244
0.15460746719833207,0.04028374613012504,6.6331738248244285,0.005182300726741578,0.005056287200853262,251.77526802873933,8026.354964626184,3.096033294561885,10.255507263908312,0.20016173580927343,0.20320062341152437,0.20094594949022132,1.0592573662876985,0.3039022413145539,0.3048080744087808,0.30423454090363655,0.5156114353393622,0.50377800640452,0.00030298758490235003,0.0030534762272629965,0.00010154782774211767,0.0362721100078877,0.015242752489885238,0.4064487918420338,1.6397941946406127e-05,0.0010168789015953827,4.062947552972872,2.0075459681536016,101.6328400897294,0.3540147285687421,0.3522175451825226,7.594713316266809,15.025002185182155
0.15466367409314744,0.04039356848765616,6.640388927236449,0.00518623096859947,0.005113722971118562,250.7219322191439,8102.103079530928,3.116377452461906,10.232064595699391,0.20129368077504406,0.2035483937242782,0.20039618850363222,1.0666256100522975,0.3044518266781873,0.3134102696738187,0.3004085025314294,0.516380986705848,0.5034952992235152,0.00030404433848185144,0.0030159817874159077,0.00010095074788726255,0.03647748401759736,0.01528674159532097,0.40507359156401795,0.00013072185519005808,0.001470059098802132,4.077984931959018,2.027777887234021,102.20874831837939,0.3537233956270361,0.35491087050205017,7.55185458100753,15.101718114612016
0.15606407568949487,0.04036755594906887,6.605297400675072,0.005164262266315429,0.005133816614264046,251.0710862916738,8062.201895257041,3.078677836347167,10.35172084243497,0.200452044294361,0.2006331509730669,0.20110967747599673,1.0747674504134197,0.3053012400797349,0.3186970882740544,0.3019881543528651,0.5179271065516134,0.5057847526920545,0.00030425299596001555,0.003006112447060464,0.00010188761120909248,0.03640454374748243,0.01535317970361508,0.40072381638980054,0.00015356781236660933,0.0011300203187353743,4.018158186200055,2.049336177689935,102.45529672447805,0.3524712790680341,0.35233905891775125,7.630612416025847,15.12042441502162
0.1543847113570381,0.040167232087617834,6.66798883097532,0.005220539679202919,0.0050715052213571145,250.92452373215804,8073.166082587467,3.1001938247489305,10.340744966751837,0.20016032700868497,0.20333156281154185,0.20105167639568453,1.0594732729415466,0.3102060840358701,0.31761711246333985,0.3009787768817661,0.5138309354330911,0.5011548858817048,0.0003038215381020153,0.003039008112268121,0.00010316380383565622,0.03659378253292415,0.015117256606299484,0.40009940864612936,3.2848678593739057e-05,0.0014175334846595303,4.0477258842822685,2.01822554992882,104.14000047004569,0.3541045213849926,0.35623352972529704,7.758813481393385,15.07976416916307
0.1521579786653046,0.04001668817074786,6.601889920556273,0.005175577374190256,0.005124627845202162,252.17413756178306,8071.320670750339,3.1157539477019194,10.161935718877002,0.20048873788336746,0.20235900062071094,0.20058207881435702,1.0512496945505676,0.31402738722368506,0.32250951230559305,0.30137629742489686,0.5221689824917772,0.5018769633960344,0.0003042466762079194,0.0030324488366825233,0.00010309110911903195,0.03709458934603883,0.015189652489056162,0.40109387390494905,3.122876212505816e-05,0.002071954746486344,4.0304020819744855,2.0020848989163547,103.67903565676308,0.3614113765972022,0.35497311786412167,7.772176797882921,15.133499012357332
0.15174865940426094,0.04030658436777321,6.605369425459693,0.005167819653216621,0.00507568052878381,255.7879623564848,8025.730131962038,3.1044039137428405,10.233781705110918,0.20095421723816845,0.20169247552435798,0.2009348082847924,1.0600309386968505,0.3063916827579049,0.3228376432919932,0.30355631264891086,0.5216476415481781,0.5084729815315839,0.00030518828178141083,0.0030465444476192156,0.00010315073603188041,0.037089539792604015,0.015364774750741887,0.40059762369842766,5.76871244004177e-05,0.0013935522477560181,4.022433764239343,2.0024830566252017,104.07585887398916,0.35927200522823893,0.35603607012055105,7.633769245529859,15.09861567656287
0.1539322048292087,0.040859807186356234,6.613719337750338,0.005238081582083343,0.005023474816739466,250.35432109230706,8264.663366024513,3.0566823335786184,10.372307441878311,0.2002519037732121,0.2021115718437398,0.20269365025712408,1.0550916406665696,0.30661436992018504,0.3204547588087258,0.30451404124462145,0.5213107734760166,0.5109171538901869,0.0003070866691512908,0.003078405439457846,0.00010457489582918995,0.03668427479666027,0.015357296023308431,0.400026492475783,6.35700024473079e-06,0.0008912352828776226,4.009286766920328,2.044048629692174,104.20792523056322,0.36008870289090467,0.35685554761096167,7.651666677016706,15.03033783550992
0.1555416298001811,0.04145047340079694,6.559320125228662,0.005289308739725428,0.005056121099881602,255.20481489516823,8225.727285249988,3.1168968626765645,10.435422253308078,0.2003545054497326,0.20267747289155183,0.20566666347717427,1.0591972148304316,0.3091491274596044,0.3209622683700092,0.3052107666887679,0.5244027780366652,0.5085678811355664,0.0003062308360686417,0.003054748290107223,0.00010361463668677486,0.03638207512637943,0.015277500780426993,0.4024002357404387,3.196320360555325e-05,0.0008349429284561912,4.021102306767901,2.0059764885998614,103.89460487638257,0.35699569287546773,0.3583640262988406,7.646172484621967,15.118227157292324
0.15595569632527023,0.0410141331489251,6.515756189800022,0.005281639589507595,0.005102527995101431,255.22526664801288,8258.243165988837,3.0813169674537684,10.361436545511271,0.20201113506018473,0.20194118862367083,0.20750416274793898,1.0590013463596817,0.3099620010482979,0.31749960706952135,0.3089377737588288,0.5249473638719941,0.5127597284590976,0.0003017370532422092,0.0030702463418068164,0.00010403913176107298,0.036131651857315976,0.015257443301711934,0.4001925385063119,2.4229190085811947e-05,0.0017032706822902896,4.021218435522995,2.0076796722644965,105.70196674829683,0.3557030553925662,0.3613919807654789,7.5700337604590295,15.067048072664349
0.15648450522587046,0.04092401833566318,6.502453786083315,0.005325281572488144,0.00510139595973321,256.79566938180733,8289.911462121758,3.0878211893421037,10.423272872499206,0.20034016754844658,0.2004649171362445,0.20833273180636902,1.0477450792320773,0.3138961882076367,0.3241476566842073,0.30805009598410904,0.5283418956435103,0.5173836319699434,0.00030171208434938277,0.0030884132323236455,0.00010341456882030463,0.03671123303853833,0.015339423565993094,0.40838750353142883,0.00015849895557181766,0.0006610082263581168,4.081488458828494,2.031641793925731,104.91705989132079,0.36216527825096423,0.3621238383873246,7.550051455351948,15.22180925768732
0.15715520426705387,0.04041801405741306,6.504267450429182,0.005302829436541122,0.005202914523469594,261.237566572189,8293.824968008399,3.0914823413555905,10.488462867371334,0.20092122956587677,0.20150947797182256,0.2087199182411715,1.050318116113772,0.31028613679124517,0.3269870102037882,0.3145689146886876,0.5295892014978948,0.5226377114320123,0.00030335460845752404,0.003057849409512567,0.00010480041682395401,0.036429728433558364,0.015197636585158866,0.41151927567185126,7.430046297649272e-05,0.0015632931069874104,4.098729543334773,2.02207433262448,105.2729479182189,0.35893078545935897,0.3622425142745444,7.523298479495627,15.257655790745035
0.1602044074634361,0.04004601810941845,6.581529743726473,0.005332566499363545,0.005168593443512867,260.44126754002986,8320.522388894226,3.092215520105644,10.387866203123753,0.20043302680797986,0.20428601862061677,0.21001400366835926,1.0321320272784165,0.3156872527508844,0.32856614451747673,0.31771582605352344,0.5330333542961503,0.5175907293503303,0.00030677714330658545,0.0030430265475117012,0.00010667365861692105,0.036146383377846994,0.015242373513070902,0.4160236608027293,5.604549907708167e-05,0.001897898612543189,4.067458799244087,2.015218218140335,105.90774361894732,0.3613404885409982,0.3668140745018911,7.5567701254112505,15.244010396942853
0.16065345454378496,0.040269685065639556,6.531471379094119,0.005412360456330773,0.005137278235884825,261.5969166463507,8293.661447992134,3.1011195685369284,10.217311604547445,0.2001289598432854,0.20593856415825681,0.20820804681670244,1.0370918594073546,0.32098334580621507,0.33160189942502644,0.3159149382791088,0.5300396717378898,0.5167022875954024,0.00030504552722639876,0.003024047894841546,0.00010731237886105304,0.03584244385012209,0.015262433518190264,0.40731180098599507,5.083544868785231e-05,0.0022113297425627463,4.0437587837079745,2.0144271676350787,105.22992712009028,0.3604602989761795,0.3633521242763794,7.59201017200293,15.167941880157422
0.16311620587480014,0.040097940124058276,6.555444124151617,0.0054015438864775086,0.005177320964809862,262.85842116309556,8231.962759104432,3.100646765550932,10.260528860015258,0.2001777858380998,0.20460627690786462,0.21261062461127628,1.0403182552816896,0.32090346451925605,0.3343693465065606,0.3170574571793132,0.5350595741097094,0.5144879442170659,0.00030295432861438004,0.0030008911940138648,0.00010787603616997981,0.03627259989275087,0.015449422726451143,0.4060317348287887,4.277462129296148e-05,0.0009685039648029505,4.073877086521578,2.025840060443709,106.64720136981212,0.3593211459393729,0.36586514548832255,7.651936192686649,15.098326268154683
0.16552176651636358,0.04004433136039187,6.540961142668589,0.005381847022316037,0.005098178477735429,265.4382163788496,8251.268721500146,3.0989967447912377,10.21421939494327,0.20049343519496496,0.20471294135219878,0.2115949144953069,1.04616673782794,0.31851092019246247,0.33274180695028416,0.3157842099332988,0.5350661327224833,0.5115484729851772,0.0003069334898916223,0.0030350320327418535,0.00010707797620166965,0.03583447761956125,0.015372305249288136,0.4024765959936114,2.9488494279154423e-05,0.002148217209591417,4.07700998410343,2.0194134672450055,104.71948774766773,0.3607370044537156,0.36764316775408096,7.626914365635226,15.187049618985094
0.16465391559440157,0.04020118389720736,6.578119082367621,0.005269753314321882,0.0050507487574642865,271.9131504083021,8186.2514064095285,3.1131860681679377,10.27928509918508,0.20224965107563542,0.20370144454608274,0.21104022767602393,1.0357941612649788,0.3189431125131681,0.3391833737208225,0.31653797542559764,0.5348429410599418,0.5108199662522779,0.00030566702062919456,0.00303584370961224,0.00010751390513106598,0.03589547435794435,0.015438120726744557,0.40296485649583236,4.591998833980987e-05,0.001485257977141804,4.049429095177511,2.004658715434044,104.96331725509908,0.3665145652222469,0.3673065945512828,7.574439392978319,15.21053903086006
0.16550156575866598,0.04038322982607536,6.571453389117369,0.00526283096397029,0.005029396146972935,272.522095142395,8170.764309803063,3.159459716178494,10.117355017524218,0.2011598705997509,0.20301485763856844,0.21176333256836946,1.033445435253418,0.3175354004070451,0.3392202814586577,0.31740470510441,0.5298773431183417,0.5082350673769427,0.00030646739945831196,0.003053494443481413,0.00010664358260028998,0.03580916475349991,0.015617537819476226,0.40660670984867303,9.668695260200334e-05,0.0019047477675122849,4.023643763724001,2.023394019602747,104.9488901472157,0.3686042647857886,0.37015205198362183,7.645664440192898,15.700947209012226
0.16464372462442056,0.04055730069007729,6.546676418362103,0.005275885828775533,0.005030562733281026,272.5416910777035,8182.193369351374,3.147550327857833,10.018085584701156,0.20113840548224413,0.20415083348779753,0.2122969403461298,1.0172532958049765,0.31725906973980694,0.33825473829142333,0.31886757688021994,0.5323281277025912,0.5086835006876848,0.00031352487378800465,0.0030409812033263058,0.00010561997644001465,0.036074886101062645,0.015596896407148102,0.4100593069962356,6.911354540090428e-05,0.0018004092951959046,4.121776433296441,2.0120152503931537,105.83443127840336,0.3679572275203814,0.369906202896625,7.566922536688856,15.706417455602061
0.16582560941404254,0.0403198372811824,6.55409610647589,0.005281527582762348,0.005094711294066187,273.40226883968364,8201.728057698083,3.141309158651854,10.19686292157194,0.20241580809885745,0.20171957178743696,0.20974016154910502,1.012131844496337,0.3225823685675607,0.340322603568246,0.31915108528919106,0.5341060339001793,0.5032858637825485,0.0003054515042141068,0.0030318518150967088,0.00010547863348419171,0.036378679961559544,0.015556900800892086,0.41644223366260485,1.3895385642415315e-05,0.0020371251269694093,4.105278910755813,2.0063887856046643,107.95504735873213,0.3666918835503038,0.36907664380073624,7.576242328777065,16.025953648552434
0.16331938758787673,0.04019495540764475,6.5647677051326925,0.005296281265330789,0.005136334564350076,267.81814491051983,8207.363775587013,3.179872641778248,10.151729235385194,0.2000789250718092,0.20324626880192181,0.20807414507035946,1.0124823375578453,0.32011085687079516,0.3406034190254404,0.31739691921614216,0.5320704219625396,0.5120798831414618,0.000300526728972055,0.003065498021759423,0.00010683108672241539,0.03596663666999274,0.015697196007857395,0.41817695889924095,9.551119340444285e-05,0.0017936958962887419,4.070612984998139,2.0013247640627148,109.69618035387478,0.37006931159387657,0.3753662722908558,7.632870917027932,16.021328122277406
0.16491207846724038,0.040007453102119825,6.605525758689561,0.005360223058625837,0.005175534057450187,265.16088819272966,8209.036017745851,3.198940709015766,10.145644603872649,0.2004093808202347,0.20300214076508713,0.2071138085168569,1.0017956795339031,0.32578704362939787,0.34560663109500017,0.3202439040000574,0.5310685461225998,0.5082615258411661,0.00030267375919419974,0.0030655320402443965,0.00010594304058892102,0.035493202889683495,0.015376253812616912,0.4127662915518311,0.0001536263471651795,0.0015613461259510431,4.104358769489336,2.0299915156577355,109.07460009629213,0.36448360989580014,0.3747429041322997,7.609069381813654,16.03281783943514
0.1672738284554344,0.04034498754000172,6.601630711917422,0.005308408344092393,0.005271947742372922,265.82178737883663,8280.385777557693,3.196055234206718,10.379333346497866,0.20006740036515822,0.20334099040250292,0.2089526359158696,1.0086236667978872,0.3184301586048866,0.3470676626378491,0.3181422884172163,0.5277829348103943,0.5214030420606571,0.00030292809740142254,0.0030272025453555837,0.00010650276201312189,0.035611400803625556,0.015462823608193543,0.41394870768692277,2.9412569505609293e-05,0.0006214524378725372,4.053784850059169,2.0226832999991204,108.683981456557,0.36620582473632407,0.37528790885178887,7.585977640769287,16.12246949201171
